account_id,cf_user_id,monthly_salary,avg_daily_spend,min_balance_eom,liquidity_ratio,discretionary_ratio,initial_vault_savings,high_yield_intent,cluster_id,persona_name,persona_th,persona_desc,recommended_sweep_pct,scam_vulnerability,vault_friction_level,fixed_rent,fixed_debt,fixed_utilities,emergency_buffer,total_fixed_obligations,rent_ratio,debt_ratio,util_ratio,living_type,debt_type
ACC_0060,USER_0000,32000.0,618.08,3548.4,0.1109,0.2973,6813.97,0,0,Paycheck-to-Paycheck Spender,มนุษย์เงินเดือนชนเดือน (สภาพคล่องจำกัดปลายเดือน),"First Jobber รายได้ 18,000–35,000 บาท ใช้ชีวิตเดือนชนเดือน ต้องการระบบออมเงินอัตโนมัติแบบไม่ต้องจดบันทึก และสามารถดึงเงินคืนเข้าบัญชีหลักได้ทันที 100% เมื่อถึงกำหนดจ่ายค่าเช่าหรือบิล",0.06,MODERATE,FLEXIBLE,8240.0,5600.0,2250.0,2700.0,16090.0,0.2575,0.175,0.0703,ผ่อนห้องชุดคอนโดมิเนียม,ผ่อนสมาร์ตโฟน & แท็บเล็ต
ACC_0061,USER_0001,36000.0,684.7,8306.0,0.2307,0.206,15191.51,0,0,Paycheck-to-Paycheck Spender,มนุษย์เงินเดือนชนเดือน (สภาพคล่องจำกัดปลายเดือน),"First Jobber รายได้ 18,000–35,000 บาท ใช้ชีวิตเดือนชนเดือน ต้องการระบบออมเงินอัตโนมัติแบบไม่ต้องจดบันทึก และสามารถดึงเงินคืนเข้าบัญชีหลักได้ทันที 100% เมื่อถึงกำหนดจ่ายค่าเช่าหรือบิล",0.06,MODERATE,FLEXIBLE,8480.0,3090.0,2430.0,2700.0,14000.0,0.2356,0.0858,0.0675,ผ่อนห้องชุดคอนโดมิเนียม,ผ่อนสมาร์ตโฟน & แท็บเล็ต
ACC_0062,USER_0002,36000.0,624.9,7382.0,0.2051,0.2983,2540.08,0,0,Paycheck-to-Paycheck Spender,มนุษย์เงินเดือนชนเดือน (สภาพคล่องจำกัดปลายเดือน),"First Jobber รายได้ 18,000–35,000 บาท ใช้ชีวิตเดือนชนเดือน ต้องการระบบออมเงินอัตโนมัติแบบไม่ต้องจดบันทึก และสามารถดึงเงินคืนเข้าบัญชีหลักได้ทันที 100% เมื่อถึงกำหนดจ่ายค่าเช่าหรือบิล",0.06,MODERATE,FLEXIBLE,8120.0,5480.0,2520.0,1500.0,16120.0,0.2256,0.1522,0.07,เช่าคอนโดติดรถไฟฟ้า,ผ่อนบัตรเครดิต & สินเชื่อ
ACC_0063,USER_0003,20000.0,656.66,2406.8,0.1203,0.1687,10863.06,0,1,High-Yield Seeker Novice,ผู้แสวงหาผลตอบแทนสูง (มีเงินเก็บ ต้องการดอกเบี้ยสูง),"First Jobber รายได้ 24,000–45,000 บาท มีเงินเก็บก้อนแรก 30,000–100,000 บาท มองหาผลตอบแทนดอกเบี้ยสูง ป้องกันความเสี่ยงจากการหลอกลงทุนด้วย Protected Vault Protocol",0.12,HIGH,MAXIMUM,3290.0,0.0,1170.0,6100.0,4460.0,0.1645,0.0,0.0585,เช่าอพาร์ตเมนต์ราคาประหยัด,ไม่มีหนี้ผ่อนชำระ
ACC_0064,USER_0004,24000.0,558.39,1992.2,0.083,0.2291,8065.58,0,0,Paycheck-to-Paycheck Spender,มนุษย์เงินเดือนชนเดือน (สภาพคล่องจำกัดปลายเดือน),"First Jobber รายได้ 18,000–35,000 บาท ใช้ชีวิตเดือนชนเดือน ต้องการระบบออมเงินอัตโนมัติแบบไม่ต้องจดบันทึก และสามารถดึงเงินคืนเข้าบัญชีหลักได้ทันที 100% เมื่อถึงกำหนดจ่ายค่าเช่าหรือบิล",0.06,MODERATE,FLEXIBLE,6240.0,2030.0,2570.0,2000.0,10840.0,0.26,0.0846,0.1071,เช่าอพาร์ตเมนต์ชานเมือง,ผ่อนหนี้ กยศ.
ACC_0065,USER_0005,24000.0,610.2,5656.0,0.2357,0.251,5498.32,0,1,High-Yield Seeker Novice,ผู้แสวงหาผลตอบแทนสูง (มีเงินเก็บ ต้องการดอกเบี้ยสูง),"First Jobber รายได้ 24,000–45,000 บาท มีเงินเก็บก้อนแรก 30,000–100,000 บาท มองหาผลตอบแทนดอกเบี้ยสูง ป้องกันความเสี่ยงจากการหลอกลงทุนด้วย Protected Vault Protocol",0.12,HIGH,MAXIMUM,4550.0,0.0,1590.0,7100.0,6140.0,0.1896,0.0,0.0662,เช่าห้องพักสไตล์มินิมอล,ไม่มีหนี้ผ่อนชำระ
ACC_0066,USER_0006,32000.0,564.54,7239.2,0.2262,0.1501,4468.6,0,0,Paycheck-to-Paycheck Spender,มนุษย์เงินเดือนชนเดือน (สภาพคล่องจำกัดปลายเดือน),"First Jobber รายได้ 18,000–35,000 บาท ใช้ชีวิตเดือนชนเดือน ต้องการระบบออมเงินอัตโนมัติแบบไม่ต้องจดบันทึก และสามารถดึงเงินคืนเข้าบัญชีหลักได้ทันที 100% เมื่อถึงกำหนดจ่ายค่าเช่าหรือบิล",0.06,MODERATE,FLEXIBLE,8980.0,3110.0,1380.0,3400.0,13470.0,0.2806,0.0972,0.0431,เช่าอพาร์ตเมนต์ชานเมือง,ผ่อนสมาร์ตโฟน & แท็บเล็ต
ACC_0067,USER_0007,28000.0,596.23,4955.4,0.177,0.2589,10733.62,0,0,Paycheck-to-Paycheck Spender,มนุษย์เงินเดือนชนเดือน (สภาพคล่องจำกัดปลายเดือน),"First Jobber รายได้ 18,000–35,000 บาท ใช้ชีวิตเดือนชนเดือน ต้องการระบบออมเงินอัตโนมัติแบบไม่ต้องจดบันทึก และสามารถดึงเงินคืนเข้าบัญชีหลักได้ทันที 100% เมื่อถึงกำหนดจ่ายค่าเช่าหรือบิล",0.06,MODERATE,FLEXIBLE,7240.0,2280.0,1600.0,2000.0,11120.0,0.2586,0.0814,0.0571,ผ่อนห้องชุดคอนโดมิเนียม,ผ่อนค่างวดรถมอเตอร์ไซค์
ACC_0068,USER_0008,36000.0,523.34,10353.2,0.2876,0.1147,6149.94,0,0,Paycheck-to-Paycheck Spender,มนุษย์เงินเดือนชนเดือน (สภาพคล่องจำกัดปลายเดือน),"First Jobber รายได้ 18,000–35,000 บาท ใช้ชีวิตเดือนชนเดือน ต้องการระบบออมเงินอัตโนมัติแบบไม่ต้องจดบันทึก และสามารถดึงเงินคืนเข้าบัญชีหลักได้ทันที 100% เมื่อถึงกำหนดจ่ายค่าเช่าหรือบิล",0.06,MODERATE,FLEXIBLE,9700.0,3000.0,2480.0,2000.0,15180.0,0.2694,0.0833,0.0689,เช่าอพาร์ตเมนต์ชานเมือง,ผ่อนสมาร์ตโฟน & แท็บเล็ต
ACC_0069,USER_0009,24000.0,630.06,6048.8,0.252,0.2827,6739.99,0,1,High-Yield Seeker Novice,ผู้แสวงหาผลตอบแทนสูง (มีเงินเก็บ ต้องการดอกเบี้ยสูง),"First Jobber รายได้ 24,000–45,000 บาท มีเงินเก็บก้อนแรก 30,000–100,000 บาท มองหาผลตอบแทนดอกเบี้ยสูง ป้องกันความเสี่ยงจากการหลอกลงทุนด้วย Protected Vault Protocol",0.12,HIGH,MAXIMUM,4360.0,0.0,990.0,9800.0,5350.0,0.1817,0.0,0.0412,พักกับครอบครัว/ที่บ้าน,ไม่มีหนี้ผ่อนชำระ
ACC_0070,USER_0010,32000.0,578.04,5639.2,0.1762,0.1621,16839.69,0,0,Paycheck-to-Paycheck Spender,มนุษย์เงินเดือนชนเดือน (สภาพคล่องจำกัดปลายเดือน),"First Jobber รายได้ 18,000–35,000 บาท ใช้ชีวิตเดือนชนเดือน ต้องการระบบออมเงินอัตโนมัติแบบไม่ต้องจดบันทึก และสามารถดึงเงินคืนเข้าบัญชีหลักได้ทันที 100% เมื่อถึงกำหนดจ่ายค่าเช่าหรือบิล",0.06,MODERATE,FLEXIBLE,8480.0,3820.0,2500.0,3000.0,14800.0,0.265,0.1194,0.0781,ผ่อนห้องชุดคอนโดมิเนียม,ผ่อนค่างวดรถมอเตอร์ไซค์
ACC_0071,USER_0011,36000.0,603.13,6657.4,0.1849,0.2661,4969.2,0,0,Paycheck-to-Paycheck Spender,มนุษย์เงินเดือนชนเดือน (สภาพคล่องจำกัดปลายเดือน),"First Jobber รายได้ 18,000–35,000 บาท ใช้ชีวิตเดือนชนเดือน ต้องการระบบออมเงินอัตโนมัติแบบไม่ต้องจดบันทึก และสามารถดึงเงินคืนเข้าบัญชีหลักได้ทันที 100% เมื่อถึงกำหนดจ่ายค่าเช่าหรือบิล",0.06,MODERATE,FLEXIBLE,9970.0,4760.0,2550.0,3200.0,17280.0,0.2769,0.1322,0.0708,เช่าคอนโดติดรถไฟฟ้า,ผ่อนสมาร์ตโฟน & แท็บเล็ต
ACC_0072,USER_0012,24000.0,681.45,4401.0,0.1834,0.2616,3707.81,0,1,High-Yield Seeker Novice,ผู้แสวงหาผลตอบแทนสูง (มีเงินเก็บ ต้องการดอกเบี้ยสูง),"First Jobber รายได้ 24,000–45,000 บาท มีเงินเก็บก้อนแรก 30,000–100,000 บาท มองหาผลตอบแทนดอกเบี้ยสูง ป้องกันความเสี่ยงจากการหลอกลงทุนด้วย Protected Vault Protocol",0.12,HIGH,MAXIMUM,4400.0,0.0,1570.0,7800.0,5970.0,0.1833,0.0,0.0654,เช่าห้องพักสไตล์มินิมอล,ไม่มีหนี้ผ่อนชำระ
ACC_0073,USER_0013,24000.0,583.76,6584.8,0.2744,0.2787,12283.04,0,1,High-Yield Seeker Novice,ผู้แสวงหาผลตอบแทนสูง (มีเงินเก็บ ต้องการดอกเบี้ยสูง),"First Jobber รายได้ 24,000–45,000 บาท มีเงินเก็บก้อนแรก 30,000–100,000 บาท มองหาผลตอบแทนดอกเบี้ยสูง ป้องกันความเสี่ยงจากการหลอกลงทุนด้วย Protected Vault Protocol",0.12,HIGH,MAXIMUM,3630.0,1200.0,910.0,9900.0,5740.0,0.1512,0.05,0.0379,เช่าห้องพักสไตล์มินิมอล,ผ่อนอุปกรณ์ไอที/คอมพิวเตอร์
ACC_0074,USER_0014,36000.0,602.34,10483.2,0.2912,0.2675,5235.24,0,0,Paycheck-to-Paycheck Spender,มนุษย์เงินเดือนชนเดือน (สภาพคล่องจำกัดปลายเดือน),"First Jobber รายได้ 18,000–35,000 บาท ใช้ชีวิตเดือนชนเดือน ต้องการระบบออมเงินอัตโนมัติแบบไม่ต้องจดบันทึก และสามารถดึงเงินคืนเข้าบัญชีหลักได้ทันที 100% เมื่อถึงกำหนดจ่ายค่าเช่าหรือบิล",0.06,MODERATE,FLEXIBLE,8980.0,2930.0,1560.0,2900.0,13470.0,0.2494,0.0814,0.0433,ผ่อนห้องชุดคอนโดมิเนียม,ผ่อนบัตรเครดิต & สินเชื่อ
ACC_0075,USER_0015,28000.0,580.14,1557.2,0.0556,0.2627,11103.04,0,0,Paycheck-to-Paycheck Spender,มนุษย์เงินเดือนชนเดือน (สภาพคล่องจำกัดปลายเดือน),"First Jobber รายได้ 18,000–35,000 บาท ใช้ชีวิตเดือนชนเดือน ต้องการระบบออมเงินอัตโนมัติแบบไม่ต้องจดบันทึก และสามารถดึงเงินคืนเข้าบัญชีหลักได้ทันที 100% เมื่อถึงกำหนดจ่ายค่าเช่าหรือบิล",0.06,MODERATE,FLEXIBLE,7860.0,4830.0,2150.0,3300.0,14840.0,0.2807,0.1725,0.0768,เช่าคอนโดติดรถไฟฟ้า,ผ่อนค่างวดรถมอเตอร์ไซค์
ACC_0076,USER_0016,20000.0,620.72,2935.6,0.1468,0.189,6973.28,0,1,High-Yield Seeker Novice,ผู้แสวงหาผลตอบแทนสูง (มีเงินเก็บ ต้องการดอกเบี้ยสูง),"First Jobber รายได้ 24,000–45,000 บาท มีเงินเก็บก้อนแรก 30,000–100,000 บาท มองหาผลตอบแทนดอกเบี้ยสูง ป้องกันความเสี่ยงจากการหลอกลงทุนด้วย Protected Vault Protocol",0.12,HIGH,MAXIMUM,3520.0,0.0,1130.0,8200.0,4650.0,0.176,0.0,0.0565,เช่าห้องพักสไตล์มินิมอล,ไม่มีหนี้ผ่อนชำระ
ACC_0077,USER_0017,28000.0,619.41,931.8,0.0333,0.2586,16705.74,0,0,Paycheck-to-Paycheck Spender,มนุษย์เงินเดือนชนเดือน (สภาพคล่องจำกัดปลายเดือน),"First Jobber รายได้ 18,000–35,000 บาท ใช้ชีวิตเดือนชนเดือน ต้องการระบบออมเงินอัตโนมัติแบบไม่ต้องจดบันทึก และสามารถดึงเงินคืนเข้าบัญชีหลักได้ทันที 100% เมื่อถึงกำหนดจ่ายค่าเช่าหรือบิล",0.06,MODERATE,FLEXIBLE,8200.0,4030.0,2450.0,2400.0,14680.0,0.2929,0.1439,0.0875,เช่าคอนโดติดรถไฟฟ้า,ผ่อนหนี้ กยศ.
ACC_0078,USER_0018,36000.0,653.75,4785.0,0.1329,0.2491,2770.9,0,0,Paycheck-to-Paycheck Spender,มนุษย์เงินเดือนชนเดือน (สภาพคล่องจำกัดปลายเดือน),"First Jobber รายได้ 18,000–35,000 บาท ใช้ชีวิตเดือนชนเดือน ต้องการระบบออมเงินอัตโนมัติแบบไม่ต้องจดบันทึก และสามารถดึงเงินคืนเข้าบัญชีหลักได้ทันที 100% เมื่อถึงกำหนดจ่ายค่าเช่าหรือบิล",0.06,MODERATE,FLEXIBLE,10490.0,5620.0,2030.0,3000.0,18140.0,0.2914,0.1561,0.0564,ผ่อนห้องชุดคอนโดมิเนียม,ผ่อนหนี้ กยศ.
ACC_0079,USER_0019,28000.0,634.7,2916.0,0.1041,0.2931,10010.69,0,0,Paycheck-to-Paycheck Spender,มนุษย์เงินเดือนชนเดือน (สภาพคล่องจำกัดปลายเดือน),"First Jobber รายได้ 18,000–35,000 บาท ใช้ชีวิตเดือนชนเดือน ต้องการระบบออมเงินอัตโนมัติแบบไม่ต้องจดบันทึก และสามารถดึงเงินคืนเข้าบัญชีหลักได้ทันที 100% เมื่อถึงกำหนดจ่ายค่าเช่าหรือบิล",0.06,MODERATE,FLEXIBLE,7620.0,3440.0,1330.0,1700.0,12390.0,0.2721,0.1229,0.0475,ผ่อนห้องชุดคอนโดมิเนียม,ผ่อนค่างวดรถมอเตอร์ไซค์
ACC_0080,USER_0020,36000.0,618.23,7455.4,0.2071,0.2217,10350.65,0,0,Paycheck-to-Paycheck Spender,มนุษย์เงินเดือนชนเดือน (สภาพคล่องจำกัดปลายเดือน),"First Jobber รายได้ 18,000–35,000 บาท ใช้ชีวิตเดือนชนเดือน ต้องการระบบออมเงินอัตโนมัติแบบไม่ต้องจดบันทึก และสามารถดึงเงินคืนเข้าบัญชีหลักได้ทันที 100% เมื่อถึงกำหนดจ่ายค่าเช่าหรือบิล",0.06,MODERATE,FLEXIBLE,10210.0,4010.0,1960.0,3300.0,16180.0,0.2836,0.1114,0.0544,ผ่อนห้องชุดคอนโดมิเนียม,ผ่อนหนี้ กยศ.
ACC_0081,USER_0021,24000.0,627.86,5072.8,0.2114,0.2491,7686.71,0,1,High-Yield Seeker Novice,ผู้แสวงหาผลตอบแทนสูง (มีเงินเก็บ ต้องการดอกเบี้ยสูง),"First Jobber รายได้ 24,000–45,000 บาท มีเงินเก็บก้อนแรก 30,000–100,000 บาท มองหาผลตอบแทนดอกเบี้ยสูง ป้องกันความเสี่ยงจากการหลอกลงทุนด้วย Protected Vault Protocol",0.12,HIGH,MAXIMUM,4150.0,1200.0,1020.0,4900.0,6370.0,0.1729,0.05,0.0425,เช่าอพาร์ตเมนต์ราคาประหยัด,ผ่อนสมาร์ตโฟน 0%
ACC_0082,USER_0022,32000.0,629.9,3952.0,0.1235,0.258,6403.61,0,0,Paycheck-to-Paycheck Spender,มนุษย์เงินเดือนชนเดือน (สภาพคล่องจำกัดปลายเดือน),"First Jobber รายได้ 18,000–35,000 บาท ใช้ชีวิตเดือนชนเดือน ต้องการระบบออมเงินอัตโนมัติแบบไม่ต้องจดบันทึก และสามารถดึงเงินคืนเข้าบัญชีหลักได้ทันที 100% เมื่อถึงกำหนดจ่ายค่าเช่าหรือบิล",0.06,MODERATE,FLEXIBLE,7560.0,5540.0,2350.0,2800.0,15450.0,0.2362,0.1731,0.0734,เช่าอพาร์ตเมนต์ชานเมือง,ผ่อนค่างวดรถมอเตอร์ไซค์
ACC_0083,USER_0023,20000.0,565.35,3083.0,0.1542,0.2316,6112.68,0,1,High-Yield Seeker Novice,ผู้แสวงหาผลตอบแทนสูง (มีเงินเก็บ ต้องการดอกเบี้ยสูง),"First Jobber รายได้ 24,000–45,000 บาท มีเงินเก็บก้อนแรก 30,000–100,000 บาท มองหาผลตอบแทนดอกเบี้ยสูง ป้องกันความเสี่ยงจากการหลอกลงทุนด้วย Protected Vault Protocol",0.12,HIGH,MAXIMUM,4090.0,0.0,1520.0,7500.0,5610.0,0.2045,0.0,0.076,พักกับครอบครัว/ที่บ้าน,ไม่มีหนี้ผ่อนชำระ
ACC_0084,USER_0024,36000.0,559.35,9813.0,0.2726,0.2444,2736.66,0,0,Paycheck-to-Paycheck Spender,มนุษย์เงินเดือนชนเดือน (สภาพคล่องจำกัดปลายเดือน),"First Jobber รายได้ 18,000–35,000 บาท ใช้ชีวิตเดือนชนเดือน ต้องการระบบออมเงินอัตโนมัติแบบไม่ต้องจดบันทึก และสามารถดึงเงินคืนเข้าบัญชีหลักได้ทันที 100% เมื่อถึงกำหนดจ่ายค่าเช่าหรือบิล",0.06,MODERATE,FLEXIBLE,8360.0,4160.0,2480.0,2000.0,15000.0,0.2322,0.1156,0.0689,ผ่อนห้องชุดคอนโดมิเนียม,ผ่อนสมาร์ตโฟน & แท็บเล็ต
ACC_0085,USER_0025,28000.0,683.89,3232.2,0.1154,0.2573,11925.98,0,0,Paycheck-to-Paycheck Spender,มนุษย์เงินเดือนชนเดือน (สภาพคล่องจำกัดปลายเดือน),"First Jobber รายได้ 18,000–35,000 บาท ใช้ชีวิตเดือนชนเดือน ต้องการระบบออมเงินอัตโนมัติแบบไม่ต้องจดบันทึก และสามารถดึงเงินคืนเข้าบัญชีหลักได้ทันที 100% เมื่อถึงกำหนดจ่ายค่าเช่าหรือบิล",0.06,MODERATE,FLEXIBLE,6160.0,3230.0,1700.0,1800.0,11090.0,0.22,0.1154,0.0607,ผ่อนห้องชุดคอนโดมิเนียม,ผ่อนบัตรเครดิต & สินเชื่อ
ACC_0086,USER_0026,36000.0,684.13,5627.4,0.1563,0.2337,5241.71,0,0,Paycheck-to-Paycheck Spender,มนุษย์เงินเดือนชนเดือน (สภาพคล่องจำกัดปลายเดือน),"First Jobber รายได้ 18,000–35,000 บาท ใช้ชีวิตเดือนชนเดือน ต้องการระบบออมเงินอัตโนมัติแบบไม่ต้องจดบันทึก และสามารถดึงเงินคืนเข้าบัญชีหลักได้ทันที 100% เมื่อถึงกำหนดจ่ายค่าเช่าหรือบิล",0.06,MODERATE,FLEXIBLE,9670.0,5370.0,1650.0,2000.0,16690.0,0.2686,0.1492,0.0458,ผ่อนห้องชุดคอนโดมิเนียม,ผ่อนสมาร์ตโฟน & แท็บเล็ต
ACC_0087,USER_0027,24000.0,596.07,7148.6,0.2979,0.2222,12500.23,0,1,High-Yield Seeker Novice,ผู้แสวงหาผลตอบแทนสูง (มีเงินเก็บ ต้องการดอกเบี้ยสูง),"First Jobber รายได้ 24,000–45,000 บาท มีเงินเก็บก้อนแรก 30,000–100,000 บาท มองหาผลตอบแทนดอกเบี้ยสูง ป้องกันความเสี่ยงจากการหลอกลงทุนด้วย Protected Vault Protocol",0.12,HIGH,MAXIMUM,3780.0,0.0,1150.0,4900.0,4930.0,0.1575,0.0,0.0479,พักกับครอบครัว/ที่บ้าน,ไม่มีหนี้ผ่อนชำระ
ACC_0088,USER_0028,28000.0,585.07,2558.6,0.0914,0.2098,12360.82,0,0,Paycheck-to-Paycheck Spender,มนุษย์เงินเดือนชนเดือน (สภาพคล่องจำกัดปลายเดือน),"First Jobber รายได้ 18,000–35,000 บาท ใช้ชีวิตเดือนชนเดือน ต้องการระบบออมเงินอัตโนมัติแบบไม่ต้องจดบันทึก และสามารถดึงเงินคืนเข้าบัญชีหลักได้ทันที 100% เมื่อถึงกำหนดจ่ายค่าเช่าหรือบิล",0.06,MODERATE,FLEXIBLE,8850.0,2940.0,1950.0,2100.0,13740.0,0.3161,0.105,0.0696,เช่าคอนโดติดรถไฟฟ้า,ผ่อนค่างวดรถมอเตอร์ไซค์
ACC_0089,USER_0029,24000.0,600.09,6138.2,0.2558,0.3235,9995.11,0,1,High-Yield Seeker Novice,ผู้แสวงหาผลตอบแทนสูง (มีเงินเก็บ ต้องการดอกเบี้ยสูง),"First Jobber รายได้ 24,000–45,000 บาท มีเงินเก็บก้อนแรก 30,000–100,000 บาท มองหาผลตอบแทนดอกเบี้ยสูง ป้องกันความเสี่ยงจากการหลอกลงทุนด้วย Protected Vault Protocol",0.12,HIGH,MAXIMUM,3430.0,1200.0,1230.0,4800.0,5860.0,0.1429,0.05,0.0512,เช่าห้องพักสไตล์มินิมอล,ผ่อนอุปกรณ์ไอที/คอมพิวเตอร์
ACC_0090,USER_0030,28000.0,652.24,1855.2,0.0663,0.2188,4448.87,0,0,Paycheck-to-Paycheck Spender,มนุษย์เงินเดือนชนเดือน (สภาพคล่องจำกัดปลายเดือน),"First Jobber รายได้ 18,000–35,000 บาท ใช้ชีวิตเดือนชนเดือน ต้องการระบบออมเงินอัตโนมัติแบบไม่ต้องจดบันทึก และสามารถดึงเงินคืนเข้าบัญชีหลักได้ทันที 100% เมื่อถึงกำหนดจ่ายค่าเช่าหรือบิล",0.06,MODERATE,FLEXIBLE,8700.0,2910.0,1490.0,2500.0,13100.0,0.3107,0.1039,0.0532,เช่าอพาร์ตเมนต์ชานเมือง,ผ่อนค่างวดรถมอเตอร์ไซค์
ACC_0091,USER_0031,36000.0,554.28,9914.4,0.2754,0.2492,5216.06,0,0,Paycheck-to-Paycheck Spender,มนุษย์เงินเดือนชนเดือน (สภาพคล่องจำกัดปลายเดือน),"First Jobber รายได้ 18,000–35,000 บาท ใช้ชีวิตเดือนชนเดือน ต้องการระบบออมเงินอัตโนมัติแบบไม่ต้องจดบันทึก และสามารถดึงเงินคืนเข้าบัญชีหลักได้ทันที 100% เมื่อถึงกำหนดจ่ายค่าเช่าหรือบิล",0.06,MODERATE,FLEXIBLE,10050.0,3170.0,1780.0,2000.0,15000.0,0.2792,0.0881,0.0494,เช่าอพาร์ตเมนต์ชานเมือง,ผ่อนค่างวดรถมอเตอร์ไซค์
ACC_0092,USER_0032,28000.0,599.66,1716.8,0.0613,0.2195,16174.09,0,0,Paycheck-to-Paycheck Spender,มนุษย์เงินเดือนชนเดือน (สภาพคล่องจำกัดปลายเดือน),"First Jobber รายได้ 18,000–35,000 บาท ใช้ชีวิตเดือนชนเดือน ต้องการระบบออมเงินอัตโนมัติแบบไม่ต้องจดบันทึก และสามารถดึงเงินคืนเข้าบัญชีหลักได้ทันที 100% เมื่อถึงกำหนดจ่ายค่าเช่าหรือบิล",0.06,MODERATE,FLEXIBLE,7480.0,4990.0,1820.0,3100.0,14290.0,0.2671,0.1782,0.065,เช่าคอนโดติดรถไฟฟ้า,ผ่อนบัตรเครดิต & สินเชื่อ
ACC_0093,USER_0033,36000.0,645.28,9124.4,0.2535,0.174,11701.67,0,0,Paycheck-to-Paycheck Spender,มนุษย์เงินเดือนชนเดือน (สภาพคล่องจำกัดปลายเดือน),"First Jobber รายได้ 18,000–35,000 บาท ใช้ชีวิตเดือนชนเดือน ต้องการระบบออมเงินอัตโนมัติแบบไม่ต้องจดบันทึก และสามารถดึงเงินคืนเข้าบัญชีหลักได้ทันที 100% เมื่อถึงกำหนดจ่ายค่าเช่าหรือบิล",0.06,MODERATE,FLEXIBLE,9070.0,3550.0,1350.0,2700.0,13970.0,0.2519,0.0986,0.0375,ผ่อนห้องชุดคอนโดมิเนียม,ผ่อนค่างวดรถมอเตอร์ไซค์
ACC_0094,USER_0034,36000.0,584.73,10015.4,0.2782,0.2935,13510.17,0,0,Paycheck-to-Paycheck Spender,มนุษย์เงินเดือนชนเดือน (สภาพคล่องจำกัดปลายเดือน),"First Jobber รายได้ 18,000–35,000 บาท ใช้ชีวิตเดือนชนเดือน ต้องการระบบออมเงินอัตโนมัติแบบไม่ต้องจดบันทึก และสามารถดึงเงินคืนเข้าบัญชีหลักได้ทันที 100% เมื่อถึงกำหนดจ่ายค่าเช่าหรือบิล",0.06,MODERATE,FLEXIBLE,7980.0,4720.0,1590.0,2800.0,14290.0,0.2217,0.1311,0.0442,เช่าคอนโดติดรถไฟฟ้า,ผ่อนบัตรเครดิต & สินเชื่อ
ACC_0095,USER_0035,28000.0,546.1,3728.0,0.1331,0.181,5660.86,0,0,Paycheck-to-Paycheck Spender,มนุษย์เงินเดือนชนเดือน (สภาพคล่องจำกัดปลายเดือน),"First Jobber รายได้ 18,000–35,000 บาท ใช้ชีวิตเดือนชนเดือน ต้องการระบบออมเงินอัตโนมัติแบบไม่ต้องจดบันทึก และสามารถดึงเงินคืนเข้าบัญชีหลักได้ทันที 100% เมื่อถึงกำหนดจ่ายค่าเช่าหรือบิล",0.06,MODERATE,FLEXIBLE,7270.0,3690.0,2390.0,2900.0,13350.0,0.2596,0.1318,0.0854,เช่าคอนโดติดรถไฟฟ้า,ผ่อนบัตรเครดิต & สินเชื่อ
ACC_0096,USER_0036,36000.0,605.64,8187.2,0.2274,0.2611,5434.99,0,0,Paycheck-to-Paycheck Spender,มนุษย์เงินเดือนชนเดือน (สภาพคล่องจำกัดปลายเดือน),"First Jobber รายได้ 18,000–35,000 บาท ใช้ชีวิตเดือนชนเดือน ต้องการระบบออมเงินอัตโนมัติแบบไม่ต้องจดบันทึก และสามารถดึงเงินคืนเข้าบัญชีหลักได้ทันที 100% เมื่อถึงกำหนดจ่ายค่าเช่าหรือบิล",0.06,MODERATE,FLEXIBLE,8670.0,4830.0,2200.0,2000.0,15700.0,0.2408,0.1342,0.0611,เช่าอพาร์ตเมนต์ชานเมือง,ผ่อนค่างวดรถมอเตอร์ไซค์
ACC_0097,USER_0037,24000.0,601.5,6510.0,0.2712,0.2094,15391.11,0,1,High-Yield Seeker Novice,ผู้แสวงหาผลตอบแทนสูง (มีเงินเก็บ ต้องการดอกเบี้ยสูง),"First Jobber รายได้ 24,000–45,000 บาท มีเงินเก็บก้อนแรก 30,000–100,000 บาท มองหาผลตอบแทนดอกเบี้ยสูง ป้องกันความเสี่ยงจากการหลอกลงทุนด้วย Protected Vault Protocol",0.12,HIGH,MAXIMUM,4430.0,0.0,1030.0,5000.0,5460.0,0.1846,0.0,0.0429,เช่าห้องพักสไตล์มินิมอล,ไม่มีหนี้ผ่อนชำระ
ACC_0098,USER_0038,20000.0,595.73,1745.4,0.0873,0.2054,13716.28,0,1,High-Yield Seeker Novice,ผู้แสวงหาผลตอบแทนสูง (มีเงินเก็บ ต้องการดอกเบี้ยสูง),"First Jobber รายได้ 24,000–45,000 บาท มีเงินเก็บก้อนแรก 30,000–100,000 บาท มองหาผลตอบแทนดอกเบี้ยสูง ป้องกันความเสี่ยงจากการหลอกลงทุนด้วย Protected Vault Protocol",0.12,HIGH,MAXIMUM,4240.0,1000.0,1100.0,6400.0,6340.0,0.212,0.05,0.055,เช่าอพาร์ตเมนต์ราคาประหยัด,ผ่อนอุปกรณ์ไอที/คอมพิวเตอร์
ACC_0099,USER_0039,32000.0,594.74,3035.2,0.0948,0.2524,12756.46,0,0,Paycheck-to-Paycheck Spender,มนุษย์เงินเดือนชนเดือน (สภาพคล่องจำกัดปลายเดือน),"First Jobber รายได้ 18,000–35,000 บาท ใช้ชีวิตเดือนชนเดือน ต้องการระบบออมเงินอัตโนมัติแบบไม่ต้องจดบันทึก และสามารถดึงเงินคืนเข้าบัญชีหลักได้ทันที 100% เมื่อถึงกำหนดจ่ายค่าเช่าหรือบิล",0.06,MODERATE,FLEXIBLE,9880.0,5060.0,2130.0,1700.0,17070.0,0.3088,0.1581,0.0666,เช่าอพาร์ตเมนต์ชานเมือง,ผ่อนค่างวดรถมอเตอร์ไซค์
ACC_0100,USER_0040,24000.0,681.58,4718.4,0.1966,0.2289,10694.48,0,1,High-Yield Seeker Novice,ผู้แสวงหาผลตอบแทนสูง (มีเงินเก็บ ต้องการดอกเบี้ยสูง),"First Jobber รายได้ 24,000–45,000 บาท มีเงินเก็บก้อนแรก 30,000–100,000 บาท มองหาผลตอบแทนดอกเบี้ยสูง ป้องกันความเสี่ยงจากการหลอกลงทุนด้วย Protected Vault Protocol",0.12,HIGH,MAXIMUM,4500.0,0.0,1150.0,5000.0,5650.0,0.1875,0.0,0.0479,เช่าห้องพักสไตล์มินิมอล,ไม่มีหนี้ผ่อนชำระ
ACC_0101,USER_0041,28000.0,584.79,4324.2,0.1544,0.2801,10262.38,0,0,Paycheck-to-Paycheck Spender,มนุษย์เงินเดือนชนเดือน (สภาพคล่องจำกัดปลายเดือน),"First Jobber รายได้ 18,000–35,000 บาท ใช้ชีวิตเดือนชนเดือน ต้องการระบบออมเงินอัตโนมัติแบบไม่ต้องจดบันทึก และสามารถดึงเงินคืนเข้าบัญชีหลักได้ทันที 100% เมื่อถึงกำหนดจ่ายค่าเช่าหรือบิล",0.06,MODERATE,FLEXIBLE,6950.0,3100.0,1930.0,2400.0,11980.0,0.2482,0.1107,0.0689,เช่าคอนโดติดรถไฟฟ้า,ผ่อนบัตรเครดิต & สินเชื่อ
ACC_0102,USER_0042,36000.0,629.39,6912.2,0.192,0.1914,11562.91,0,0,Paycheck-to-Paycheck Spender,มนุษย์เงินเดือนชนเดือน (สภาพคล่องจำกัดปลายเดือน),"First Jobber รายได้ 18,000–35,000 บาท ใช้ชีวิตเดือนชนเดือน ต้องการระบบออมเงินอัตโนมัติแบบไม่ต้องจดบันทึก และสามารถดึงเงินคืนเข้าบัญชีหลักได้ทันที 100% เมื่อถึงกำหนดจ่ายค่าเช่าหรือบิล",0.06,MODERATE,FLEXIBLE,9500.0,4800.0,2200.0,2000.0,16500.0,0.2639,0.1333,0.0611,เช่าคอนโดติดรถไฟฟ้า,ผ่อนสมาร์ตโฟน & บัตรเครดิต
ACC_0103,USER_0043,20000.0,554.81,4133.8,0.2067,0.2122,8913.78,0,1,High-Yield Seeker Novice,ผู้แสวงหาผลตอบแทนสูง (มีเงินเก็บ ต้องการดอกเบี้ยสูง),"First Jobber รายได้ 24,000–45,000 บาท มีเงินเก็บก้อนแรก 30,000–100,000 บาท มองหาผลตอบแทนดอกเบี้ยสูง ป้องกันความเสี่ยงจากการหลอกลงทุนด้วย Protected Vault Protocol",0.12,HIGH,MAXIMUM,3850.0,0.0,920.0,6500.0,4770.0,0.1925,0.0,0.046,เช่าอพาร์ตเมนต์ราคาประหยัด,ไม่มีหนี้ผ่อนชำระ
ACC_0104,USER_0044,32000.0,593.95,8671.0,0.271,0.2257,4366.73,0,0,Paycheck-to-Paycheck Spender,มนุษย์เงินเดือนชนเดือน (สภาพคล่องจำกัดปลายเดือน),"First Jobber รายได้ 18,000–35,000 บาท ใช้ชีวิตเดือนชนเดือน ต้องการระบบออมเงินอัตโนมัติแบบไม่ต้องจดบันทึก และสามารถดึงเงินคืนเข้าบัญชีหลักได้ทันที 100% เมื่อถึงกำหนดจ่ายค่าเช่าหรือบิล",0.06,MODERATE,FLEXIBLE,6800.0,3200.0,1450.0,3500.0,11450.0,0.2125,0.1,0.0453,เช่าอพาร์ตเมนต์ชานเมือง,ผ่อน กยศ. และอุปกรณ์ไอที
ACC_0105,USER_0045,32000.0,681.27,2574.6,0.0805,0.2552,3339.84,0,0,Paycheck-to-Paycheck Spender,มนุษย์เงินเดือนชนเดือน (สภาพคล่องจำกัดปลายเดือน),"First Jobber รายได้ 18,000–35,000 บาท ใช้ชีวิตเดือนชนเดือน ต้องการระบบออมเงินอัตโนมัติแบบไม่ต้องจดบันทึก และสามารถดึงเงินคืนเข้าบัญชีหลักได้ทันที 100% เมื่อถึงกำหนดจ่ายค่าเช่าหรือบิล",0.06,MODERATE,FLEXIBLE,9580.0,4170.0,2050.0,2500.0,15800.0,0.2994,0.1303,0.0641,เช่าคอนโดติดรถไฟฟ้า,ผ่อนค่างวดรถมอเตอร์ไซค์
ACC_0106,USER_0046,28000.0,571.24,9825.2,0.3509,0.2158,2137.04,0,0,Paycheck-to-Paycheck Spender,มนุษย์เงินเดือนชนเดือน (สภาพคล่องจำกัดปลายเดือน),"First Jobber รายได้ 18,000–35,000 บาท ใช้ชีวิตเดือนชนเดือน ต้องการระบบออมเงินอัตโนมัติแบบไม่ต้องจดบันทึก และสามารถดึงเงินคืนเข้าบัญชีหลักได้ทันที 100% เมื่อถึงกำหนดจ่ายค่าเช่าหรือบิล",0.06,MODERATE,FLEXIBLE,3000.0,2500.0,1250.0,8000.0,6750.0,0.1071,0.0893,0.0446,พักอาศัยกับครอบครัว,ผ่อนค่างวดรถมอเตอร์ไซค์
ACC_0107,USER_0047,36000.0,580.43,4281.4,0.1189,0.2215,4603.28,0,0,Paycheck-to-Paycheck Spender,มนุษย์เงินเดือนชนเดือน (สภาพคล่องจำกัดปลายเดือน),"First Jobber รายได้ 18,000–35,000 บาท ใช้ชีวิตเดือนชนเดือน ต้องการระบบออมเงินอัตโนมัติแบบไม่ต้องจดบันทึก และสามารถดึงเงินคืนเข้าบัญชีหลักได้ทันที 100% เมื่อถึงกำหนดจ่ายค่าเช่าหรือบิล",0.06,MODERATE,FLEXIBLE,11310.0,6310.0,2490.0,2200.0,20110.0,0.3142,0.1753,0.0692,เช่าคอนโดติดรถไฟฟ้า,ผ่อนบัตรเครดิต & สินเชื่อ
ACC_0108,USER_0048,24000.0,609.46,5100.8,0.2125,0.2578,5737.78,0,1,High-Yield Seeker Novice,ผู้แสวงหาผลตอบแทนสูง (มีเงินเก็บ ต้องการดอกเบี้ยสูง),"First Jobber รายได้ 24,000–45,000 บาท มีเงินเก็บก้อนแรก 30,000–100,000 บาท มองหาผลตอบแทนดอกเบี้ยสูง ป้องกันความเสี่ยงจากการหลอกลงทุนด้วย Protected Vault Protocol",0.12,HIGH,MAXIMUM,5140.0,0.0,1570.0,9800.0,6710.0,0.2142,0.0,0.0654,เช่าห้องพักสไตล์มินิมอล,ไม่มีหนี้ผ่อนชำระ
ACC_0109,USER_0049,36000.0,618.64,9907.2,0.2752,0.2469,11783.37,0,0,Paycheck-to-Paycheck Spender,มนุษย์เงินเดือนชนเดือน (สภาพคล่องจำกัดปลายเดือน),"First Jobber รายได้ 18,000–35,000 บาท ใช้ชีวิตเดือนชนเดือน ต้องการระบบออมเงินอัตโนมัติแบบไม่ต้องจดบันทึก และสามารถดึงเงินคืนเข้าบัญชีหลักได้ทันที 100% เมื่อถึงกำหนดจ่ายค่าเช่าหรือบิล",0.06,MODERATE,FLEXIBLE,8190.0,3980.0,1550.0,2000.0,13720.0,0.2275,0.1106,0.0431,ผ่อนห้องชุดคอนโดมิเนียม,ผ่อนค่างวดรถมอเตอร์ไซค์
ACC_0110,USER_0050,38000.0,621.09,5828.2,0.1534,0.2838,3856.94,0,0,Paycheck-to-Paycheck Spender,มนุษย์เงินเดือนชนเดือน (สภาพคล่องจำกัดปลายเดือน),"First Jobber รายได้ 18,000–35,000 บาท ใช้ชีวิตเดือนชนเดือน ต้องการระบบออมเงินอัตโนมัติแบบไม่ต้องจดบันทึก และสามารถดึงเงินคืนเข้าบัญชีหลักได้ทันที 100% เมื่อถึงกำหนดจ่ายค่าเช่าหรือบิล",0.06,MODERATE,FLEXIBLE,11500.0,5800.0,2450.0,1500.0,19750.0,0.3026,0.1526,0.0645,ผ่อนห้องชุดคอนโดมิเนียม,หนี้บัตรกดเงินสด & สินเชื่อ
ACC_0111,USER_0051,20000.0,630.72,2135.6,0.1068,0.1649,11794.72,0,1,High-Yield Seeker Novice,ผู้แสวงหาผลตอบแทนสูง (มีเงินเก็บ ต้องการดอกเบี้ยสูง),"First Jobber รายได้ 24,000–45,000 บาท มีเงินเก็บก้อนแรก 30,000–100,000 บาท มองหาผลตอบแทนดอกเบี้ยสูง ป้องกันความเสี่ยงจากการหลอกลงทุนด้วย Protected Vault Protocol",0.12,HIGH,MAXIMUM,3130.0,1000.0,1120.0,5900.0,5250.0,0.1565,0.05,0.056,พักกับครอบครัว/ที่บ้าน,ผ่อนอุปกรณ์ไอที/คอมพิวเตอร์
ACC_0112,USER_0052,28000.0,637.32,2093.6,0.0748,0.1736,8000.91,0,0,Paycheck-to-Paycheck Spender,มนุษย์เงินเดือนชนเดือน (สภาพคล่องจำกัดปลายเดือน),"First Jobber รายได้ 18,000–35,000 บาท ใช้ชีวิตเดือนชนเดือน ต้องการระบบออมเงินอัตโนมัติแบบไม่ต้องจดบันทึก และสามารถดึงเงินคืนเข้าบัญชีหลักได้ทันที 100% เมื่อถึงกำหนดจ่ายค่าเช่าหรือบิล",0.06,MODERATE,FLEXIBLE,7060.0,4620.0,1480.0,2900.0,13160.0,0.2521,0.165,0.0529,ผ่อนห้องชุดคอนโดมิเนียม,ผ่อนบัตรเครดิต & สินเชื่อ
ACC_0113,USER_0053,28000.0,664.2,2676.0,0.0956,0.2227,15631.77,0,0,Paycheck-to-Paycheck Spender,มนุษย์เงินเดือนชนเดือน (สภาพคล่องจำกัดปลายเดือน),"First Jobber รายได้ 18,000–35,000 บาท ใช้ชีวิตเดือนชนเดือน ต้องการระบบออมเงินอัตโนมัติแบบไม่ต้องจดบันทึก และสามารถดึงเงินคืนเข้าบัญชีหลักได้ทันที 100% เมื่อถึงกำหนดจ่ายค่าเช่าหรือบิล",0.06,MODERATE,FLEXIBLE,6990.0,3420.0,1630.0,2700.0,12040.0,0.2496,0.1221,0.0582,เช่าอพาร์ตเมนต์ชานเมือง,ผ่อนหนี้ กยศ.
ACC_0114,USER_0054,32000.0,566.37,4782.6,0.1495,0.2022,4426.11,0,0,Paycheck-to-Paycheck Spender,มนุษย์เงินเดือนชนเดือน (สภาพคล่องจำกัดปลายเดือน),"First Jobber รายได้ 18,000–35,000 บาท ใช้ชีวิตเดือนชนเดือน ต้องการระบบออมเงินอัตโนมัติแบบไม่ต้องจดบันทึก และสามารถดึงเงินคืนเข้าบัญชีหลักได้ทันที 100% เมื่อถึงกำหนดจ่ายค่าเช่าหรือบิล",0.06,MODERATE,FLEXIBLE,8640.0,5110.0,2140.0,2900.0,15890.0,0.27,0.1597,0.0669,เช่าอพาร์ตเมนต์ชานเมือง,ผ่อนค่างวดรถมอเตอร์ไซค์
ACC_0115,USER_0055,24000.0,573.3,1084.0,0.0452,0.2168,5137.48,0,0,Paycheck-to-Paycheck Spender,มนุษย์เงินเดือนชนเดือน (สภาพคล่องจำกัดปลายเดือน),"First Jobber รายได้ 18,000–35,000 บาท ใช้ชีวิตเดือนชนเดือน ต้องการระบบออมเงินอัตโนมัติแบบไม่ต้องจดบันทึก และสามารถดึงเงินคืนเข้าบัญชีหลักได้ทันที 100% เมื่อถึงกำหนดจ่ายค่าเช่าหรือบิล",0.06,MODERATE,FLEXIBLE,7410.0,1990.0,2050.0,2400.0,11450.0,0.3088,0.0829,0.0854,ผ่อนห้องชุดคอนโดมิเนียม,ผ่อนสมาร์ตโฟน & แท็บเล็ต
ACC_0116,USER_0056,24000.0,537.15,7677.0,0.3199,0.2243,8002.7,0,1,High-Yield Seeker Novice,ผู้แสวงหาผลตอบแทนสูง (มีเงินเก็บ ต้องการดอกเบี้ยสูง),"First Jobber รายได้ 24,000–45,000 บาท มีเงินเก็บก้อนแรก 30,000–100,000 บาท มองหาผลตอบแทนดอกเบี้ยสูง ป้องกันความเสี่ยงจากการหลอกลงทุนด้วย Protected Vault Protocol",0.12,HIGH,MAXIMUM,3990.0,0.0,1590.0,9100.0,5580.0,0.1662,0.0,0.0662,พักกับครอบครัว/ที่บ้าน,ไม่มีหนี้ผ่อนชำระ
ACC_0117,USER_0057,28000.0,546.6,6108.0,0.2181,0.2374,9222.58,0,0,Paycheck-to-Paycheck Spender,มนุษย์เงินเดือนชนเดือน (สภาพคล่องจำกัดปลายเดือน),"First Jobber รายได้ 18,000–35,000 บาท ใช้ชีวิตเดือนชนเดือน ต้องการระบบออมเงินอัตโนมัติแบบไม่ต้องจดบันทึก และสามารถดึงเงินคืนเข้าบัญชีหลักได้ทันที 100% เมื่อถึงกำหนดจ่ายค่าเช่าหรือบิล",0.06,MODERATE,FLEXIBLE,6250.0,2340.0,2370.0,2200.0,10960.0,0.2232,0.0836,0.0846,เช่าคอนโดติดรถไฟฟ้า,ผ่อนบัตรเครดิต & สินเชื่อ
ACC_0118,USER_0058,36000.0,633.13,6027.4,0.1674,0.2531,17082.43,0,0,Paycheck-to-Paycheck Spender,มนุษย์เงินเดือนชนเดือน (สภาพคล่องจำกัดปลายเดือน),"First Jobber รายได้ 18,000–35,000 บาท ใช้ชีวิตเดือนชนเดือน ต้องการระบบออมเงินอัตโนมัติแบบไม่ต้องจดบันทึก และสามารถดึงเงินคืนเข้าบัญชีหลักได้ทันที 100% เมื่อถึงกำหนดจ่ายค่าเช่าหรือบิล",0.06,MODERATE,FLEXIBLE,10900.0,3860.0,2550.0,2400.0,17310.0,0.3028,0.1072,0.0708,เช่าอพาร์ตเมนต์ชานเมือง,ผ่อนบัตรเครดิต & สินเชื่อ
ACC_0119,USER_0059,24000.0,602.32,6853.6,0.2856,0.2398,15565.5,0,1,High-Yield Seeker Novice,ผู้แสวงหาผลตอบแทนสูง (มีเงินเก็บ ต้องการดอกเบี้ยสูง),"First Jobber รายได้ 24,000–45,000 บาท มีเงินเก็บก้อนแรก 30,000–100,000 บาท มองหาผลตอบแทนดอกเบี้ยสูง ป้องกันความเสี่ยงจากการหลอกลงทุนด้วย Protected Vault Protocol",0.12,HIGH,MAXIMUM,3730.0,0.0,1370.0,5300.0,5100.0,0.1554,0.0,0.0571,เช่าห้องพักสไตล์มินิมอล,ไม่มีหนี้ผ่อนชำระ
ACC_0120,USER_0060,20000.0,607.84,1613.2,0.0807,0.2331,12847.29,0,1,High-Yield Seeker Novice,ผู้แสวงหาผลตอบแทนสูง (มีเงินเก็บ ต้องการดอกเบี้ยสูง),"First Jobber รายได้ 24,000–45,000 บาท มีเงินเก็บก้อนแรก 30,000–100,000 บาท มองหาผลตอบแทนดอกเบี้ยสูง ป้องกันความเสี่ยงจากการหลอกลงทุนด้วย Protected Vault Protocol",0.12,HIGH,MAXIMUM,4350.0,1000.0,880.0,6700.0,6230.0,0.2175,0.05,0.044,เช่าอพาร์ตเมนต์ราคาประหยัด,ผ่อนอุปกรณ์ไอที/คอมพิวเตอร์
ACC_0121,USER_0061,32000.0,572.95,6221.0,0.1944,0.2057,3781.29,0,0,Paycheck-to-Paycheck Spender,มนุษย์เงินเดือนชนเดือน (สภาพคล่องจำกัดปลายเดือน),"First Jobber รายได้ 18,000–35,000 บาท ใช้ชีวิตเดือนชนเดือน ต้องการระบบออมเงินอัตโนมัติแบบไม่ต้องจดบันทึก และสามารถดึงเงินคืนเข้าบัญชีหลักได้ทันที 100% เมื่อถึงกำหนดจ่ายค่าเช่าหรือบิล",0.06,MODERATE,FLEXIBLE,9420.0,3360.0,1540.0,1700.0,14320.0,0.2944,0.105,0.0481,ผ่อนห้องชุดคอนโดมิเนียม,ผ่อนบัตรเครดิต & สินเชื่อ
ACC_0122,USER_0062,28000.0,670.92,1601.6,0.0572,0.218,4511.87,0,0,Paycheck-to-Paycheck Spender,มนุษย์เงินเดือนชนเดือน (สภาพคล่องจำกัดปลายเดือน),"First Jobber รายได้ 18,000–35,000 บาท ใช้ชีวิตเดือนชนเดือน ต้องการระบบออมเงินอัตโนมัติแบบไม่ต้องจดบันทึก และสามารถดึงเงินคืนเข้าบัญชีหลักได้ทันที 100% เมื่อถึงกำหนดจ่ายค่าเช่าหรือบิล",0.06,MODERATE,FLEXIBLE,8090.0,2400.0,2490.0,2400.0,12980.0,0.2889,0.0857,0.0889,เช่าอพาร์ตเมนต์ชานเมือง,ผ่อนสมาร์ตโฟน & แท็บเล็ต
ACC_0123,USER_0063,32000.0,581.58,4708.4,0.1471,0.266,13143.51,0,0,Paycheck-to-Paycheck Spender,มนุษย์เงินเดือนชนเดือน (สภาพคล่องจำกัดปลายเดือน),"First Jobber รายได้ 18,000–35,000 บาท ใช้ชีวิตเดือนชนเดือน ต้องการระบบออมเงินอัตโนมัติแบบไม่ต้องจดบันทึก และสามารถดึงเงินคืนเข้าบัญชีหลักได้ทันที 100% เมื่อถึงกำหนดจ่ายค่าเช่าหรือบิล",0.06,MODERATE,FLEXIBLE,9330.0,4670.0,1660.0,3400.0,15660.0,0.2916,0.1459,0.0519,ผ่อนห้องชุดคอนโดมิเนียม,ผ่อนค่างวดรถมอเตอร์ไซค์
ACC_0124,USER_0064,28000.0,662.49,1240.2,0.0443,0.2736,3697.04,0,0,Paycheck-to-Paycheck Spender,มนุษย์เงินเดือนชนเดือน (สภาพคล่องจำกัดปลายเดือน),"First Jobber รายได้ 18,000–35,000 บาท ใช้ชีวิตเดือนชนเดือน ต้องการระบบออมเงินอัตโนมัติแบบไม่ต้องจดบันทึก และสามารถดึงเงินคืนเข้าบัญชีหลักได้ทันที 100% เมื่อถึงกำหนดจ่ายค่าเช่าหรือบิล",0.06,MODERATE,FLEXIBLE,7710.0,3950.0,1850.0,2000.0,13510.0,0.2754,0.1411,0.0661,ผ่อนห้องชุดคอนโดมิเนียม,ผ่อนบัตรเครดิต & สินเชื่อ
ACC_0125,USER_0065,24000.0,567.52,8139.6,0.3392,0.3006,10107.62,0,1,High-Yield Seeker Novice,ผู้แสวงหาผลตอบแทนสูง (มีเงินเก็บ ต้องการดอกเบี้ยสูง),"First Jobber รายได้ 24,000–45,000 บาท มีเงินเก็บก้อนแรก 30,000–100,000 บาท มองหาผลตอบแทนดอกเบี้ยสูง ป้องกันความเสี่ยงจากการหลอกลงทุนด้วย Protected Vault Protocol",0.12,HIGH,MAXIMUM,3590.0,0.0,920.0,5000.0,4510.0,0.1496,0.0,0.0383,พักกับครอบครัว/ที่บ้าน,ไม่มีหนี้ผ่อนชำระ
ACC_0126,USER_0066,32000.0,640.66,2676.8,0.0836,0.2795,3682.75,0,0,Paycheck-to-Paycheck Spender,มนุษย์เงินเดือนชนเดือน (สภาพคล่องจำกัดปลายเดือน),"First Jobber รายได้ 18,000–35,000 บาท ใช้ชีวิตเดือนชนเดือน ต้องการระบบออมเงินอัตโนมัติแบบไม่ต้องจดบันทึก และสามารถดึงเงินคืนเข้าบัญชีหลักได้ทันที 100% เมื่อถึงกำหนดจ่ายค่าเช่าหรือบิล",0.06,MODERATE,FLEXIBLE,9780.0,4810.0,1920.0,1700.0,16510.0,0.3056,0.1503,0.06,เช่าคอนโดติดรถไฟฟ้า,ผ่อนหนี้ กยศ.
ACC_0127,USER_0067,20000.0,557.06,4168.8,0.2084,0.1738,10381.33,0,1,High-Yield Seeker Novice,ผู้แสวงหาผลตอบแทนสูง (มีเงินเก็บ ต้องการดอกเบี้ยสูง),"First Jobber รายได้ 24,000–45,000 บาท มีเงินเก็บก้อนแรก 30,000–100,000 บาท มองหาผลตอบแทนดอกเบี้ยสูง ป้องกันความเสี่ยงจากการหลอกลงทุนด้วย Protected Vault Protocol",0.12,HIGH,MAXIMUM,3350.0,0.0,1340.0,4800.0,4690.0,0.1675,0.0,0.067,พักกับครอบครัว/ที่บ้าน,ไม่มีหนี้ผ่อนชำระ
ACC_0128,USER_0068,32000.0,691.61,4607.8,0.144,0.2699,15866.19,0,0,Paycheck-to-Paycheck Spender,มนุษย์เงินเดือนชนเดือน (สภาพคล่องจำกัดปลายเดือน),"First Jobber รายได้ 18,000–35,000 บาท ใช้ชีวิตเดือนชนเดือน ต้องการระบบออมเงินอัตโนมัติแบบไม่ต้องจดบันทึก และสามารถดึงเงินคืนเข้าบัญชีหลักได้ทันที 100% เมื่อถึงกำหนดจ่ายค่าเช่าหรือบิล",0.06,MODERATE,FLEXIBLE,9070.0,2700.0,1790.0,2800.0,13560.0,0.2834,0.0844,0.0559,เช่าอพาร์ตเมนต์ชานเมือง,ผ่อนค่างวดรถมอเตอร์ไซค์
ACC_0129,USER_0069,28000.0,620.73,1435.4,0.0513,0.2781,11128.51,0,0,Paycheck-to-Paycheck Spender,มนุษย์เงินเดือนชนเดือน (สภาพคล่องจำกัดปลายเดือน),"First Jobber รายได้ 18,000–35,000 บาท ใช้ชีวิตเดือนชนเดือน ต้องการระบบออมเงินอัตโนมัติแบบไม่ต้องจดบันทึก และสามารถดึงเงินคืนเข้าบัญชีหลักได้ทันที 100% เมื่อถึงกำหนดจ่ายค่าเช่าหรือบิล",0.06,MODERATE,FLEXIBLE,8560.0,4080.0,1510.0,1600.0,14150.0,0.3057,0.1457,0.0539,ผ่อนห้องชุดคอนโดมิเนียม,ผ่อนสมาร์ตโฟน & แท็บเล็ต
ACC_0130,USER_0070,28000.0,561.11,4147.8,0.1481,0.2697,4266.08,0,0,Paycheck-to-Paycheck Spender,มนุษย์เงินเดือนชนเดือน (สภาพคล่องจำกัดปลายเดือน),"First Jobber รายได้ 18,000–35,000 บาท ใช้ชีวิตเดือนชนเดือน ต้องการระบบออมเงินอัตโนมัติแบบไม่ต้องจดบันทึก และสามารถดึงเงินคืนเข้าบัญชีหลักได้ทันที 100% เมื่อถึงกำหนดจ่ายค่าเช่าหรือบิล",0.06,MODERATE,FLEXIBLE,6230.0,3880.0,2520.0,2700.0,12630.0,0.2225,0.1386,0.09,เช่าอพาร์ตเมนต์ชานเมือง,ผ่อนหนี้ กยศ.
ACC_0131,USER_0071,32000.0,637.3,4114.0,0.1286,0.1937,12402.46,0,0,Paycheck-to-Paycheck Spender,มนุษย์เงินเดือนชนเดือน (สภาพคล่องจำกัดปลายเดือน),"First Jobber รายได้ 18,000–35,000 บาท ใช้ชีวิตเดือนชนเดือน ต้องการระบบออมเงินอัตโนมัติแบบไม่ต้องจดบันทึก และสามารถดึงเงินคืนเข้าบัญชีหลักได้ทันที 100% เมื่อถึงกำหนดจ่ายค่าเช่าหรือบิล",0.06,MODERATE,FLEXIBLE,9100.0,4030.0,2010.0,3400.0,15140.0,0.2844,0.1259,0.0628,ผ่อนห้องชุดคอนโดมิเนียม,ผ่อนบัตรเครดิต & สินเชื่อ
ACC_0132,USER_0072,32000.0,638.68,2096.4,0.0655,0.2109,14494.46,0,0,Paycheck-to-Paycheck Spender,มนุษย์เงินเดือนชนเดือน (สภาพคล่องจำกัดปลายเดือน),"First Jobber รายได้ 18,000–35,000 บาท ใช้ชีวิตเดือนชนเดือน ต้องการระบบออมเงินอัตโนมัติแบบไม่ต้องจดบันทึก และสามารถดึงเงินคืนเข้าบัญชีหลักได้ทันที 100% เมื่อถึงกำหนดจ่ายค่าเช่าหรือบิล",0.06,MODERATE,FLEXIBLE,10120.0,5460.0,1550.0,1600.0,17130.0,0.3162,0.1706,0.0484,ผ่อนห้องชุดคอนโดมิเนียม,ผ่อนสมาร์ตโฟน & แท็บเล็ต
ACC_0133,USER_0073,28000.0,645.23,4195.4,0.1498,0.2815,8712.14,0,0,Paycheck-to-Paycheck Spender,มนุษย์เงินเดือนชนเดือน (สภาพคล่องจำกัดปลายเดือน),"First Jobber รายได้ 18,000–35,000 บาท ใช้ชีวิตเดือนชนเดือน ต้องการระบบออมเงินอัตโนมัติแบบไม่ต้องจดบันทึก และสามารถดึงเงินคืนเข้าบัญชีหลักได้ทันที 100% เมื่อถึงกำหนดจ่ายค่าเช่าหรือบิล",0.06,MODERATE,FLEXIBLE,6210.0,2500.0,2190.0,1600.0,10900.0,0.2218,0.0893,0.0782,เช่าคอนโดติดรถไฟฟ้า,ผ่อนสมาร์ตโฟน & แท็บเล็ต
ACC_0134,USER_0074,24000.0,613.66,6006.8,0.2503,0.2086,14982.46,0,1,High-Yield Seeker Novice,ผู้แสวงหาผลตอบแทนสูง (มีเงินเก็บ ต้องการดอกเบี้ยสูง),"First Jobber รายได้ 24,000–45,000 บาท มีเงินเก็บก้อนแรก 30,000–100,000 บาท มองหาผลตอบแทนดอกเบี้ยสูง ป้องกันความเสี่ยงจากการหลอกลงทุนด้วย Protected Vault Protocol",0.12,HIGH,MAXIMUM,4670.0,0.0,1050.0,7200.0,5720.0,0.1946,0.0,0.0438,พักกับครอบครัว/ที่บ้าน,ไม่มีหนี้ผ่อนชำระ
ACC_0135,USER_0075,20000.0,554.35,2493.0,0.1246,0.2257,12581.26,0,1,High-Yield Seeker Novice,ผู้แสวงหาผลตอบแทนสูง (มีเงินเก็บ ต้องการดอกเบี้ยสูง),"First Jobber รายได้ 24,000–45,000 บาท มีเงินเก็บก้อนแรก 30,000–100,000 บาท มองหาผลตอบแทนดอกเบี้ยสูง ป้องกันความเสี่ยงจากการหลอกลงทุนด้วย Protected Vault Protocol",0.12,HIGH,MAXIMUM,3910.0,1000.0,1510.0,8500.0,6420.0,0.1955,0.05,0.0755,เช่าห้องพักสไตล์มินิมอล,ผ่อนสมาร์ตโฟน 0%
ACC_0136,USER_0076,36000.0,582.86,9602.8,0.2667,0.2365,4451.45,0,0,Paycheck-to-Paycheck Spender,มนุษย์เงินเดือนชนเดือน (สภาพคล่องจำกัดปลายเดือน),"First Jobber รายได้ 18,000–35,000 บาท ใช้ชีวิตเดือนชนเดือน ต้องการระบบออมเงินอัตโนมัติแบบไม่ต้องจดบันทึก และสามารถดึงเงินคืนเข้าบัญชีหลักได้ทันที 100% เมื่อถึงกำหนดจ่ายค่าเช่าหรือบิล",0.06,MODERATE,FLEXIBLE,8940.0,3520.0,2280.0,3100.0,14740.0,0.2483,0.0978,0.0633,เช่าคอนโดติดรถไฟฟ้า,ผ่อนหนี้ กยศ.
ACC_0137,USER_0077,36000.0,637.7,7306.0,0.2029,0.2955,17101.6,0,0,Paycheck-to-Paycheck Spender,มนุษย์เงินเดือนชนเดือน (สภาพคล่องจำกัดปลายเดือน),"First Jobber รายได้ 18,000–35,000 บาท ใช้ชีวิตเดือนชนเดือน ต้องการระบบออมเงินอัตโนมัติแบบไม่ต้องจดบันทึก และสามารถดึงเงินคืนเข้าบัญชีหลักได้ทันที 100% เมื่อถึงกำหนดจ่ายค่าเช่าหรือบิล",0.06,MODERATE,FLEXIBLE,9410.0,4220.0,2310.0,2200.0,15940.0,0.2614,0.1172,0.0642,เช่าอพาร์ตเมนต์ชานเมือง,ผ่อนค่างวดรถมอเตอร์ไซค์
ACC_0138,USER_0078,20000.0,614.68,2126.4,0.1063,0.257,13989.48,0,1,High-Yield Seeker Novice,ผู้แสวงหาผลตอบแทนสูง (มีเงินเก็บ ต้องการดอกเบี้ยสูง),"First Jobber รายได้ 24,000–45,000 บาท มีเงินเก็บก้อนแรก 30,000–100,000 บาท มองหาผลตอบแทนดอกเบี้ยสูง ป้องกันความเสี่ยงจากการหลอกลงทุนด้วย Protected Vault Protocol",0.12,HIGH,MAXIMUM,4170.0,0.0,1410.0,8600.0,5580.0,0.2085,0.0,0.0705,เช่าห้องพักสไตล์มินิมอล,ไม่มีหนี้ผ่อนชำระ
ACC_0139,USER_0079,36000.0,553.41,8901.8,0.2473,0.2785,9855.4,0,0,Paycheck-to-Paycheck Spender,มนุษย์เงินเดือนชนเดือน (สภาพคล่องจำกัดปลายเดือน),"First Jobber รายได้ 18,000–35,000 บาท ใช้ชีวิตเดือนชนเดือน ต้องการระบบออมเงินอัตโนมัติแบบไม่ต้องจดบันทึก และสามารถดึงเงินคืนเข้าบัญชีหลักได้ทันที 100% เมื่อถึงกำหนดจ่ายค่าเช่าหรือบิล",0.06,MODERATE,FLEXIBLE,9280.0,4800.0,1950.0,2300.0,16030.0,0.2578,0.1333,0.0542,เช่าคอนโดติดรถไฟฟ้า,ผ่อนหนี้ กยศ.
ACC_0140,USER_0080,36000.0,607.42,9951.6,0.2764,0.2005,13966.49,0,0,Paycheck-to-Paycheck Spender,มนุษย์เงินเดือนชนเดือน (สภาพคล่องจำกัดปลายเดือน),"First Jobber รายได้ 18,000–35,000 บาท ใช้ชีวิตเดือนชนเดือน ต้องการระบบออมเงินอัตโนมัติแบบไม่ต้องจดบันทึก และสามารถดึงเงินคืนเข้าบัญชีหลักได้ทันที 100% เมื่อถึงกำหนดจ่ายค่าเช่าหรือบิล",0.06,MODERATE,FLEXIBLE,8280.0,3070.0,2550.0,3200.0,13900.0,0.23,0.0853,0.0708,เช่าคอนโดติดรถไฟฟ้า,ผ่อนหนี้ กยศ.
ACC_0141,USER_0081,20000.0,634.91,850.0,0.0425,0.2753,16678.17,0,1,High-Yield Seeker Novice,ผู้แสวงหาผลตอบแทนสูง (มีเงินเก็บ ต้องการดอกเบี้ยสูง),"First Jobber รายได้ 24,000–45,000 บาท มีเงินเก็บก้อนแรก 30,000–100,000 บาท มองหาผลตอบแทนดอกเบี้ยสูง ป้องกันความเสี่ยงจากการหลอกลงทุนด้วย Protected Vault Protocol",0.12,HIGH,MAXIMUM,4330.0,1000.0,1210.0,7200.0,6540.0,0.2165,0.05,0.0605,เช่าห้องพักสไตล์มินิมอล,ผ่อนสมาร์ตโฟน 0%
ACC_0142,USER_0082,28000.0,613.24,3425.2,0.1223,0.2405,16432.98,0,0,Paycheck-to-Paycheck Spender,มนุษย์เงินเดือนชนเดือน (สภาพคล่องจำกัดปลายเดือน),"First Jobber รายได้ 18,000–35,000 บาท ใช้ชีวิตเดือนชนเดือน ต้องการระบบออมเงินอัตโนมัติแบบไม่ต้องจดบันทึก และสามารถดึงเงินคืนเข้าบัญชีหลักได้ทันที 100% เมื่อถึงกำหนดจ่ายค่าเช่าหรือบิล",0.06,MODERATE,FLEXIBLE,6980.0,3160.0,2170.0,3000.0,12310.0,0.2493,0.1129,0.0775,ผ่อนห้องชุดคอนโดมิเนียม,ผ่อนค่างวดรถมอเตอร์ไซค์
ACC_0143,USER_0083,36000.0,626.15,7567.0,0.2102,0.1898,13804.08,0,0,Paycheck-to-Paycheck Spender,มนุษย์เงินเดือนชนเดือน (สภาพคล่องจำกัดปลายเดือน),"First Jobber รายได้ 18,000–35,000 บาท ใช้ชีวิตเดือนชนเดือน ต้องการระบบออมเงินอัตโนมัติแบบไม่ต้องจดบันทึก และสามารถดึงเงินคืนเข้าบัญชีหลักได้ทันที 100% เมื่อถึงกำหนดจ่ายค่าเช่าหรือบิล",0.06,MODERATE,FLEXIBLE,10760.0,3210.0,1940.0,1600.0,15910.0,0.2989,0.0892,0.0539,ผ่อนห้องชุดคอนโดมิเนียม,ผ่อนสมาร์ตโฟน & แท็บเล็ต
ACC_0144,USER_0084,32000.0,614.24,4105.2,0.1283,0.1863,3493.5,0,0,Paycheck-to-Paycheck Spender,มนุษย์เงินเดือนชนเดือน (สภาพคล่องจำกัดปลายเดือน),"First Jobber รายได้ 18,000–35,000 บาท ใช้ชีวิตเดือนชนเดือน ต้องการระบบออมเงินอัตโนมัติแบบไม่ต้องจดบันทึก และสามารถดึงเงินคืนเข้าบัญชีหลักได้ทันที 100% เมื่อถึงกำหนดจ่ายค่าเช่าหรือบิล",0.06,MODERATE,FLEXIBLE,8450.0,5400.0,1760.0,1700.0,15610.0,0.2641,0.1688,0.055,เช่าคอนโดติดรถไฟฟ้า,ผ่อนสมาร์ตโฟน & แท็บเล็ต
ACC_0145,USER_0085,24000.0,595.74,3475.2,0.1448,0.2645,6528.67,0,1,High-Yield Seeker Novice,ผู้แสวงหาผลตอบแทนสูง (มีเงินเก็บ ต้องการดอกเบี้ยสูง),"First Jobber รายได้ 24,000–45,000 บาท มีเงินเก็บก้อนแรก 30,000–100,000 บาท มองหาผลตอบแทนดอกเบี้ยสูง ป้องกันความเสี่ยงจากการหลอกลงทุนด้วย Protected Vault Protocol",0.12,HIGH,MAXIMUM,4970.0,2160.0,1480.0,6800.0,8610.0,0.2071,0.09,0.0617,พักกับครอบครัว/ที่บ้าน,ผ่อนสมาร์ตโฟน 0%
ACC_0146,USER_0086,24000.0,540.99,6130.2,0.2554,0.2156,9969.75,0,1,High-Yield Seeker Novice,ผู้แสวงหาผลตอบแทนสูง (มีเงินเก็บ ต้องการดอกเบี้ยสูง),"First Jobber รายได้ 24,000–45,000 บาท มีเงินเก็บก้อนแรก 30,000–100,000 บาท มองหาผลตอบแทนดอกเบี้ยสูง ป้องกันความเสี่ยงจากการหลอกลงทุนด้วย Protected Vault Protocol",0.12,HIGH,MAXIMUM,4940.0,1200.0,910.0,5000.0,7050.0,0.2058,0.05,0.0379,เช่าอพาร์ตเมนต์ราคาประหยัด,ผ่อนอุปกรณ์ไอที/คอมพิวเตอร์
ACC_0147,USER_0087,36000.0,584.67,8466.6,0.2352,0.2073,7867.13,0,0,Paycheck-to-Paycheck Spender,มนุษย์เงินเดือนชนเดือน (สภาพคล่องจำกัดปลายเดือน),"First Jobber รายได้ 18,000–35,000 บาท ใช้ชีวิตเดือนชนเดือน ต้องการระบบออมเงินอัตโนมัติแบบไม่ต้องจดบันทึก และสามารถดึงเงินคืนเข้าบัญชีหลักได้ทันที 100% เมื่อถึงกำหนดจ่ายค่าเช่าหรือบิล",0.06,MODERATE,FLEXIBLE,9270.0,4210.0,2360.0,3400.0,15840.0,0.2575,0.1169,0.0656,เช่าคอนโดติดรถไฟฟ้า,ผ่อนบัตรเครดิต & สินเชื่อ
ACC_0148,USER_0088,24000.0,554.85,7183.0,0.2993,0.193,11206.49,0,1,High-Yield Seeker Novice,ผู้แสวงหาผลตอบแทนสูง (มีเงินเก็บ ต้องการดอกเบี้ยสูง),"First Jobber รายได้ 24,000–45,000 บาท มีเงินเก็บก้อนแรก 30,000–100,000 บาท มองหาผลตอบแทนดอกเบี้ยสูง ป้องกันความเสี่ยงจากการหลอกลงทุนด้วย Protected Vault Protocol",0.12,HIGH,MAXIMUM,4810.0,0.0,910.0,8800.0,5720.0,0.2004,0.0,0.0379,พักกับครอบครัว/ที่บ้าน,ไม่มีหนี้ผ่อนชำระ
ACC_0149,USER_0089,36000.0,641.46,7200.8,0.2,0.2874,16100.92,0,0,Paycheck-to-Paycheck Spender,มนุษย์เงินเดือนชนเดือน (สภาพคล่องจำกัดปลายเดือน),"First Jobber รายได้ 18,000–35,000 บาท ใช้ชีวิตเดือนชนเดือน ต้องการระบบออมเงินอัตโนมัติแบบไม่ต้องจดบันทึก และสามารถดึงเงินคืนเข้าบัญชีหลักได้ทันที 100% เมื่อถึงกำหนดจ่ายค่าเช่าหรือบิล",0.06,MODERATE,FLEXIBLE,10460.0,3780.0,1730.0,2400.0,15970.0,0.2906,0.105,0.0481,เช่าคอนโดติดรถไฟฟ้า,ผ่อนบัตรเครดิต & สินเชื่อ
ACC_0150,USER_0090,20000.0,682.37,1492.6,0.0746,0.2155,16537.34,0,1,High-Yield Seeker Novice,ผู้แสวงหาผลตอบแทนสูง (มีเงินเก็บ ต้องการดอกเบี้ยสูง),"First Jobber รายได้ 24,000–45,000 บาท มีเงินเก็บก้อนแรก 30,000–100,000 บาท มองหาผลตอบแทนดอกเบี้ยสูง ป้องกันความเสี่ยงจากการหลอกลงทุนด้วย Protected Vault Protocol",0.12,HIGH,MAXIMUM,3450.0,0.0,1410.0,8700.0,4860.0,0.1725,0.0,0.0705,เช่าอพาร์ตเมนต์ราคาประหยัด,ไม่มีหนี้ผ่อนชำระ
ACC_0151,USER_0091,32000.0,564.01,4589.8,0.1434,0.2859,14316.71,0,0,Paycheck-to-Paycheck Spender,มนุษย์เงินเดือนชนเดือน (สภาพคล่องจำกัดปลายเดือน),"First Jobber รายได้ 18,000–35,000 บาท ใช้ชีวิตเดือนชนเดือน ต้องการระบบออมเงินอัตโนมัติแบบไม่ต้องจดบันทึก และสามารถดึงเงินคืนเข้าบัญชีหลักได้ทันที 100% เมื่อถึงกำหนดจ่ายค่าเช่าหรือบิล",0.06,MODERATE,FLEXIBLE,9120.0,4950.0,2060.0,3400.0,16130.0,0.285,0.1547,0.0644,ผ่อนห้องชุดคอนโดมิเนียม,ผ่อนค่างวดรถมอเตอร์ไซค์
ACC_0152,USER_0092,32000.0,577.47,5570.6,0.1741,0.2468,17179.64,0,0,Paycheck-to-Paycheck Spender,มนุษย์เงินเดือนชนเดือน (สภาพคล่องจำกัดปลายเดือน),"First Jobber รายได้ 18,000–35,000 บาท ใช้ชีวิตเดือนชนเดือน ต้องการระบบออมเงินอัตโนมัติแบบไม่ต้องจดบันทึก และสามารถดึงเงินคืนเข้าบัญชีหลักได้ทันที 100% เมื่อถึงกำหนดจ่ายค่าเช่าหรือบิล",0.06,MODERATE,FLEXIBLE,7950.0,5340.0,1590.0,3400.0,14880.0,0.2484,0.1669,0.0497,เช่าคอนโดติดรถไฟฟ้า,ผ่อนค่างวดรถมอเตอร์ไซค์
ACC_0153,USER_0093,20000.0,647.18,2486.4,0.1243,0.2868,4363.2,0,1,High-Yield Seeker Novice,ผู้แสวงหาผลตอบแทนสูง (มีเงินเก็บ ต้องการดอกเบี้ยสูง),"First Jobber รายได้ 24,000–45,000 บาท มีเงินเก็บก้อนแรก 30,000–100,000 บาท มองหาผลตอบแทนดอกเบี้ยสูง ป้องกันความเสี่ยงจากการหลอกลงทุนด้วย Protected Vault Protocol",0.12,HIGH,MAXIMUM,3690.0,0.0,880.0,9600.0,4570.0,0.1845,0.0,0.044,เช่าห้องพักสไตล์มินิมอล,ไม่มีหนี้ผ่อนชำระ
ACC_0154,USER_0094,20000.0,629.01,2309.8,0.1155,0.2197,10123.58,0,1,High-Yield Seeker Novice,ผู้แสวงหาผลตอบแทนสูง (มีเงินเก็บ ต้องการดอกเบี้ยสูง),"First Jobber รายได้ 24,000–45,000 บาท มีเงินเก็บก้อนแรก 30,000–100,000 บาท มองหาผลตอบแทนดอกเบี้ยสูง ป้องกันความเสี่ยงจากการหลอกลงทุนด้วย Protected Vault Protocol",0.12,HIGH,MAXIMUM,3200.0,1000.0,910.0,5400.0,5110.0,0.16,0.05,0.0455,เช่าห้องพักสไตล์มินิมอล,ผ่อนอุปกรณ์ไอที/คอมพิวเตอร์
ACC_0155,USER_0095,20000.0,598.3,1594.0,0.0797,0.2141,12437.22,0,1,High-Yield Seeker Novice,ผู้แสวงหาผลตอบแทนสูง (มีเงินเก็บ ต้องการดอกเบี้ยสูง),"First Jobber รายได้ 24,000–45,000 บาท มีเงินเก็บก้อนแรก 30,000–100,000 บาท มองหาผลตอบแทนดอกเบี้ยสูง ป้องกันความเสี่ยงจากการหลอกลงทุนด้วย Protected Vault Protocol",0.12,HIGH,MAXIMUM,3270.0,1800.0,1370.0,6600.0,6440.0,0.1635,0.09,0.0685,เช่าอพาร์ตเมนต์ราคาประหยัด,ผ่อนสมาร์ตโฟน 0%
ACC_0156,USER_0096,24000.0,599.79,3834.2,0.1598,0.1925,7017.91,0,1,High-Yield Seeker Novice,ผู้แสวงหาผลตอบแทนสูง (มีเงินเก็บ ต้องการดอกเบี้ยสูง),"First Jobber รายได้ 24,000–45,000 บาท มีเงินเก็บก้อนแรก 30,000–100,000 บาท มองหาผลตอบแทนดอกเบี้ยสูง ป้องกันความเสี่ยงจากการหลอกลงทุนด้วย Protected Vault Protocol",0.12,HIGH,MAXIMUM,5120.0,2160.0,890.0,6700.0,8170.0,0.2133,0.09,0.0371,เช่าห้องพักสไตล์มินิมอล,ผ่อนอุปกรณ์ไอที/คอมพิวเตอร์
ACC_0157,USER_0097,28000.0,584.78,3814.4,0.1362,0.2013,14758.43,0,0,Paycheck-to-Paycheck Spender,มนุษย์เงินเดือนชนเดือน (สภาพคล่องจำกัดปลายเดือน),"First Jobber รายได้ 18,000–35,000 บาท ใช้ชีวิตเดือนชนเดือน ต้องการระบบออมเงินอัตโนมัติแบบไม่ต้องจดบันทึก และสามารถดึงเงินคืนเข้าบัญชีหลักได้ทันที 100% เมื่อถึงกำหนดจ่ายค่าเช่าหรือบิล",0.06,MODERATE,FLEXIBLE,6640.0,4050.0,1800.0,2000.0,12490.0,0.2371,0.1446,0.0643,เช่าคอนโดติดรถไฟฟ้า,ผ่อนบัตรเครดิต & สินเชื่อ
ACC_0158,USER_0098,36000.0,605.27,9184.6,0.2551,0.2741,3540.31,0,0,Paycheck-to-Paycheck Spender,มนุษย์เงินเดือนชนเดือน (สภาพคล่องจำกัดปลายเดือน),"First Jobber รายได้ 18,000–35,000 บาท ใช้ชีวิตเดือนชนเดือน ต้องการระบบออมเงินอัตโนมัติแบบไม่ต้องจดบันทึก และสามารถดึงเงินคืนเข้าบัญชีหลักได้ทันที 100% เมื่อถึงกำหนดจ่ายค่าเช่าหรือบิล",0.06,MODERATE,FLEXIBLE,8860.0,4510.0,1340.0,2100.0,14710.0,0.2461,0.1253,0.0372,เช่าคอนโดติดรถไฟฟ้า,ผ่อนค่างวดรถมอเตอร์ไซค์
ACC_0159,USER_0099,20000.0,607.81,3133.8,0.1567,0.2185,14621.54,0,1,High-Yield Seeker Novice,ผู้แสวงหาผลตอบแทนสูง (มีเงินเก็บ ต้องการดอกเบี้ยสูง),"First Jobber รายได้ 24,000–45,000 บาท มีเงินเก็บก้อนแรก 30,000–100,000 บาท มองหาผลตอบแทนดอกเบี้ยสูง ป้องกันความเสี่ยงจากการหลอกลงทุนด้วย Protected Vault Protocol",0.12,HIGH,MAXIMUM,3760.0,0.0,950.0,4900.0,4710.0,0.188,0.0,0.0475,พักกับครอบครัว/ที่บ้าน,ไม่มีหนี้ผ่อนชำระ
ACC_0160,USER_0100,24000.0,624.73,3815.4,0.159,0.2188,15334.29,0,1,High-Yield Seeker Novice,ผู้แสวงหาผลตอบแทนสูง (มีเงินเก็บ ต้องการดอกเบี้ยสูง),"First Jobber รายได้ 24,000–45,000 บาท มีเงินเก็บก้อนแรก 30,000–100,000 บาท มองหาผลตอบแทนดอกเบี้ยสูง ป้องกันความเสี่ยงจากการหลอกลงทุนด้วย Protected Vault Protocol",0.12,HIGH,MAXIMUM,5180.0,1200.0,1310.0,6800.0,7690.0,0.2158,0.05,0.0546,พักกับครอบครัว/ที่บ้าน,ผ่อนอุปกรณ์ไอที/คอมพิวเตอร์
ACC_0161,USER_0101,36000.0,595.56,8878.8,0.2466,0.2358,17050.78,0,0,Paycheck-to-Paycheck Spender,มนุษย์เงินเดือนชนเดือน (สภาพคล่องจำกัดปลายเดือน),"First Jobber รายได้ 18,000–35,000 บาท ใช้ชีวิตเดือนชนเดือน ต้องการระบบออมเงินอัตโนมัติแบบไม่ต้องจดบันทึก และสามารถดึงเงินคืนเข้าบัญชีหลักได้ทันที 100% เมื่อถึงกำหนดจ่ายค่าเช่าหรือบิล",0.06,MODERATE,FLEXIBLE,9910.0,3470.0,1830.0,3100.0,15210.0,0.2753,0.0964,0.0508,เช่าอพาร์ตเมนต์ชานเมือง,ผ่อนค่างวดรถมอเตอร์ไซค์
ACC_0162,USER_0102,20000.0,594.44,2321.2,0.1161,0.2124,7136.0,0,1,High-Yield Seeker Novice,ผู้แสวงหาผลตอบแทนสูง (มีเงินเก็บ ต้องการดอกเบี้ยสูง),"First Jobber รายได้ 24,000–45,000 บาท มีเงินเก็บก้อนแรก 30,000–100,000 บาท มองหาผลตอบแทนดอกเบี้ยสูง ป้องกันความเสี่ยงจากการหลอกลงทุนด้วย Protected Vault Protocol",0.12,HIGH,MAXIMUM,4380.0,0.0,1410.0,6700.0,5790.0,0.219,0.0,0.0705,เช่าอพาร์ตเมนต์ราคาประหยัด,ไม่มีหนี้ผ่อนชำระ
ACC_0163,USER_0103,32000.0,667.23,1775.4,0.0555,0.2975,13023.42,0,0,Paycheck-to-Paycheck Spender,มนุษย์เงินเดือนชนเดือน (สภาพคล่องจำกัดปลายเดือน),"First Jobber รายได้ 18,000–35,000 บาท ใช้ชีวิตเดือนชนเดือน ต้องการระบบออมเงินอัตโนมัติแบบไม่ต้องจดบันทึก และสามารถดึงเงินคืนเข้าบัญชีหลักได้ทันที 100% เมื่อถึงกำหนดจ่ายค่าเช่าหรือบิล",0.06,MODERATE,FLEXIBLE,9730.0,5240.0,1910.0,2300.0,16880.0,0.3041,0.1638,0.0597,เช่าคอนโดติดรถไฟฟ้า,ผ่อนบัตรเครดิต & สินเชื่อ
ACC_0164,USER_0104,24000.0,585.08,5208.4,0.217,0.1956,7711.72,0,1,High-Yield Seeker Novice,ผู้แสวงหาผลตอบแทนสูง (มีเงินเก็บ ต้องการดอกเบี้ยสูง),"First Jobber รายได้ 24,000–45,000 บาท มีเงินเก็บก้อนแรก 30,000–100,000 บาท มองหาผลตอบแทนดอกเบี้ยสูง ป้องกันความเสี่ยงจากการหลอกลงทุนด้วย Protected Vault Protocol",0.12,HIGH,MAXIMUM,3470.0,2160.0,1460.0,10000.0,7090.0,0.1446,0.09,0.0608,พักกับครอบครัว/ที่บ้าน,ผ่อนสมาร์ตโฟน 0%
ACC_0165,USER_0105,28000.0,641.08,850.0,0.0304,0.2287,15219.57,0,0,Paycheck-to-Paycheck Spender,มนุษย์เงินเดือนชนเดือน (สภาพคล่องจำกัดปลายเดือน),"First Jobber รายได้ 18,000–35,000 บาท ใช้ชีวิตเดือนชนเดือน ต้องการระบบออมเงินอัตโนมัติแบบไม่ต้องจดบันทึก และสามารถดึงเงินคืนเข้าบัญชีหลักได้ทันที 100% เมื่อถึงกำหนดจ่ายค่าเช่าหรือบิล",0.06,MODERATE,FLEXIBLE,7720.0,4390.0,2530.0,3200.0,14640.0,0.2757,0.1568,0.0904,เช่าคอนโดติดรถไฟฟ้า,ผ่อนบัตรเครดิต & สินเชื่อ
ACC_0166,USER_0106,20000.0,541.29,4084.2,0.2042,0.2314,6763.82,0,1,High-Yield Seeker Novice,ผู้แสวงหาผลตอบแทนสูง (มีเงินเก็บ ต้องการดอกเบี้ยสูง),"First Jobber รายได้ 24,000–45,000 บาท มีเงินเก็บก้อนแรก 30,000–100,000 บาท มองหาผลตอบแทนดอกเบี้ยสูง ป้องกันความเสี่ยงจากการหลอกลงทุนด้วย Protected Vault Protocol",0.12,HIGH,MAXIMUM,3520.0,0.0,1570.0,7800.0,5090.0,0.176,0.0,0.0785,พักกับครอบครัว/ที่บ้าน,ไม่มีหนี้ผ่อนชำระ
ACC_0167,USER_0107,24000.0,633.8,4184.0,0.1743,0.19,16374.06,0,1,High-Yield Seeker Novice,ผู้แสวงหาผลตอบแทนสูง (มีเงินเก็บ ต้องการดอกเบี้ยสูง),"First Jobber รายได้ 24,000–45,000 บาท มีเงินเก็บก้อนแรก 30,000–100,000 บาท มองหาผลตอบแทนดอกเบี้ยสูง ป้องกันความเสี่ยงจากการหลอกลงทุนด้วย Protected Vault Protocol",0.12,HIGH,MAXIMUM,5050.0,1200.0,890.0,6000.0,7140.0,0.2104,0.05,0.0371,เช่าอพาร์ตเมนต์ราคาประหยัด,ผ่อนอุปกรณ์ไอที/คอมพิวเตอร์
ACC_0168,USER_0108,24000.0,601.94,6171.2,0.2571,0.2526,11564.78,0,1,High-Yield Seeker Novice,ผู้แสวงหาผลตอบแทนสูง (มีเงินเก็บ ต้องการดอกเบี้ยสูง),"First Jobber รายได้ 24,000–45,000 บาท มีเงินเก็บก้อนแรก 30,000–100,000 บาท มองหาผลตอบแทนดอกเบี้ยสูง ป้องกันความเสี่ยงจากการหลอกลงทุนด้วย Protected Vault Protocol",0.12,HIGH,MAXIMUM,4320.0,0.0,1470.0,6200.0,5790.0,0.18,0.0,0.0612,เช่าห้องพักสไตล์มินิมอล,ไม่มีหนี้ผ่อนชำระ
ACC_0169,USER_0109,24000.0,632.0,5430.0,0.2262,0.2678,12713.45,0,1,High-Yield Seeker Novice,ผู้แสวงหาผลตอบแทนสูง (มีเงินเก็บ ต้องการดอกเบี้ยสูง),"First Jobber รายได้ 24,000–45,000 บาท มีเงินเก็บก้อนแรก 30,000–100,000 บาท มองหาผลตอบแทนดอกเบี้ยสูง ป้องกันความเสี่ยงจากการหลอกลงทุนด้วย Protected Vault Protocol",0.12,HIGH,MAXIMUM,4420.0,0.0,1510.0,6700.0,5930.0,0.1842,0.0,0.0629,เช่าอพาร์ตเมนต์ราคาประหยัด,ไม่มีหนี้ผ่อนชำระ
ACC_0170,USER_0110,24000.0,571.45,1381.0,0.0575,0.1423,2842.33,0,0,Paycheck-to-Paycheck Spender,มนุษย์เงินเดือนชนเดือน (สภาพคล่องจำกัดปลายเดือน),"First Jobber รายได้ 18,000–35,000 บาท ใช้ชีวิตเดือนชนเดือน ต้องการระบบออมเงินอัตโนมัติแบบไม่ต้องจดบันทึก และสามารถดึงเงินคืนเข้าบัญชีหลักได้ทันที 100% เมื่อถึงกำหนดจ่ายค่าเช่าหรือบิล",0.06,MODERATE,FLEXIBLE,5350.0,3730.0,2110.0,2900.0,11190.0,0.2229,0.1554,0.0879,ผ่อนห้องชุดคอนโดมิเนียม,ผ่อนหนี้ กยศ.
ACC_0171,USER_0111,36000.0,594.49,11010.2,0.3058,0.2843,12523.94,0,0,Paycheck-to-Paycheck Spender,มนุษย์เงินเดือนชนเดือน (สภาพคล่องจำกัดปลายเดือน),"First Jobber รายได้ 18,000–35,000 บาท ใช้ชีวิตเดือนชนเดือน ต้องการระบบออมเงินอัตโนมัติแบบไม่ต้องจดบันทึก และสามารถดึงเงินคืนเข้าบัญชีหลักได้ทันที 100% เมื่อถึงกำหนดจ่ายค่าเช่าหรือบิล",0.06,MODERATE,FLEXIBLE,8410.0,2930.0,1760.0,2700.0,13100.0,0.2336,0.0814,0.0489,เช่าอพาร์ตเมนต์ชานเมือง,ผ่อนหนี้ กยศ.
ACC_0172,USER_0112,20000.0,584.21,1905.8,0.0953,0.2607,4390.43,0,1,High-Yield Seeker Novice,ผู้แสวงหาผลตอบแทนสูง (มีเงินเก็บ ต้องการดอกเบี้ยสูง),"First Jobber รายได้ 24,000–45,000 บาท มีเงินเก็บก้อนแรก 30,000–100,000 บาท มองหาผลตอบแทนดอกเบี้ยสูง ป้องกันความเสี่ยงจากการหลอกลงทุนด้วย Protected Vault Protocol",0.12,HIGH,MAXIMUM,3500.0,1800.0,1110.0,7300.0,6410.0,0.175,0.09,0.0555,เช่าอพาร์ตเมนต์ราคาประหยัด,ผ่อนอุปกรณ์ไอที/คอมพิวเตอร์
ACC_0173,USER_0113,36000.0,569.47,8650.6,0.2403,0.1481,3492.12,0,0,Paycheck-to-Paycheck Spender,มนุษย์เงินเดือนชนเดือน (สภาพคล่องจำกัดปลายเดือน),"First Jobber รายได้ 18,000–35,000 บาท ใช้ชีวิตเดือนชนเดือน ต้องการระบบออมเงินอัตโนมัติแบบไม่ต้องจดบันทึก และสามารถดึงเงินคืนเข้าบัญชีหลักได้ทันที 100% เมื่อถึงกำหนดจ่ายค่าเช่าหรือบิล",0.06,MODERATE,FLEXIBLE,8990.0,4760.0,2210.0,3100.0,15960.0,0.2497,0.1322,0.0614,เช่าอพาร์ตเมนต์ชานเมือง,ผ่อนค่างวดรถมอเตอร์ไซค์
ACC_0174,USER_0114,28000.0,683.55,850.0,0.0304,0.2601,9360.62,0,0,Paycheck-to-Paycheck Spender,มนุษย์เงินเดือนชนเดือน (สภาพคล่องจำกัดปลายเดือน),"First Jobber รายได้ 18,000–35,000 บาท ใช้ชีวิตเดือนชนเดือน ต้องการระบบออมเงินอัตโนมัติแบบไม่ต้องจดบันทึก และสามารถดึงเงินคืนเข้าบัญชีหลักได้ทันที 100% เมื่อถึงกำหนดจ่ายค่าเช่าหรือบิล",0.06,MODERATE,FLEXIBLE,8520.0,4390.0,1390.0,1600.0,14300.0,0.3043,0.1568,0.0496,เช่าอพาร์ตเมนต์ชานเมือง,ผ่อนบัตรเครดิต & สินเชื่อ
ACC_0175,USER_0115,36000.0,584.84,9453.2,0.2626,0.256,14833.41,0,0,Paycheck-to-Paycheck Spender,มนุษย์เงินเดือนชนเดือน (สภาพคล่องจำกัดปลายเดือน),"First Jobber รายได้ 18,000–35,000 บาท ใช้ชีวิตเดือนชนเดือน ต้องการระบบออมเงินอัตโนมัติแบบไม่ต้องจดบันทึก และสามารถดึงเงินคืนเข้าบัญชีหลักได้ทันที 100% เมื่อถึงกำหนดจ่ายค่าเช่าหรือบิล",0.06,MODERATE,FLEXIBLE,9170.0,3630.0,2050.0,2200.0,14850.0,0.2547,0.1008,0.0569,ผ่อนห้องชุดคอนโดมิเนียม,ผ่อนบัตรเครดิต & สินเชื่อ
ACC_0176,USER_0116,28000.0,648.89,1872.2,0.0669,0.1849,7719.0,0,0,Paycheck-to-Paycheck Spender,มนุษย์เงินเดือนชนเดือน (สภาพคล่องจำกัดปลายเดือน),"First Jobber รายได้ 18,000–35,000 บาท ใช้ชีวิตเดือนชนเดือน ต้องการระบบออมเงินอัตโนมัติแบบไม่ต้องจดบันทึก และสามารถดึงเงินคืนเข้าบัญชีหลักได้ทันที 100% เมื่อถึงกำหนดจ่ายค่าเช่าหรือบิล",0.06,MODERATE,FLEXIBLE,7450.0,3880.0,1820.0,2900.0,13150.0,0.2661,0.1386,0.065,เช่าคอนโดติดรถไฟฟ้า,ผ่อนหนี้ กยศ.
ACC_0177,USER_0117,32000.0,645.56,2468.8,0.0772,0.2135,10045.3,0,0,Paycheck-to-Paycheck Spender,มนุษย์เงินเดือนชนเดือน (สภาพคล่องจำกัดปลายเดือน),"First Jobber รายได้ 18,000–35,000 บาท ใช้ชีวิตเดือนชนเดือน ต้องการระบบออมเงินอัตโนมัติแบบไม่ต้องจดบันทึก และสามารถดึงเงินคืนเข้าบัญชีหลักได้ทันที 100% เมื่อถึงกำหนดจ่ายค่าเช่าหรือบิล",0.06,MODERATE,FLEXIBLE,9840.0,4210.0,2570.0,2700.0,16620.0,0.3075,0.1316,0.0803,ผ่อนห้องชุดคอนโดมิเนียม,ผ่อนหนี้ กยศ.
ACC_0178,USER_0118,20000.0,568.59,3408.2,0.1704,0.1878,10393.54,0,1,High-Yield Seeker Novice,ผู้แสวงหาผลตอบแทนสูง (มีเงินเก็บ ต้องการดอกเบี้ยสูง),"First Jobber รายได้ 24,000–45,000 บาท มีเงินเก็บก้อนแรก 30,000–100,000 บาท มองหาผลตอบแทนดอกเบี้ยสูง ป้องกันความเสี่ยงจากการหลอกลงทุนด้วย Protected Vault Protocol",0.12,HIGH,MAXIMUM,4110.0,0.0,1110.0,4700.0,5220.0,0.2055,0.0,0.0555,พักกับครอบครัว/ที่บ้าน,ไม่มีหนี้ผ่อนชำระ
ACC_0179,USER_0119,36000.0,656.37,8412.6,0.2337,0.2589,17207.28,0,0,Paycheck-to-Paycheck Spender,มนุษย์เงินเดือนชนเดือน (สภาพคล่องจำกัดปลายเดือน),"First Jobber รายได้ 18,000–35,000 บาท ใช้ชีวิตเดือนชนเดือน ต้องการระบบออมเงินอัตโนมัติแบบไม่ต้องจดบันทึก และสามารถดึงเงินคืนเข้าบัญชีหลักได้ทันที 100% เมื่อถึงกำหนดจ่ายค่าเช่าหรือบิล",0.06,MODERATE,FLEXIBLE,8350.0,4540.0,1570.0,2200.0,14460.0,0.2319,0.1261,0.0436,เช่าอพาร์ตเมนต์ชานเมือง,ผ่อนสมาร์ตโฟน & แท็บเล็ต
ACC_0180,USER_0120,24000.0,607.87,5702.6,0.2376,0.2958,11003.57,0,1,High-Yield Seeker Novice,ผู้แสวงหาผลตอบแทนสูง (มีเงินเก็บ ต้องการดอกเบี้ยสูง),"First Jobber รายได้ 24,000–45,000 บาท มีเงินเก็บก้อนแรก 30,000–100,000 บาท มองหาผลตอบแทนดอกเบี้ยสูง ป้องกันความเสี่ยงจากการหลอกลงทุนด้วย Protected Vault Protocol",0.12,HIGH,MAXIMUM,4690.0,0.0,1450.0,8000.0,6140.0,0.1954,0.0,0.0604,เช่าอพาร์ตเมนต์ราคาประหยัด,ไม่มีหนี้ผ่อนชำระ
ACC_0181,USER_0121,28000.0,604.03,3859.4,0.1378,0.2518,10384.37,0,0,Paycheck-to-Paycheck Spender,มนุษย์เงินเดือนชนเดือน (สภาพคล่องจำกัดปลายเดือน),"First Jobber รายได้ 18,000–35,000 บาท ใช้ชีวิตเดือนชนเดือน ต้องการระบบออมเงินอัตโนมัติแบบไม่ต้องจดบันทึก และสามารถดึงเงินคืนเข้าบัญชีหลักได้ทันที 100% เมื่อถึงกำหนดจ่ายค่าเช่าหรือบิล",0.06,MODERATE,FLEXIBLE,7590.0,2680.0,1790.0,1500.0,12060.0,0.2711,0.0957,0.0639,เช่าคอนโดติดรถไฟฟ้า,ผ่อนค่างวดรถมอเตอร์ไซค์
ACC_0182,USER_0122,20000.0,600.8,2974.0,0.1487,0.21,16025.08,0,1,High-Yield Seeker Novice,ผู้แสวงหาผลตอบแทนสูง (มีเงินเก็บ ต้องการดอกเบี้ยสูง),"First Jobber รายได้ 24,000–45,000 บาท มีเงินเก็บก้อนแรก 30,000–100,000 บาท มองหาผลตอบแทนดอกเบี้ยสูง ป้องกันความเสี่ยงจากการหลอกลงทุนด้วย Protected Vault Protocol",0.12,HIGH,MAXIMUM,4000.0,0.0,1010.0,6500.0,5010.0,0.2,0.0,0.0505,พักกับครอบครัว/ที่บ้าน,ไม่มีหนี้ผ่อนชำระ
ACC_0183,USER_0123,20000.0,590.5,2760.0,0.138,0.3029,15173.65,0,1,High-Yield Seeker Novice,ผู้แสวงหาผลตอบแทนสูง (มีเงินเก็บ ต้องการดอกเบี้ยสูง),"First Jobber รายได้ 24,000–45,000 บาท มีเงินเก็บก้อนแรก 30,000–100,000 บาท มองหาผลตอบแทนดอกเบี้ยสูง ป้องกันความเสี่ยงจากการหลอกลงทุนด้วย Protected Vault Protocol",0.12,HIGH,MAXIMUM,3180.0,1000.0,1250.0,8500.0,5430.0,0.159,0.05,0.0625,พักกับครอบครัว/ที่บ้าน,ผ่อนอุปกรณ์ไอที/คอมพิวเตอร์
ACC_0184,USER_0124,24000.0,612.0,6750.0,0.2812,0.2457,3095.3,0,1,High-Yield Seeker Novice,ผู้แสวงหาผลตอบแทนสูง (มีเงินเก็บ ต้องการดอกเบี้ยสูง),"First Jobber รายได้ 24,000–45,000 บาท มีเงินเก็บก้อนแรก 30,000–100,000 บาท มองหาผลตอบแทนดอกเบี้ยสูง ป้องกันความเสี่ยงจากการหลอกลงทุนด้วย Protected Vault Protocol",0.12,HIGH,MAXIMUM,3640.0,0.0,1370.0,9100.0,5010.0,0.1517,0.0,0.0571,เช่าอพาร์ตเมนต์ราคาประหยัด,ไม่มีหนี้ผ่อนชำระ
ACC_0185,USER_0125,24000.0,591.8,6594.0,0.2748,0.2653,4088.86,0,1,High-Yield Seeker Novice,ผู้แสวงหาผลตอบแทนสูง (มีเงินเก็บ ต้องการดอกเบี้ยสูง),"First Jobber รายได้ 24,000–45,000 บาท มีเงินเก็บก้อนแรก 30,000–100,000 บาท มองหาผลตอบแทนดอกเบี้ยสูง ป้องกันความเสี่ยงจากการหลอกลงทุนด้วย Protected Vault Protocol",0.12,HIGH,MAXIMUM,4380.0,0.0,1190.0,7400.0,5570.0,0.1825,0.0,0.0496,เช่าอพาร์ตเมนต์ราคาประหยัด,ไม่มีหนี้ผ่อนชำระ
ACC_0186,USER_0126,36000.0,635.18,7926.4,0.2202,0.2451,10683.18,0,0,Paycheck-to-Paycheck Spender,มนุษย์เงินเดือนชนเดือน (สภาพคล่องจำกัดปลายเดือน),"First Jobber รายได้ 18,000–35,000 บาท ใช้ชีวิตเดือนชนเดือน ต้องการระบบออมเงินอัตโนมัติแบบไม่ต้องจดบันทึก และสามารถดึงเงินคืนเข้าบัญชีหลักได้ทันที 100% เมื่อถึงกำหนดจ่ายค่าเช่าหรือบิล",0.06,MODERATE,FLEXIBLE,8300.0,5530.0,1540.0,2600.0,15370.0,0.2306,0.1536,0.0428,เช่าคอนโดติดรถไฟฟ้า,ผ่อนหนี้ กยศ.
ACC_0187,USER_0127,36000.0,624.64,8857.2,0.246,0.2277,8720.66,0,0,Paycheck-to-Paycheck Spender,มนุษย์เงินเดือนชนเดือน (สภาพคล่องจำกัดปลายเดือน),"First Jobber รายได้ 18,000–35,000 บาท ใช้ชีวิตเดือนชนเดือน ต้องการระบบออมเงินอัตโนมัติแบบไม่ต้องจดบันทึก และสามารถดึงเงินคืนเข้าบัญชีหลักได้ทันที 100% เมื่อถึงกำหนดจ่ายค่าเช่าหรือบิล",0.06,MODERATE,FLEXIBLE,8240.0,4810.0,1600.0,2200.0,14650.0,0.2289,0.1336,0.0444,เช่าคอนโดติดรถไฟฟ้า,ผ่อนค่างวดรถมอเตอร์ไซค์
ACC_0188,USER_0128,28000.0,598.24,2905.2,0.1038,0.2462,10191.64,0,0,Paycheck-to-Paycheck Spender,มนุษย์เงินเดือนชนเดือน (สภาพคล่องจำกัดปลายเดือน),"First Jobber รายได้ 18,000–35,000 บาท ใช้ชีวิตเดือนชนเดือน ต้องการระบบออมเงินอัตโนมัติแบบไม่ต้องจดบันทึก และสามารถดึงเงินคืนเข้าบัญชีหลักได้ทันที 100% เมื่อถึงกำหนดจ่ายค่าเช่าหรือบิล",0.06,MODERATE,FLEXIBLE,7150.0,4060.0,1920.0,2700.0,13130.0,0.2554,0.145,0.0686,เช่าอพาร์ตเมนต์ชานเมือง,ผ่อนสมาร์ตโฟน & แท็บเล็ต
ACC_0189,USER_0129,32000.0,554.95,5611.0,0.1753,0.1878,8763.35,0,0,Paycheck-to-Paycheck Spender,มนุษย์เงินเดือนชนเดือน (สภาพคล่องจำกัดปลายเดือน),"First Jobber รายได้ 18,000–35,000 บาท ใช้ชีวิตเดือนชนเดือน ต้องการระบบออมเงินอัตโนมัติแบบไม่ต้องจดบันทึก และสามารถดึงเงินคืนเข้าบัญชีหลักได้ทันที 100% เมื่อถึงกำหนดจ่ายค่าเช่าหรือบิล",0.06,MODERATE,FLEXIBLE,8820.0,4440.0,2030.0,2300.0,15290.0,0.2756,0.1388,0.0634,เช่าคอนโดติดรถไฟฟ้า,ผ่อนสมาร์ตโฟน & แท็บเล็ต
ACC_0190,USER_0130,36000.0,608.24,5985.2,0.1663,0.2334,13922.05,0,0,Paycheck-to-Paycheck Spender,มนุษย์เงินเดือนชนเดือน (สภาพคล่องจำกัดปลายเดือน),"First Jobber รายได้ 18,000–35,000 บาท ใช้ชีวิตเดือนชนเดือน ต้องการระบบออมเงินอัตโนมัติแบบไม่ต้องจดบันทึก และสามารถดึงเงินคืนเข้าบัญชีหลักได้ทันที 100% เมื่อถึงกำหนดจ่ายค่าเช่าหรือบิล",0.06,MODERATE,FLEXIBLE,11160.0,5070.0,1620.0,2500.0,17850.0,0.31,0.1408,0.045,เช่าอพาร์ตเมนต์ชานเมือง,ผ่อนบัตรเครดิต & สินเชื่อ
ACC_0191,USER_0131,36000.0,629.17,7636.6,0.2121,0.1841,10665.76,0,0,Paycheck-to-Paycheck Spender,มนุษย์เงินเดือนชนเดือน (สภาพคล่องจำกัดปลายเดือน),"First Jobber รายได้ 18,000–35,000 บาท ใช้ชีวิตเดือนชนเดือน ต้องการระบบออมเงินอัตโนมัติแบบไม่ต้องจดบันทึก และสามารถดึงเงินคืนเข้าบัญชีหลักได้ทันที 100% เมื่อถึงกำหนดจ่ายค่าเช่าหรือบิล",0.06,MODERATE,FLEXIBLE,11280.0,2910.0,1590.0,2200.0,15780.0,0.3133,0.0808,0.0442,เช่าอพาร์ตเมนต์ชานเมือง,ผ่อนหนี้ กยศ.
ACC_0192,USER_0132,28000.0,651.34,2693.2,0.0962,0.223,14116.79,0,0,Paycheck-to-Paycheck Spender,มนุษย์เงินเดือนชนเดือน (สภาพคล่องจำกัดปลายเดือน),"First Jobber รายได้ 18,000–35,000 บาท ใช้ชีวิตเดือนชนเดือน ต้องการระบบออมเงินอัตโนมัติแบบไม่ต้องจดบันทึก และสามารถดึงเงินคืนเข้าบัญชีหลักได้ทันที 100% เมื่อถึงกำหนดจ่ายค่าเช่าหรือบิล",0.06,MODERATE,FLEXIBLE,6410.0,4500.0,1370.0,3200.0,12280.0,0.2289,0.1607,0.0489,ผ่อนห้องชุดคอนโดมิเนียม,ผ่อนหนี้ กยศ.
ACC_0193,USER_0133,24000.0,613.19,5536.2,0.2307,0.2151,8431.82,0,1,High-Yield Seeker Novice,ผู้แสวงหาผลตอบแทนสูง (มีเงินเก็บ ต้องการดอกเบี้ยสูง),"First Jobber รายได้ 24,000–45,000 บาท มีเงินเก็บก้อนแรก 30,000–100,000 บาท มองหาผลตอบแทนดอกเบี้ยสูง ป้องกันความเสี่ยงจากการหลอกลงทุนด้วย Protected Vault Protocol",0.12,HIGH,MAXIMUM,3400.0,1200.0,1600.0,9400.0,6200.0,0.1417,0.05,0.0667,เช่าอพาร์ตเมนต์ราคาประหยัด,ผ่อนอุปกรณ์ไอที/คอมพิวเตอร์
ACC_0194,USER_0134,36000.0,634.65,7037.0,0.1955,0.1775,17483.18,0,0,Paycheck-to-Paycheck Spender,มนุษย์เงินเดือนชนเดือน (สภาพคล่องจำกัดปลายเดือน),"First Jobber รายได้ 18,000–35,000 บาท ใช้ชีวิตเดือนชนเดือน ต้องการระบบออมเงินอัตโนมัติแบบไม่ต้องจดบันทึก และสามารถดึงเงินคืนเข้าบัญชีหลักได้ทันที 100% เมื่อถึงกำหนดจ่ายค่าเช่าหรือบิล",0.06,MODERATE,FLEXIBLE,7940.0,6390.0,1940.0,2900.0,16270.0,0.2206,0.1775,0.0539,เช่าอพาร์ตเมนต์ชานเมือง,ผ่อนบัตรเครดิต & สินเชื่อ
ACC_0195,USER_0135,32000.0,702.93,2411.4,0.0754,0.2481,16197.24,0,0,Paycheck-to-Paycheck Spender,มนุษย์เงินเดือนชนเดือน (สภาพคล่องจำกัดปลายเดือน),"First Jobber รายได้ 18,000–35,000 บาท ใช้ชีวิตเดือนชนเดือน ต้องการระบบออมเงินอัตโนมัติแบบไม่ต้องจดบันทึก และสามารถดึงเงินคืนเข้าบัญชีหลักได้ทันที 100% เมื่อถึงกำหนดจ่ายค่าเช่าหรือบิล",0.06,MODERATE,FLEXIBLE,9340.0,4270.0,1920.0,3200.0,15530.0,0.2919,0.1334,0.06,เช่าคอนโดติดรถไฟฟ้า,ผ่อนสมาร์ตโฟน & แท็บเล็ต
ACC_0196,USER_0136,32000.0,593.33,3593.4,0.1123,0.252,13032.15,0,0,Paycheck-to-Paycheck Spender,มนุษย์เงินเดือนชนเดือน (สภาพคล่องจำกัดปลายเดือน),"First Jobber รายได้ 18,000–35,000 บาท ใช้ชีวิตเดือนชนเดือน ต้องการระบบออมเงินอัตโนมัติแบบไม่ต้องจดบันทึก และสามารถดึงเงินคืนเข้าบัญชีหลักได้ทันที 100% เมื่อถึงกำหนดจ่ายค่าเช่าหรือบิล",0.06,MODERATE,FLEXIBLE,10140.0,4840.0,1560.0,3000.0,16540.0,0.3169,0.1512,0.0488,ผ่อนห้องชุดคอนโดมิเนียม,ผ่อนบัตรเครดิต & สินเชื่อ
ACC_0197,USER_0137,36000.0,592.73,8045.4,0.2235,0.1771,15886.51,0,0,Paycheck-to-Paycheck Spender,มนุษย์เงินเดือนชนเดือน (สภาพคล่องจำกัดปลายเดือน),"First Jobber รายได้ 18,000–35,000 บาท ใช้ชีวิตเดือนชนเดือน ต้องการระบบออมเงินอัตโนมัติแบบไม่ต้องจดบันทึก และสามารถดึงเงินคืนเข้าบัญชีหลักได้ทันที 100% เมื่อถึงกำหนดจ่ายค่าเช่าหรือบิล",0.06,MODERATE,FLEXIBLE,10120.0,3920.0,2060.0,1800.0,16100.0,0.2811,0.1089,0.0572,เช่าคอนโดติดรถไฟฟ้า,ผ่อนหนี้ กยศ.
ACC_0198,USER_0138,28000.0,614.53,2729.4,0.0975,0.2031,11756.83,0,0,Paycheck-to-Paycheck Spender,มนุษย์เงินเดือนชนเดือน (สภาพคล่องจำกัดปลายเดือน),"First Jobber รายได้ 18,000–35,000 บาท ใช้ชีวิตเดือนชนเดือน ต้องการระบบออมเงินอัตโนมัติแบบไม่ต้องจดบันทึก และสามารถดึงเงินคืนเข้าบัญชีหลักได้ทันที 100% เมื่อถึงกำหนดจ่ายค่าเช่าหรือบิล",0.06,MODERATE,FLEXIBLE,7820.0,3270.0,1890.0,2600.0,12980.0,0.2793,0.1168,0.0675,เช่าอพาร์ตเมนต์ชานเมือง,ผ่อนค่างวดรถมอเตอร์ไซค์
ACC_0199,USER_0139,32000.0,628.39,5582.2,0.1744,0.2637,12476.67,0,0,Paycheck-to-Paycheck Spender,มนุษย์เงินเดือนชนเดือน (สภาพคล่องจำกัดปลายเดือน),"First Jobber รายได้ 18,000–35,000 บาท ใช้ชีวิตเดือนชนเดือน ต้องการระบบออมเงินอัตโนมัติแบบไม่ต้องจดบันทึก และสามารถดึงเงินคืนเข้าบัญชีหลักได้ทันที 100% เมื่อถึงกำหนดจ่ายค่าเช่าหรือบิล",0.06,MODERATE,FLEXIBLE,7690.0,4750.0,1410.0,1800.0,13850.0,0.2403,0.1484,0.0441,เช่าคอนโดติดรถไฟฟ้า,ผ่อนบัตรเครดิต & สินเชื่อ
ACC_0200,USER_0140,36000.0,657.37,7842.6,0.2178,0.1846,17162.12,0,0,Paycheck-to-Paycheck Spender,มนุษย์เงินเดือนชนเดือน (สภาพคล่องจำกัดปลายเดือน),"First Jobber รายได้ 18,000–35,000 บาท ใช้ชีวิตเดือนชนเดือน ต้องการระบบออมเงินอัตโนมัติแบบไม่ต้องจดบันทึก และสามารถดึงเงินคืนเข้าบัญชีหลักได้ทันที 100% เมื่อถึงกำหนดจ่ายค่าเช่าหรือบิล",0.06,MODERATE,FLEXIBLE,8340.0,4580.0,2090.0,3100.0,15010.0,0.2317,0.1272,0.0581,ผ่อนห้องชุดคอนโดมิเนียม,ผ่อนบัตรเครดิต & สินเชื่อ
ACC_0201,USER_0141,20000.0,626.85,1143.0,0.0572,0.2403,3822.47,0,1,High-Yield Seeker Novice,ผู้แสวงหาผลตอบแทนสูง (มีเงินเก็บ ต้องการดอกเบี้ยสูง),"First Jobber รายได้ 24,000–45,000 บาท มีเงินเก็บก้อนแรก 30,000–100,000 บาท มองหาผลตอบแทนดอกเบี้ยสูง ป้องกันความเสี่ยงจากการหลอกลงทุนด้วย Protected Vault Protocol",0.12,HIGH,MAXIMUM,4160.0,1000.0,1160.0,9600.0,6320.0,0.208,0.05,0.058,เช่าอพาร์ตเมนต์ราคาประหยัด,ผ่อนสมาร์ตโฟน 0%
ACC_0202,USER_0142,32000.0,590.19,6226.2,0.1946,0.231,5587.3,0,0,Paycheck-to-Paycheck Spender,มนุษย์เงินเดือนชนเดือน (สภาพคล่องจำกัดปลายเดือน),"First Jobber รายได้ 18,000–35,000 บาท ใช้ชีวิตเดือนชนเดือน ต้องการระบบออมเงินอัตโนมัติแบบไม่ต้องจดบันทึก และสามารถดึงเงินคืนเข้าบัญชีหลักได้ทันที 100% เมื่อถึงกำหนดจ่ายค่าเช่าหรือบิล",0.06,MODERATE,FLEXIBLE,7700.0,3770.0,2500.0,2900.0,13970.0,0.2406,0.1178,0.0781,เช่าคอนโดติดรถไฟฟ้า,ผ่อนค่างวดรถมอเตอร์ไซค์
ACC_0203,USER_0143,20000.0,555.86,2312.8,0.1156,0.2491,15566.4,0,1,High-Yield Seeker Novice,ผู้แสวงหาผลตอบแทนสูง (มีเงินเก็บ ต้องการดอกเบี้ยสูง),"First Jobber รายได้ 24,000–45,000 บาท มีเงินเก็บก้อนแรก 30,000–100,000 บาท มองหาผลตอบแทนดอกเบี้ยสูง ป้องกันความเสี่ยงจากการหลอกลงทุนด้วย Protected Vault Protocol",0.12,HIGH,MAXIMUM,4120.0,1000.0,1450.0,9000.0,6570.0,0.206,0.05,0.0725,เช่าห้องพักสไตล์มินิมอล,ผ่อนสมาร์ตโฟน 0%
ACC_0204,USER_0144,24000.0,646.22,4535.6,0.189,0.2538,16888.9,0,1,High-Yield Seeker Novice,ผู้แสวงหาผลตอบแทนสูง (มีเงินเก็บ ต้องการดอกเบี้ยสูง),"First Jobber รายได้ 24,000–45,000 บาท มีเงินเก็บก้อนแรก 30,000–100,000 บาท มองหาผลตอบแทนดอกเบี้ยสูง ป้องกันความเสี่ยงจากการหลอกลงทุนด้วย Protected Vault Protocol",0.12,HIGH,MAXIMUM,3810.0,1200.0,1530.0,6200.0,6540.0,0.1588,0.05,0.0638,พักกับครอบครัว/ที่บ้าน,ผ่อนสมาร์ตโฟน 0%
ACC_0205,USER_0145,28000.0,569.23,2805.4,0.1002,0.2739,17364.17,0,0,Paycheck-to-Paycheck Spender,มนุษย์เงินเดือนชนเดือน (สภาพคล่องจำกัดปลายเดือน),"First Jobber รายได้ 18,000–35,000 บาท ใช้ชีวิตเดือนชนเดือน ต้องการระบบออมเงินอัตโนมัติแบบไม่ต้องจดบันทึก และสามารถดึงเงินคืนเข้าบัญชีหลักได้ทันที 100% เมื่อถึงกำหนดจ่ายค่าเช่าหรือบิล",0.06,MODERATE,FLEXIBLE,8070.0,3510.0,2230.0,3300.0,13810.0,0.2882,0.1254,0.0796,เช่าคอนโดติดรถไฟฟ้า,ผ่อนสมาร์ตโฟน & แท็บเล็ต
ACC_0206,USER_0146,24000.0,662.61,5067.8,0.2112,0.293,8837.19,0,1,High-Yield Seeker Novice,ผู้แสวงหาผลตอบแทนสูง (มีเงินเก็บ ต้องการดอกเบี้ยสูง),"First Jobber รายได้ 24,000–45,000 บาท มีเงินเก็บก้อนแรก 30,000–100,000 บาท มองหาผลตอบแทนดอกเบี้ยสูง ป้องกันความเสี่ยงจากการหลอกลงทุนด้วย Protected Vault Protocol",0.12,HIGH,MAXIMUM,4400.0,0.0,1280.0,6500.0,5680.0,0.1833,0.0,0.0533,เช่าอพาร์ตเมนต์ราคาประหยัด,ไม่มีหนี้ผ่อนชำระ
ACC_0207,USER_0147,28000.0,574.36,3042.8,0.1087,0.2275,10047.44,0,0,Paycheck-to-Paycheck Spender,มนุษย์เงินเดือนชนเดือน (สภาพคล่องจำกัดปลายเดือน),"First Jobber รายได้ 18,000–35,000 บาท ใช้ชีวิตเดือนชนเดือน ต้องการระบบออมเงินอัตโนมัติแบบไม่ต้องจดบันทึก และสามารถดึงเงินคืนเข้าบัญชีหลักได้ทันที 100% เมื่อถึงกำหนดจ่ายค่าเช่าหรือบิล",0.06,MODERATE,FLEXIBLE,7230.0,3760.0,2480.0,2700.0,13470.0,0.2582,0.1343,0.0886,ผ่อนห้องชุดคอนโดมิเนียม,ผ่อนสมาร์ตโฟน & แท็บเล็ต
ACC_0208,USER_0148,36000.0,617.58,5468.4,0.1519,0.2494,3774.5,0,0,Paycheck-to-Paycheck Spender,มนุษย์เงินเดือนชนเดือน (สภาพคล่องจำกัดปลายเดือน),"First Jobber รายได้ 18,000–35,000 บาท ใช้ชีวิตเดือนชนเดือน ต้องการระบบออมเงินอัตโนมัติแบบไม่ต้องจดบันทึก และสามารถดึงเงินคืนเข้าบัญชีหลักได้ทันที 100% เมื่อถึงกำหนดจ่ายค่าเช่าหรือบิล",0.06,MODERATE,FLEXIBLE,11300.0,5140.0,1740.0,1800.0,18180.0,0.3139,0.1428,0.0483,ผ่อนห้องชุดคอนโดมิเนียม,ผ่อนหนี้ กยศ.
ACC_0209,USER_0149,36000.0,594.36,6702.8,0.1862,0.2962,15492.54,0,0,Paycheck-to-Paycheck Spender,มนุษย์เงินเดือนชนเดือน (สภาพคล่องจำกัดปลายเดือน),"First Jobber รายได้ 18,000–35,000 บาท ใช้ชีวิตเดือนชนเดือน ต้องการระบบออมเงินอัตโนมัติแบบไม่ต้องจดบันทึก และสามารถดึงเงินคืนเข้าบัญชีหลักได้ทันที 100% เมื่อถึงกำหนดจ่ายค่าเช่าหรือบิล",0.06,MODERATE,FLEXIBLE,10150.0,4800.0,2460.0,3100.0,17410.0,0.2819,0.1333,0.0683,เช่าอพาร์ตเมนต์ชานเมือง,ผ่อนบัตรเครดิต & สินเชื่อ
ACC_0210,USER_0000,32000.0,618.08,5968.4,0.1865,0.2973,3598.79,0,0,Paycheck-to-Paycheck Spender,มนุษย์เงินเดือนชนเดือน (สภาพคล่องจำกัดปลายเดือน),"First Jobber รายได้ 18,000–35,000 บาท ใช้ชีวิตเดือนชนเดือน ต้องการระบบออมเงินอัตโนมัติแบบไม่ต้องจดบันทึก และสามารถดึงเงินคืนเข้าบัญชีหลักได้ทันที 100% เมื่อถึงกำหนดจ่ายค่าเช่าหรือบิล",0.06,MODERATE,FLEXIBLE,8040.0,3360.0,2270.0,1600.0,13670.0,0.2512,0.105,0.0709,เช่าอพาร์ตเมนต์ชานเมือง,ผ่อนสมาร์ตโฟน & แท็บเล็ต
ACC_0211,USER_0001,36000.0,684.7,3866.0,0.1074,0.206,14501.89,0,0,Paycheck-to-Paycheck Spender,มนุษย์เงินเดือนชนเดือน (สภาพคล่องจำกัดปลายเดือน),"First Jobber รายได้ 18,000–35,000 บาท ใช้ชีวิตเดือนชนเดือน ต้องการระบบออมเงินอัตโนมัติแบบไม่ต้องจดบันทึก และสามารถดึงเงินคืนเข้าบัญชีหลักได้ทันที 100% เมื่อถึงกำหนดจ่ายค่าเช่าหรือบิล",0.06,MODERATE,FLEXIBLE,10660.0,6040.0,1740.0,3100.0,18440.0,0.2961,0.1678,0.0483,ผ่อนห้องชุดคอนโดมิเนียม,ผ่อนหนี้ กยศ.
ACC_0212,USER_0002,36000.0,624.9,7372.0,0.2048,0.2983,5726.43,0,0,Paycheck-to-Paycheck Spender,มนุษย์เงินเดือนชนเดือน (สภาพคล่องจำกัดปลายเดือน),"First Jobber รายได้ 18,000–35,000 บาท ใช้ชีวิตเดือนชนเดือน ต้องการระบบออมเงินอัตโนมัติแบบไม่ต้องจดบันทึก และสามารถดึงเงินคืนเข้าบัญชีหลักได้ทันที 100% เมื่อถึงกำหนดจ่ายค่าเช่าหรือบิล",0.06,MODERATE,FLEXIBLE,10970.0,3340.0,1820.0,3100.0,16130.0,0.3047,0.0928,0.0506,เช่าคอนโดติดรถไฟฟ้า,ผ่อนบัตรเครดิต & สินเชื่อ
ACC_0213,USER_0003,20000.0,656.66,1306.8,0.0653,0.1687,5494.82,0,1,High-Yield Seeker Novice,ผู้แสวงหาผลตอบแทนสูง (มีเงินเก็บ ต้องการดอกเบี้ยสูง),"First Jobber รายได้ 24,000–45,000 บาท มีเงินเก็บก้อนแรก 30,000–100,000 บาท มองหาผลตอบแทนดอกเบี้ยสูง ป้องกันความเสี่ยงจากการหลอกลงทุนด้วย Protected Vault Protocol",0.12,HIGH,MAXIMUM,3170.0,1000.0,1390.0,8000.0,5560.0,0.1585,0.05,0.0695,เช่าอพาร์ตเมนต์ราคาประหยัด,ผ่อนอุปกรณ์ไอที/คอมพิวเตอร์
ACC_0214,USER_0004,24000.0,558.39,1982.2,0.0826,0.2291,2771.9,0,0,Paycheck-to-Paycheck Spender,มนุษย์เงินเดือนชนเดือน (สภาพคล่องจำกัดปลายเดือน),"First Jobber รายได้ 18,000–35,000 บาท ใช้ชีวิตเดือนชนเดือน ต้องการระบบออมเงินอัตโนมัติแบบไม่ต้องจดบันทึก และสามารถดึงเงินคืนเข้าบัญชีหลักได้ทันที 100% เมื่อถึงกำหนดจ่ายค่าเช่าหรือบิล",0.06,MODERATE,FLEXIBLE,6580.0,2520.0,1750.0,1900.0,10850.0,0.2742,0.105,0.0729,เช่าอพาร์ตเมนต์ชานเมือง,ผ่อนค่างวดรถมอเตอร์ไซค์
ACC_0215,USER_0005,24000.0,610.2,6116.0,0.2548,0.251,4462.75,0,1,High-Yield Seeker Novice,ผู้แสวงหาผลตอบแทนสูง (มีเงินเก็บ ต้องการดอกเบี้ยสูง),"First Jobber รายได้ 24,000–45,000 บาท มีเงินเก็บก้อนแรก 30,000–100,000 บาท มองหาผลตอบแทนดอกเบี้ยสูง ป้องกันความเสี่ยงจากการหลอกลงทุนด้วย Protected Vault Protocol",0.12,HIGH,MAXIMUM,4480.0,0.0,1200.0,9700.0,5680.0,0.1867,0.0,0.05,พักกับครอบครัว/ที่บ้าน,ไม่มีหนี้ผ่อนชำระ
ACC_0216,USER_0006,32000.0,564.54,5519.2,0.1725,0.1501,2569.42,0,0,Paycheck-to-Paycheck Spender,มนุษย์เงินเดือนชนเดือน (สภาพคล่องจำกัดปลายเดือน),"First Jobber รายได้ 18,000–35,000 บาท ใช้ชีวิตเดือนชนเดือน ต้องการระบบออมเงินอัตโนมัติแบบไม่ต้องจดบันทึก และสามารถดึงเงินคืนเข้าบัญชีหลักได้ทันที 100% เมื่อถึงกำหนดจ่ายค่าเช่าหรือบิล",0.06,MODERATE,FLEXIBLE,8920.0,4180.0,2090.0,1500.0,15190.0,0.2788,0.1306,0.0653,ผ่อนห้องชุดคอนโดมิเนียม,ผ่อนค่างวดรถมอเตอร์ไซค์
ACC_0217,USER_0007,28000.0,596.23,2485.4,0.0888,0.2589,3658.59,0,0,Paycheck-to-Paycheck Spender,มนุษย์เงินเดือนชนเดือน (สภาพคล่องจำกัดปลายเดือน),"First Jobber รายได้ 18,000–35,000 บาท ใช้ชีวิตเดือนชนเดือน ต้องการระบบออมเงินอัตโนมัติแบบไม่ต้องจดบันทึก และสามารถดึงเงินคืนเข้าบัญชีหลักได้ทันที 100% เมื่อถึงกำหนดจ่ายค่าเช่าหรือบิล",0.06,MODERATE,FLEXIBLE,6450.0,4810.0,2330.0,1500.0,13590.0,0.2304,0.1718,0.0832,ผ่อนห้องชุดคอนโดมิเนียม,ผ่อนสมาร์ตโฟน & แท็บเล็ต
ACC_0218,USER_0008,36000.0,523.34,9213.2,0.2559,0.1147,7348.06,0,0,Paycheck-to-Paycheck Spender,มนุษย์เงินเดือนชนเดือน (สภาพคล่องจำกัดปลายเดือน),"First Jobber รายได้ 18,000–35,000 บาท ใช้ชีวิตเดือนชนเดือน ต้องการระบบออมเงินอัตโนมัติแบบไม่ต้องจดบันทึก และสามารถดึงเงินคืนเข้าบัญชีหลักได้ทันที 100% เมื่อถึงกำหนดจ่ายค่าเช่าหรือบิล",0.06,MODERATE,FLEXIBLE,10700.0,4230.0,1390.0,1700.0,16320.0,0.2972,0.1175,0.0386,เช่าอพาร์ตเมนต์ชานเมือง,ผ่อนค่างวดรถมอเตอร์ไซค์
ACC_0219,USER_0009,24000.0,630.06,3328.8,0.1387,0.2827,2215.89,0,1,High-Yield Seeker Novice,ผู้แสวงหาผลตอบแทนสูง (มีเงินเก็บ ต้องการดอกเบี้ยสูง),"First Jobber รายได้ 24,000–45,000 บาท มีเงินเก็บก้อนแรก 30,000–100,000 บาท มองหาผลตอบแทนดอกเบี้ยสูง ป้องกันความเสี่ยงจากการหลอกลงทุนด้วย Protected Vault Protocol",0.12,HIGH,MAXIMUM,4970.0,2160.0,940.0,5800.0,8070.0,0.2071,0.09,0.0392,พักกับครอบครัว/ที่บ้าน,ผ่อนอุปกรณ์ไอที/คอมพิวเตอร์
ACC_0220,USER_0010,32000.0,578.04,5829.2,0.1822,0.1621,7762.44,0,0,Paycheck-to-Paycheck Spender,มนุษย์เงินเดือนชนเดือน (สภาพคล่องจำกัดปลายเดือน),"First Jobber รายได้ 18,000–35,000 บาท ใช้ชีวิตเดือนชนเดือน ต้องการระบบออมเงินอัตโนมัติแบบไม่ต้องจดบันทึก และสามารถดึงเงินคืนเข้าบัญชีหลักได้ทันที 100% เมื่อถึงกำหนดจ่ายค่าเช่าหรือบิล",0.06,MODERATE,FLEXIBLE,7640.0,5240.0,1730.0,2100.0,14610.0,0.2388,0.1638,0.0541,ผ่อนห้องชุดคอนโดมิเนียม,ผ่อนค่างวดรถมอเตอร์ไซค์
ACC_0221,USER_0011,36000.0,603.13,7307.4,0.203,0.2661,10745.13,0,0,Paycheck-to-Paycheck Spender,มนุษย์เงินเดือนชนเดือน (สภาพคล่องจำกัดปลายเดือน),"First Jobber รายได้ 18,000–35,000 บาท ใช้ชีวิตเดือนชนเดือน ต้องการระบบออมเงินอัตโนมัติแบบไม่ต้องจดบันทึก และสามารถดึงเงินคืนเข้าบัญชีหลักได้ทันที 100% เมื่อถึงกำหนดจ่ายค่าเช่าหรือบิล",0.06,MODERATE,FLEXIBLE,10110.0,4250.0,2270.0,1900.0,16630.0,0.2808,0.1181,0.0631,เช่าคอนโดติดรถไฟฟ้า,ผ่อนบัตรเครดิต & สินเชื่อ
ACC_0222,USER_0012,24000.0,681.45,4691.0,0.1955,0.2616,10416.45,0,1,High-Yield Seeker Novice,ผู้แสวงหาผลตอบแทนสูง (มีเงินเก็บ ต้องการดอกเบี้ยสูง),"First Jobber รายได้ 24,000–45,000 บาท มีเงินเก็บก้อนแรก 30,000–100,000 บาท มองหาผลตอบแทนดอกเบี้ยสูง ป้องกันความเสี่ยงจากการหลอกลงทุนด้วย Protected Vault Protocol",0.12,HIGH,MAXIMUM,4520.0,0.0,1160.0,9200.0,5680.0,0.1883,0.0,0.0483,พักกับครอบครัว/ที่บ้าน,ไม่มีหนี้ผ่อนชำระ
ACC_0223,USER_0013,24000.0,583.76,6904.8,0.2877,0.2787,15046.17,0,1,High-Yield Seeker Novice,ผู้แสวงหาผลตอบแทนสูง (มีเงินเก็บ ต้องการดอกเบี้ยสูง),"First Jobber รายได้ 24,000–45,000 บาท มีเงินเก็บก้อนแรก 30,000–100,000 บาท มองหาผลตอบแทนดอกเบี้ยสูง ป้องกันความเสี่ยงจากการหลอกลงทุนด้วย Protected Vault Protocol",0.12,HIGH,MAXIMUM,4020.0,0.0,1400.0,7000.0,5420.0,0.1675,0.0,0.0583,เช่าอพาร์ตเมนต์ราคาประหยัด,ไม่มีหนี้ผ่อนชำระ
ACC_0224,USER_0014,36000.0,602.34,8123.2,0.2256,0.2675,9702.96,0,0,Paycheck-to-Paycheck Spender,มนุษย์เงินเดือนชนเดือน (สภาพคล่องจำกัดปลายเดือน),"First Jobber รายได้ 18,000–35,000 บาท ใช้ชีวิตเดือนชนเดือน ต้องการระบบออมเงินอัตโนมัติแบบไม่ต้องจดบันทึก และสามารถดึงเงินคืนเข้าบัญชีหลักได้ทันที 100% เมื่อถึงกำหนดจ่ายค่าเช่าหรือบิล",0.06,MODERATE,FLEXIBLE,8040.0,6170.0,1620.0,2700.0,15830.0,0.2233,0.1714,0.045,เช่าอพาร์ตเมนต์ชานเมือง,ผ่อนบัตรเครดิต & สินเชื่อ
ACC_0225,USER_0015,28000.0,580.14,2377.2,0.0849,0.2627,6674.65,0,0,Paycheck-to-Paycheck Spender,มนุษย์เงินเดือนชนเดือน (สภาพคล่องจำกัดปลายเดือน),"First Jobber รายได้ 18,000–35,000 บาท ใช้ชีวิตเดือนชนเดือน ต้องการระบบออมเงินอัตโนมัติแบบไม่ต้องจดบันทึก และสามารถดึงเงินคืนเข้าบัญชีหลักได้ทันที 100% เมื่อถึงกำหนดจ่ายค่าเช่าหรือบิล",0.06,MODERATE,FLEXIBLE,8720.0,3250.0,2050.0,2800.0,14020.0,0.3114,0.1161,0.0732,เช่าอพาร์ตเมนต์ชานเมือง,ผ่อนบัตรเครดิต & สินเชื่อ
ACC_0226,USER_0016,20000.0,620.72,975.6,0.0488,0.189,16319.32,0,1,High-Yield Seeker Novice,ผู้แสวงหาผลตอบแทนสูง (มีเงินเก็บ ต้องการดอกเบี้ยสูง),"First Jobber รายได้ 24,000–45,000 บาท มีเงินเก็บก้อนแรก 30,000–100,000 บาท มองหาผลตอบแทนดอกเบี้ยสูง ป้องกันความเสี่ยงจากการหลอกลงทุนด้วย Protected Vault Protocol",0.12,HIGH,MAXIMUM,3620.0,1800.0,1190.0,7600.0,6610.0,0.181,0.09,0.0595,พักกับครอบครัว/ที่บ้าน,ผ่อนอุปกรณ์ไอที/คอมพิวเตอร์
ACC_0227,USER_0017,28000.0,619.41,3501.8,0.1251,0.2586,4039.54,0,0,Paycheck-to-Paycheck Spender,มนุษย์เงินเดือนชนเดือน (สภาพคล่องจำกัดปลายเดือน),"First Jobber รายได้ 18,000–35,000 บาท ใช้ชีวิตเดือนชนเดือน ต้องการระบบออมเงินอัตโนมัติแบบไม่ต้องจดบันทึก และสามารถดึงเงินคืนเข้าบัญชีหลักได้ทันที 100% เมื่อถึงกำหนดจ่ายค่าเช่าหรือบิล",0.06,MODERATE,FLEXIBLE,7660.0,2760.0,1690.0,2100.0,12110.0,0.2736,0.0986,0.0604,เช่าอพาร์ตเมนต์ชานเมือง,ผ่อนหนี้ กยศ.
ACC_0228,USER_0018,36000.0,653.75,5955.0,0.1654,0.2491,8780.97,0,0,Paycheck-to-Paycheck Spender,มนุษย์เงินเดือนชนเดือน (สภาพคล่องจำกัดปลายเดือน),"First Jobber รายได้ 18,000–35,000 บาท ใช้ชีวิตเดือนชนเดือน ต้องการระบบออมเงินอัตโนมัติแบบไม่ต้องจดบันทึก และสามารถดึงเงินคืนเข้าบัญชีหลักได้ทันที 100% เมื่อถึงกำหนดจ่ายค่าเช่าหรือบิล",0.06,MODERATE,FLEXIBLE,9460.0,5760.0,1750.0,2400.0,16970.0,0.2628,0.16,0.0486,เช่าคอนโดติดรถไฟฟ้า,ผ่อนบัตรเครดิต & สินเชื่อ
ACC_0229,USER_0019,28000.0,634.7,1446.0,0.0516,0.2931,3552.4,0,0,Paycheck-to-Paycheck Spender,มนุษย์เงินเดือนชนเดือน (สภาพคล่องจำกัดปลายเดือน),"First Jobber รายได้ 18,000–35,000 บาท ใช้ชีวิตเดือนชนเดือน ต้องการระบบออมเงินอัตโนมัติแบบไม่ต้องจดบันทึก และสามารถดึงเงินคืนเข้าบัญชีหลักได้ทันที 100% เมื่อถึงกำหนดจ่ายค่าเช่าหรือบิล",0.06,MODERATE,FLEXIBLE,7220.0,4580.0,2060.0,2100.0,13860.0,0.2579,0.1636,0.0736,ผ่อนห้องชุดคอนโดมิเนียม,ผ่อนหนี้ กยศ.
ACC_0230,USER_0020,36000.0,618.23,7085.4,0.1968,0.2217,12096.0,0,0,Paycheck-to-Paycheck Spender,มนุษย์เงินเดือนชนเดือน (สภาพคล่องจำกัดปลายเดือน),"First Jobber รายได้ 18,000–35,000 บาท ใช้ชีวิตเดือนชนเดือน ต้องการระบบออมเงินอัตโนมัติแบบไม่ต้องจดบันทึก และสามารถดึงเงินคืนเข้าบัญชีหลักได้ทันที 100% เมื่อถึงกำหนดจ่ายค่าเช่าหรือบิล",0.06,MODERATE,FLEXIBLE,9820.0,4800.0,1930.0,2500.0,16550.0,0.2728,0.1333,0.0536,ผ่อนห้องชุดคอนโดมิเนียม,ผ่อนหนี้ กยศ.
ACC_0231,USER_0021,24000.0,627.86,6972.8,0.2905,0.2491,14503.9,0,1,High-Yield Seeker Novice,ผู้แสวงหาผลตอบแทนสูง (มีเงินเก็บ ต้องการดอกเบี้ยสูง),"First Jobber รายได้ 24,000–45,000 บาท มีเงินเก็บก้อนแรก 30,000–100,000 บาท มองหาผลตอบแทนดอกเบี้ยสูง ป้องกันความเสี่ยงจากการหลอกลงทุนด้วย Protected Vault Protocol",0.12,HIGH,MAXIMUM,3560.0,0.0,910.0,8600.0,4470.0,0.1483,0.0,0.0379,พักกับครอบครัว/ที่บ้าน,ไม่มีหนี้ผ่อนชำระ
ACC_0232,USER_0022,32000.0,629.9,5042.0,0.1576,0.258,7233.54,0,0,Paycheck-to-Paycheck Spender,มนุษย์เงินเดือนชนเดือน (สภาพคล่องจำกัดปลายเดือน),"First Jobber รายได้ 18,000–35,000 บาท ใช้ชีวิตเดือนชนเดือน ต้องการระบบออมเงินอัตโนมัติแบบไม่ต้องจดบันทึก และสามารถดึงเงินคืนเข้าบัญชีหลักได้ทันที 100% เมื่อถึงกำหนดจ่ายค่าเช่าหรือบิล",0.06,MODERATE,FLEXIBLE,7910.0,4620.0,1830.0,1600.0,14360.0,0.2472,0.1444,0.0572,เช่าอพาร์ตเมนต์ชานเมือง,ผ่อนหนี้ กยศ.
ACC_0233,USER_0023,20000.0,565.35,3823.0,0.1911,0.2316,4391.51,0,1,High-Yield Seeker Novice,ผู้แสวงหาผลตอบแทนสูง (มีเงินเก็บ ต้องการดอกเบี้ยสูง),"First Jobber รายได้ 24,000–45,000 บาท มีเงินเก็บก้อนแรก 30,000–100,000 บาท มองหาผลตอบแทนดอกเบี้ยสูง ป้องกันความเสี่ยงจากการหลอกลงทุนด้วย Protected Vault Protocol",0.12,HIGH,MAXIMUM,3850.0,0.0,1020.0,5800.0,4870.0,0.1925,0.0,0.051,เช่าอพาร์ตเมนต์ราคาประหยัด,ไม่มีหนี้ผ่อนชำระ
ACC_0234,USER_0024,36000.0,559.35,8313.0,0.2309,0.2444,2495.48,0,0,Paycheck-to-Paycheck Spender,มนุษย์เงินเดือนชนเดือน (สภาพคล่องจำกัดปลายเดือน),"First Jobber รายได้ 18,000–35,000 บาท ใช้ชีวิตเดือนชนเดือน ต้องการระบบออมเงินอัตโนมัติแบบไม่ต้องจดบันทึก และสามารถดึงเงินคืนเข้าบัญชีหลักได้ทันที 100% เมื่อถึงกำหนดจ่ายค่าเช่าหรือบิล",0.06,MODERATE,FLEXIBLE,9740.0,5020.0,1740.0,2600.0,16500.0,0.2706,0.1394,0.0483,ผ่อนห้องชุดคอนโดมิเนียม,ผ่อนบัตรเครดิต & สินเชื่อ
ACC_0235,USER_0025,28000.0,683.89,6302.2,0.2251,0.2573,16889.41,0,1,High-Yield Seeker Novice,ผู้แสวงหาผลตอบแทนสูง (มีเงินเก็บ ต้องการดอกเบี้ยสูง),"First Jobber รายได้ 24,000–45,000 บาท มีเงินเก็บก้อนแรก 30,000–100,000 บาท มองหาผลตอบแทนดอกเบี้ยสูง ป้องกันความเสี่ยงจากการหลอกลงทุนด้วย Protected Vault Protocol",0.12,HIGH,MAXIMUM,5170.0,1400.0,1450.0,9900.0,8020.0,0.1846,0.05,0.0518,พักกับครอบครัว/ที่บ้าน,ผ่อนสมาร์ตโฟน 0%
ACC_0236,USER_0026,36000.0,684.13,3167.4,0.088,0.2337,3245.85,0,0,Paycheck-to-Paycheck Spender,มนุษย์เงินเดือนชนเดือน (สภาพคล่องจำกัดปลายเดือน),"First Jobber รายได้ 18,000–35,000 บาท ใช้ชีวิตเดือนชนเดือน ต้องการระบบออมเงินอัตโนมัติแบบไม่ต้องจดบันทึก และสามารถดึงเงินคืนเข้าบัญชีหลักได้ทันที 100% เมื่อถึงกำหนดจ่ายค่าเช่าหรือบิล",0.06,MODERATE,FLEXIBLE,11390.0,6280.0,1480.0,2300.0,19150.0,0.3164,0.1744,0.0411,ผ่อนห้องชุดคอนโดมิเนียม,ผ่อนค่างวดรถมอเตอร์ไซค์
ACC_0237,USER_0027,24000.0,596.07,5948.6,0.2479,0.2222,17804.94,0,1,High-Yield Seeker Novice,ผู้แสวงหาผลตอบแทนสูง (มีเงินเก็บ ต้องการดอกเบี้ยสูง),"First Jobber รายได้ 24,000–45,000 บาท มีเงินเก็บก้อนแรก 30,000–100,000 บาท มองหาผลตอบแทนดอกเบี้ยสูง ป้องกันความเสี่ยงจากการหลอกลงทุนด้วย Protected Vault Protocol",0.12,HIGH,MAXIMUM,3530.0,1200.0,1400.0,9200.0,6130.0,0.1471,0.05,0.0583,เช่าห้องพักสไตล์มินิมอล,ผ่อนสมาร์ตโฟน 0%
ACC_0238,USER_0028,28000.0,585.07,2628.6,0.0939,0.2098,3045.42,0,0,Paycheck-to-Paycheck Spender,มนุษย์เงินเดือนชนเดือน (สภาพคล่องจำกัดปลายเดือน),"First Jobber รายได้ 18,000–35,000 บาท ใช้ชีวิตเดือนชนเดือน ต้องการระบบออมเงินอัตโนมัติแบบไม่ต้องจดบันทึก และสามารถดึงเงินคืนเข้าบัญชีหลักได้ทันที 100% เมื่อถึงกำหนดจ่ายค่าเช่าหรือบิล",0.06,MODERATE,FLEXIBLE,7790.0,3420.0,2460.0,3100.0,13670.0,0.2782,0.1221,0.0879,ผ่อนห้องชุดคอนโดมิเนียม,ผ่อนสมาร์ตโฟน & แท็บเล็ต
ACC_0239,USER_0029,24000.0,600.09,6178.2,0.2574,0.3235,6957.3,0,1,High-Yield Seeker Novice,ผู้แสวงหาผลตอบแทนสูง (มีเงินเก็บ ต้องการดอกเบี้ยสูง),"First Jobber รายได้ 24,000–45,000 บาท มีเงินเก็บก้อนแรก 30,000–100,000 บาท มองหาผลตอบแทนดอกเบี้ยสูง ป้องกันความเสี่ยงจากการหลอกลงทุนด้วย Protected Vault Protocol",0.12,HIGH,MAXIMUM,4940.0,0.0,880.0,9100.0,5820.0,0.2058,0.0,0.0367,เช่าห้องพักสไตล์มินิมอล,ไม่มีหนี้ผ่อนชำระ
ACC_0240,USER_0030,28000.0,652.24,1985.2,0.0709,0.2188,6696.1,0,0,Paycheck-to-Paycheck Spender,มนุษย์เงินเดือนชนเดือน (สภาพคล่องจำกัดปลายเดือน),"First Jobber รายได้ 18,000–35,000 บาท ใช้ชีวิตเดือนชนเดือน ต้องการระบบออมเงินอัตโนมัติแบบไม่ต้องจดบันทึก และสามารถดึงเงินคืนเข้าบัญชีหลักได้ทันที 100% เมื่อถึงกำหนดจ่ายค่าเช่าหรือบิล",0.06,MODERATE,FLEXIBLE,7310.0,3790.0,1870.0,2100.0,12970.0,0.2611,0.1354,0.0668,เช่าอพาร์ตเมนต์ชานเมือง,ผ่อนสมาร์ตโฟน & แท็บเล็ต
ACC_0241,USER_0031,36000.0,554.28,8854.4,0.246,0.2492,11839.16,0,0,Paycheck-to-Paycheck Spender,มนุษย์เงินเดือนชนเดือน (สภาพคล่องจำกัดปลายเดือน),"First Jobber รายได้ 18,000–35,000 บาท ใช้ชีวิตเดือนชนเดือน ต้องการระบบออมเงินอัตโนมัติแบบไม่ต้องจดบันทึก และสามารถดึงเงินคืนเข้าบัญชีหลักได้ทันที 100% เมื่อถึงกำหนดจ่ายค่าเช่าหรือบิล",0.06,MODERATE,FLEXIBLE,10730.0,3290.0,2040.0,3500.0,16060.0,0.2981,0.0914,0.0567,ผ่อนห้องชุดคอนโดมิเนียม,ผ่อนค่างวดรถมอเตอร์ไซค์
ACC_0242,USER_0032,28000.0,599.66,3766.8,0.1345,0.2195,12954.98,0,0,Paycheck-to-Paycheck Spender,มนุษย์เงินเดือนชนเดือน (สภาพคล่องจำกัดปลายเดือน),"First Jobber รายได้ 18,000–35,000 บาท ใช้ชีวิตเดือนชนเดือน ต้องการระบบออมเงินอัตโนมัติแบบไม่ต้องจดบันทึก และสามารถดึงเงินคืนเข้าบัญชีหลักได้ทันที 100% เมื่อถึงกำหนดจ่ายค่าเช่าหรือบิล",0.06,MODERATE,FLEXIBLE,6670.0,3600.0,1970.0,3000.0,12240.0,0.2382,0.1286,0.0704,เช่าอพาร์ตเมนต์ชานเมือง,ผ่อนบัตรเครดิต & สินเชื่อ
ACC_0243,USER_0033,36000.0,645.28,7924.4,0.2201,0.174,5322.17,0,0,Paycheck-to-Paycheck Spender,มนุษย์เงินเดือนชนเดือน (สภาพคล่องจำกัดปลายเดือน),"First Jobber รายได้ 18,000–35,000 บาท ใช้ชีวิตเดือนชนเดือน ต้องการระบบออมเงินอัตโนมัติแบบไม่ต้องจดบันทึก และสามารถดึงเงินคืนเข้าบัญชีหลักได้ทันที 100% เมื่อถึงกำหนดจ่ายค่าเช่าหรือบิล",0.06,MODERATE,FLEXIBLE,9370.0,3660.0,2140.0,2300.0,15170.0,0.2603,0.1017,0.0594,เช่าอพาร์ตเมนต์ชานเมือง,ผ่อนสมาร์ตโฟน & แท็บเล็ต
ACC_0244,USER_0034,36000.0,584.73,5585.4,0.1551,0.2935,6650.84,0,0,Paycheck-to-Paycheck Spender,มนุษย์เงินเดือนชนเดือน (สภาพคล่องจำกัดปลายเดือน),"First Jobber รายได้ 18,000–35,000 บาท ใช้ชีวิตเดือนชนเดือน ต้องการระบบออมเงินอัตโนมัติแบบไม่ต้องจดบันทึก และสามารถดึงเงินคืนเข้าบัญชีหลักได้ทันที 100% เมื่อถึงกำหนดจ่ายค่าเช่าหรือบิล",0.06,MODERATE,FLEXIBLE,11160.0,5370.0,2190.0,3100.0,18720.0,0.31,0.1492,0.0608,เช่าคอนโดติดรถไฟฟ้า,ผ่อนสมาร์ตโฟน & แท็บเล็ต
ACC_0245,USER_0035,28000.0,546.1,4278.0,0.1528,0.181,16509.66,0,0,Paycheck-to-Paycheck Spender,มนุษย์เงินเดือนชนเดือน (สภาพคล่องจำกัดปลายเดือน),"First Jobber รายได้ 18,000–35,000 บาท ใช้ชีวิตเดือนชนเดือน ต้องการระบบออมเงินอัตโนมัติแบบไม่ต้องจดบันทึก และสามารถดึงเงินคืนเข้าบัญชีหลักได้ทันที 100% เมื่อถึงกำหนดจ่ายค่าเช่าหรือบิล",0.06,MODERATE,FLEXIBLE,7770.0,3010.0,2020.0,2800.0,12800.0,0.2775,0.1075,0.0721,เช่าอพาร์ตเมนต์ชานเมือง,ผ่อนค่างวดรถมอเตอร์ไซค์
ACC_0246,USER_0036,36000.0,605.64,10827.2,0.3008,0.2611,9674.39,0,0,Paycheck-to-Paycheck Spender,มนุษย์เงินเดือนชนเดือน (สภาพคล่องจำกัดปลายเดือน),"First Jobber รายได้ 18,000–35,000 บาท ใช้ชีวิตเดือนชนเดือน ต้องการระบบออมเงินอัตโนมัติแบบไม่ต้องจดบันทึก และสามารถดึงเงินคืนเข้าบัญชีหลักได้ทันที 100% เมื่อถึงกำหนดจ่ายค่าเช่าหรือบิล",0.06,MODERATE,FLEXIBLE,8660.0,2920.0,1480.0,3300.0,13060.0,0.2406,0.0811,0.0411,เช่าอพาร์ตเมนต์ชานเมือง,ผ่อนหนี้ กยศ.
ACC_0247,USER_0037,24000.0,601.5,4910.0,0.2046,0.2094,7858.89,0,1,High-Yield Seeker Novice,ผู้แสวงหาผลตอบแทนสูง (มีเงินเก็บ ต้องการดอกเบี้ยสูง),"First Jobber รายได้ 24,000–45,000 บาท มีเงินเก็บก้อนแรก 30,000–100,000 บาท มองหาผลตอบแทนดอกเบี้ยสูง ป้องกันความเสี่ยงจากการหลอกลงทุนด้วย Protected Vault Protocol",0.12,HIGH,MAXIMUM,4510.0,1200.0,1350.0,5500.0,7060.0,0.1879,0.05,0.0562,เช่าห้องพักสไตล์มินิมอล,ผ่อนสมาร์ตโฟน 0%
ACC_0248,USER_0038,20000.0,595.73,3375.4,0.1688,0.2054,13071.79,0,1,High-Yield Seeker Novice,ผู้แสวงหาผลตอบแทนสูง (มีเงินเก็บ ต้องการดอกเบี้ยสูง),"First Jobber รายได้ 24,000–45,000 บาท มีเงินเก็บก้อนแรก 30,000–100,000 บาท มองหาผลตอบแทนดอกเบี้ยสูง ป้องกันความเสี่ยงจากการหลอกลงทุนด้วย Protected Vault Protocol",0.12,HIGH,MAXIMUM,3470.0,0.0,1240.0,4800.0,4710.0,0.1735,0.0,0.062,พักกับครอบครัว/ที่บ้าน,ไม่มีหนี้ผ่อนชำระ
ACC_0249,USER_0039,32000.0,594.74,5805.2,0.1814,0.2524,10270.99,0,0,Paycheck-to-Paycheck Spender,มนุษย์เงินเดือนชนเดือน (สภาพคล่องจำกัดปลายเดือน),"First Jobber รายได้ 18,000–35,000 บาท ใช้ชีวิตเดือนชนเดือน ต้องการระบบออมเงินอัตโนมัติแบบไม่ต้องจดบันทึก และสามารถดึงเงินคืนเข้าบัญชีหลักได้ทันที 100% เมื่อถึงกำหนดจ่ายค่าเช่าหรือบิล",0.06,MODERATE,FLEXIBLE,9400.0,2820.0,2080.0,2000.0,14300.0,0.2938,0.0881,0.065,เช่าคอนโดติดรถไฟฟ้า,ผ่อนหนี้ กยศ.
ACC_0250,USER_0040,24000.0,681.58,5068.4,0.2112,0.2289,5436.47,0,1,High-Yield Seeker Novice,ผู้แสวงหาผลตอบแทนสูง (มีเงินเก็บ ต้องการดอกเบี้ยสูง),"First Jobber รายได้ 24,000–45,000 บาท มีเงินเก็บก้อนแรก 30,000–100,000 บาท มองหาผลตอบแทนดอกเบี้ยสูง ป้องกันความเสี่ยงจากการหลอกลงทุนด้วย Protected Vault Protocol",0.12,HIGH,MAXIMUM,3910.0,0.0,1390.0,6100.0,5300.0,0.1629,0.0,0.0579,เช่าอพาร์ตเมนต์ราคาประหยัด,ไม่มีหนี้ผ่อนชำระ
ACC_0251,USER_0041,28000.0,584.79,1594.2,0.0569,0.2801,12201.78,0,0,Paycheck-to-Paycheck Spender,มนุษย์เงินเดือนชนเดือน (สภาพคล่องจำกัดปลายเดือน),"First Jobber รายได้ 18,000–35,000 บาท ใช้ชีวิตเดือนชนเดือน ต้องการระบบออมเงินอัตโนมัติแบบไม่ต้องจดบันทึก และสามารถดึงเงินคืนเข้าบัญชีหลักได้ทันที 100% เมื่อถึงกำหนดจ่ายค่าเช่าหรือบิล",0.06,MODERATE,FLEXIBLE,8820.0,3350.0,2540.0,1800.0,14710.0,0.315,0.1196,0.0907,เช่าคอนโดติดรถไฟฟ้า,ผ่อนสมาร์ตโฟน & แท็บเล็ต
ACC_0252,USER_0042,36000.0,629.39,9492.2,0.2637,0.1914,2086.61,0,0,Paycheck-to-Paycheck Spender,มนุษย์เงินเดือนชนเดือน (สภาพคล่องจำกัดปลายเดือน),"First Jobber รายได้ 18,000–35,000 บาท ใช้ชีวิตเดือนชนเดือน ต้องการระบบออมเงินอัตโนมัติแบบไม่ต้องจดบันทึก และสามารถดึงเงินคืนเข้าบัญชีหลักได้ทันที 100% เมื่อถึงกำหนดจ่ายค่าเช่าหรือบิล",0.06,MODERATE,FLEXIBLE,8030.0,3820.0,2070.0,1600.0,13920.0,0.2231,0.1061,0.0575,เช่าอพาร์ตเมนต์ชานเมือง,ผ่อนหนี้ กยศ.
ACC_0253,USER_0043,20000.0,554.81,3723.8,0.1862,0.2122,6192.96,0,1,High-Yield Seeker Novice,ผู้แสวงหาผลตอบแทนสูง (มีเงินเก็บ ต้องการดอกเบี้ยสูง),"First Jobber รายได้ 24,000–45,000 บาท มีเงินเก็บก้อนแรก 30,000–100,000 บาท มองหาผลตอบแทนดอกเบี้ยสูง ป้องกันความเสี่ยงจากการหลอกลงทุนด้วย Protected Vault Protocol",0.12,HIGH,MAXIMUM,3750.0,0.0,1430.0,5100.0,5180.0,0.1875,0.0,0.0715,เช่าห้องพักสไตล์มินิมอล,ไม่มีหนี้ผ่อนชำระ
ACC_0254,USER_0044,32000.0,593.95,5861.0,0.1832,0.2257,10192.99,0,0,Paycheck-to-Paycheck Spender,มนุษย์เงินเดือนชนเดือน (สภาพคล่องจำกัดปลายเดือน),"First Jobber รายได้ 18,000–35,000 บาท ใช้ชีวิตเดือนชนเดือน ต้องการระบบออมเงินอัตโนมัติแบบไม่ต้องจดบันทึก และสามารถดึงเงินคืนเข้าบัญชีหลักได้ทันที 100% เมื่อถึงกำหนดจ่ายค่าเช่าหรือบิล",0.06,MODERATE,FLEXIBLE,8160.0,3880.0,2220.0,2700.0,14260.0,0.255,0.1212,0.0694,เช่าคอนโดติดรถไฟฟ้า,ผ่อนหนี้ กยศ.
ACC_0255,USER_0045,32000.0,681.27,6984.6,0.2183,0.2552,9422.98,0,0,Paycheck-to-Paycheck Spender,มนุษย์เงินเดือนชนเดือน (สภาพคล่องจำกัดปลายเดือน),"First Jobber รายได้ 18,000–35,000 บาท ใช้ชีวิตเดือนชนเดือน ต้องการระบบออมเงินอัตโนมัติแบบไม่ต้องจดบันทึก และสามารถดึงเงินคืนเข้าบัญชีหลักได้ทันที 100% เมื่อถึงกำหนดจ่ายค่าเช่าหรือบิล",0.06,MODERATE,FLEXIBLE,7280.0,2810.0,1300.0,3400.0,11390.0,0.2275,0.0878,0.0406,เช่าอพาร์ตเมนต์ชานเมือง,ผ่อนสมาร์ตโฟน & แท็บเล็ต
ACC_0256,USER_0046,28000.0,571.24,4655.2,0.1663,0.2158,2732.54,0,0,Paycheck-to-Paycheck Spender,มนุษย์เงินเดือนชนเดือน (สภาพคล่องจำกัดปลายเดือน),"First Jobber รายได้ 18,000–35,000 บาท ใช้ชีวิตเดือนชนเดือน ต้องการระบบออมเงินอัตโนมัติแบบไม่ต้องจดบันทึก และสามารถดึงเงินคืนเข้าบัญชีหลักได้ทันที 100% เมื่อถึงกำหนดจ่ายค่าเช่าหรือบิล",0.06,MODERATE,FLEXIBLE,6450.0,3120.0,2350.0,3400.0,11920.0,0.2304,0.1114,0.0839,เช่าคอนโดติดรถไฟฟ้า,ผ่อนสมาร์ตโฟน & แท็บเล็ต
ACC_0257,USER_0047,36000.0,580.43,7811.4,0.217,0.2215,16877.22,0,0,Paycheck-to-Paycheck Spender,มนุษย์เงินเดือนชนเดือน (สภาพคล่องจำกัดปลายเดือน),"First Jobber รายได้ 18,000–35,000 บาท ใช้ชีวิตเดือนชนเดือน ต้องการระบบออมเงินอัตโนมัติแบบไม่ต้องจดบันทึก และสามารถดึงเงินคืนเข้าบัญชีหลักได้ทันที 100% เมื่อถึงกำหนดจ่ายค่าเช่าหรือบิล",0.06,MODERATE,FLEXIBLE,10410.0,4760.0,1410.0,3400.0,16580.0,0.2892,0.1322,0.0392,ผ่อนห้องชุดคอนโดมิเนียม,ผ่อนค่างวดรถมอเตอร์ไซค์
ACC_0258,USER_0048,24000.0,609.46,4630.8,0.193,0.2578,3354.04,0,1,High-Yield Seeker Novice,ผู้แสวงหาผลตอบแทนสูง (มีเงินเก็บ ต้องการดอกเบี้ยสูง),"First Jobber รายได้ 24,000–45,000 บาท มีเงินเก็บก้อนแรก 30,000–100,000 บาท มองหาผลตอบแทนดอกเบี้ยสูง ป้องกันความเสี่ยงจากการหลอกลงทุนด้วย Protected Vault Protocol",0.12,HIGH,MAXIMUM,4590.0,1200.0,1390.0,8000.0,7180.0,0.1912,0.05,0.0579,เช่าห้องพักสไตล์มินิมอล,ผ่อนอุปกรณ์ไอที/คอมพิวเตอร์
ACC_0259,USER_0049,36000.0,618.64,7687.2,0.2135,0.2469,13043.52,0,0,Paycheck-to-Paycheck Spender,มนุษย์เงินเดือนชนเดือน (สภาพคล่องจำกัดปลายเดือน),"First Jobber รายได้ 18,000–35,000 บาท ใช้ชีวิตเดือนชนเดือน ต้องการระบบออมเงินอัตโนมัติแบบไม่ต้องจดบันทึก และสามารถดึงเงินคืนเข้าบัญชีหลักได้ทันที 100% เมื่อถึงกำหนดจ่ายค่าเช่าหรือบิล",0.06,MODERATE,FLEXIBLE,9680.0,3680.0,2580.0,3400.0,15940.0,0.2689,0.1022,0.0717,ผ่อนห้องชุดคอนโดมิเนียม,ผ่อนค่างวดรถมอเตอร์ไซค์
ACC_0260,USER_0050,36000.0,621.09,5378.2,0.1494,0.2838,3545.79,0,0,Paycheck-to-Paycheck Spender,มนุษย์เงินเดือนชนเดือน (สภาพคล่องจำกัดปลายเดือน),"First Jobber รายได้ 18,000–35,000 บาท ใช้ชีวิตเดือนชนเดือน ต้องการระบบออมเงินอัตโนมัติแบบไม่ต้องจดบันทึก และสามารถดึงเงินคืนเข้าบัญชีหลักได้ทันที 100% เมื่อถึงกำหนดจ่ายค่าเช่าหรือบิล",0.06,MODERATE,FLEXIBLE,10460.0,6210.0,1530.0,2600.0,18200.0,0.2906,0.1725,0.0425,เช่าอพาร์ตเมนต์ชานเมือง,ผ่อนหนี้ กยศ.
ACC_0261,USER_0051,20000.0,630.72,2465.6,0.1233,0.1649,14814.97,0,1,High-Yield Seeker Novice,ผู้แสวงหาผลตอบแทนสูง (มีเงินเก็บ ต้องการดอกเบี้ยสูง),"First Jobber รายได้ 24,000–45,000 บาท มีเงินเก็บก้อนแรก 30,000–100,000 บาท มองหาผลตอบแทนดอกเบี้ยสูง ป้องกันความเสี่ยงจากการหลอกลงทุนด้วย Protected Vault Protocol",0.12,HIGH,MAXIMUM,2850.0,1000.0,1070.0,9600.0,4920.0,0.1425,0.05,0.0535,พักกับครอบครัว/ที่บ้าน,ผ่อนสมาร์ตโฟน 0%
ACC_0262,USER_0052,28000.0,637.32,850.0,0.0304,0.1736,8274.45,0,0,Paycheck-to-Paycheck Spender,มนุษย์เงินเดือนชนเดือน (สภาพคล่องจำกัดปลายเดือน),"First Jobber รายได้ 18,000–35,000 บาท ใช้ชีวิตเดือนชนเดือน ต้องการระบบออมเงินอัตโนมัติแบบไม่ต้องจดบันทึก และสามารถดึงเงินคืนเข้าบัญชีหลักได้ทันที 100% เมื่อถึงกำหนดจ่ายค่าเช่าหรือบิล",0.06,MODERATE,FLEXIBLE,8800.0,3570.0,2420.0,3200.0,14790.0,0.3143,0.1275,0.0864,เช่าอพาร์ตเมนต์ชานเมือง,ผ่อนหนี้ กยศ.
ACC_0263,USER_0053,28000.0,664.2,1816.0,0.0649,0.2227,11172.54,0,0,Paycheck-to-Paycheck Spender,มนุษย์เงินเดือนชนเดือน (สภาพคล่องจำกัดปลายเดือน),"First Jobber รายได้ 18,000–35,000 บาท ใช้ชีวิตเดือนชนเดือน ต้องการระบบออมเงินอัตโนมัติแบบไม่ต้องจดบันทึก และสามารถดึงเงินคืนเข้าบัญชีหลักได้ทันที 100% เมื่อถึงกำหนดจ่ายค่าเช่าหรือบิล",0.06,MODERATE,FLEXIBLE,8480.0,2340.0,2080.0,2000.0,12900.0,0.3029,0.0836,0.0743,เช่าคอนโดติดรถไฟฟ้า,ผ่อนสมาร์ตโฟน & แท็บเล็ต
ACC_0264,USER_0054,32000.0,566.37,4672.6,0.146,0.2022,14423.45,0,0,Paycheck-to-Paycheck Spender,มนุษย์เงินเดือนชนเดือน (สภาพคล่องจำกัดปลายเดือน),"First Jobber รายได้ 18,000–35,000 บาท ใช้ชีวิตเดือนชนเดือน ต้องการระบบออมเงินอัตโนมัติแบบไม่ต้องจดบันทึก และสามารถดึงเงินคืนเข้าบัญชีหลักได้ทันที 100% เมื่อถึงกำหนดจ่ายค่าเช่าหรือบิล",0.06,MODERATE,FLEXIBLE,9870.0,4260.0,1870.0,2300.0,16000.0,0.3084,0.1331,0.0584,ผ่อนห้องชุดคอนโดมิเนียม,ผ่อนหนี้ กยศ.
ACC_0265,USER_0055,24000.0,573.3,850.0,0.0354,0.2168,10350.77,0,0,Paycheck-to-Paycheck Spender,มนุษย์เงินเดือนชนเดือน (สภาพคล่องจำกัดปลายเดือน),"First Jobber รายได้ 18,000–35,000 บาท ใช้ชีวิตเดือนชนเดือน ต้องการระบบออมเงินอัตโนมัติแบบไม่ต้องจดบันทึก และสามารถดึงเงินคืนเข้าบัญชีหลักได้ทันที 100% เมื่อถึงกำหนดจ่ายค่าเช่าหรือบิล",0.06,MODERATE,FLEXIBLE,7210.0,3210.0,2160.0,3000.0,12580.0,0.3004,0.1338,0.09,เช่าคอนโดติดรถไฟฟ้า,ผ่อนค่างวดรถมอเตอร์ไซค์
ACC_0266,USER_0056,24000.0,537.15,5757.0,0.2399,0.2243,3274.63,0,1,High-Yield Seeker Novice,ผู้แสวงหาผลตอบแทนสูง (มีเงินเก็บ ต้องการดอกเบี้ยสูง),"First Jobber รายได้ 24,000–45,000 บาท มีเงินเก็บก้อนแรก 30,000–100,000 บาท มองหาผลตอบแทนดอกเบี้ยสูง ป้องกันความเสี่ยงจากการหลอกลงทุนด้วย Protected Vault Protocol",0.12,HIGH,MAXIMUM,4180.0,2160.0,1160.0,7000.0,7500.0,0.1742,0.09,0.0483,พักกับครอบครัว/ที่บ้าน,ผ่อนอุปกรณ์ไอที/คอมพิวเตอร์
ACC_0267,USER_0057,28000.0,546.6,6348.0,0.2267,0.2374,4826.09,0,0,Paycheck-to-Paycheck Spender,มนุษย์เงินเดือนชนเดือน (สภาพคล่องจำกัดปลายเดือน),"First Jobber รายได้ 18,000–35,000 บาท ใช้ชีวิตเดือนชนเดือน ต้องการระบบออมเงินอัตโนมัติแบบไม่ต้องจดบันทึก และสามารถดึงเงินคืนเข้าบัญชีหลักได้ทันที 100% เมื่อถึงกำหนดจ่ายค่าเช่าหรือบิล",0.06,MODERATE,FLEXIBLE,6160.0,2760.0,1800.0,3400.0,10720.0,0.22,0.0986,0.0643,ผ่อนห้องชุดคอนโดมิเนียม,ผ่อนหนี้ กยศ.
ACC_0268,USER_0058,36000.0,633.13,10897.4,0.3027,0.2531,4383.65,0,0,Paycheck-to-Paycheck Spender,มนุษย์เงินเดือนชนเดือน (สภาพคล่องจำกัดปลายเดือน),"First Jobber รายได้ 18,000–35,000 บาท ใช้ชีวิตเดือนชนเดือน ต้องการระบบออมเงินอัตโนมัติแบบไม่ต้องจดบันทึก และสามารถดึงเงินคืนเข้าบัญชีหลักได้ทันที 100% เมื่อถึงกำหนดจ่ายค่าเช่าหรือบิล",0.06,MODERATE,FLEXIBLE,7950.0,3070.0,1420.0,1600.0,12440.0,0.2208,0.0853,0.0394,เช่าคอนโดติดรถไฟฟ้า,ผ่อนค่างวดรถมอเตอร์ไซค์
ACC_0269,USER_0059,24000.0,602.32,3323.6,0.1385,0.2398,6133.09,0,1,High-Yield Seeker Novice,ผู้แสวงหาผลตอบแทนสูง (มีเงินเก็บ ต้องการดอกเบี้ยสูง),"First Jobber รายได้ 24,000–45,000 บาท มีเงินเก็บก้อนแรก 30,000–100,000 บาท มองหาผลตอบแทนดอกเบี้ยสูง ป้องกันความเสี่ยงจากการหลอกลงทุนด้วย Protected Vault Protocol",0.12,HIGH,MAXIMUM,5040.0,2160.0,1430.0,6800.0,8630.0,0.21,0.09,0.0596,เช่าอพาร์ตเมนต์ราคาประหยัด,ผ่อนอุปกรณ์ไอที/คอมพิวเตอร์
ACC_0270,USER_0060,20000.0,607.84,2933.2,0.1467,0.2331,13106.0,0,1,High-Yield Seeker Novice,ผู้แสวงหาผลตอบแทนสูง (มีเงินเก็บ ต้องการดอกเบี้ยสูง),"First Jobber รายได้ 24,000–45,000 บาท มีเงินเก็บก้อนแรก 30,000–100,000 บาท มองหาผลตอบแทนดอกเบี้ยสูง ป้องกันความเสี่ยงจากการหลอกลงทุนด้วย Protected Vault Protocol",0.12,HIGH,MAXIMUM,3980.0,0.0,930.0,6500.0,4910.0,0.199,0.0,0.0465,พักกับครอบครัว/ที่บ้าน,ไม่มีหนี้ผ่อนชำระ
ACC_0271,USER_0061,32000.0,572.95,3851.0,0.1203,0.2057,12222.16,0,0,Paycheck-to-Paycheck Spender,มนุษย์เงินเดือนชนเดือน (สภาพคล่องจำกัดปลายเดือน),"First Jobber รายได้ 18,000–35,000 บาท ใช้ชีวิตเดือนชนเดือน ต้องการระบบออมเงินอัตโนมัติแบบไม่ต้องจดบันทึก และสามารถดึงเงินคืนเข้าบัญชีหลักได้ทันที 100% เมื่อถึงกำหนดจ่ายค่าเช่าหรือบิล",0.06,MODERATE,FLEXIBLE,9770.0,4850.0,2070.0,2100.0,16690.0,0.3053,0.1516,0.0647,เช่าคอนโดติดรถไฟฟ้า,ผ่อนสมาร์ตโฟน & แท็บเล็ต
ACC_0272,USER_0062,28000.0,670.92,3931.6,0.1404,0.218,5963.53,0,0,Paycheck-to-Paycheck Spender,มนุษย์เงินเดือนชนเดือน (สภาพคล่องจำกัดปลายเดือน),"First Jobber รายได้ 18,000–35,000 บาท ใช้ชีวิตเดือนชนเดือน ต้องการระบบออมเงินอัตโนมัติแบบไม่ต้องจดบันทึก และสามารถดึงเงินคืนเข้าบัญชีหลักได้ทันที 100% เมื่อถึงกำหนดจ่ายค่าเช่าหรือบิล",0.06,MODERATE,FLEXIBLE,6290.0,2550.0,1810.0,1700.0,10650.0,0.2246,0.0911,0.0646,ผ่อนห้องชุดคอนโดมิเนียม,ผ่อนสมาร์ตโฟน & แท็บเล็ต
ACC_0273,USER_0063,32000.0,581.58,5318.4,0.1662,0.266,3163.66,0,0,Paycheck-to-Paycheck Spender,มนุษย์เงินเดือนชนเดือน (สภาพคล่องจำกัดปลายเดือน),"First Jobber รายได้ 18,000–35,000 บาท ใช้ชีวิตเดือนชนเดือน ต้องการระบบออมเงินอัตโนมัติแบบไม่ต้องจดบันทึก และสามารถดึงเงินคืนเข้าบัญชีหลักได้ทันที 100% เมื่อถึงกำหนดจ่ายค่าเช่าหรือบิล",0.06,MODERATE,FLEXIBLE,9590.0,3390.0,2070.0,3500.0,15050.0,0.2997,0.1059,0.0647,ผ่อนห้องชุดคอนโดมิเนียม,ผ่อนสมาร์ตโฟน & แท็บเล็ต
ACC_0274,USER_0064,28000.0,662.49,850.0,0.0304,0.2736,6519.93,0,0,Paycheck-to-Paycheck Spender,มนุษย์เงินเดือนชนเดือน (สภาพคล่องจำกัดปลายเดือน),"First Jobber รายได้ 18,000–35,000 บาท ใช้ชีวิตเดือนชนเดือน ต้องการระบบออมเงินอัตโนมัติแบบไม่ต้องจดบันทึก และสามารถดึงเงินคืนเข้าบัญชีหลักได้ทันที 100% เมื่อถึงกำหนดจ่ายค่าเช่าหรือบิล",0.06,MODERATE,FLEXIBLE,7840.0,4770.0,2590.0,3000.0,15200.0,0.28,0.1704,0.0925,ผ่อนห้องชุดคอนโดมิเนียม,ผ่อนค่างวดรถมอเตอร์ไซค์
ACC_0275,USER_0065,24000.0,567.52,4969.6,0.2071,0.3006,8997.15,0,1,High-Yield Seeker Novice,ผู้แสวงหาผลตอบแทนสูง (มีเงินเก็บ ต้องการดอกเบี้ยสูง),"First Jobber รายได้ 24,000–45,000 บาท มีเงินเก็บก้อนแรก 30,000–100,000 บาท มองหาผลตอบแทนดอกเบี้ยสูง ป้องกันความเสี่ยงจากการหลอกลงทุนด้วย Protected Vault Protocol",0.12,HIGH,MAXIMUM,5170.0,1200.0,1310.0,7300.0,7680.0,0.2154,0.05,0.0546,พักกับครอบครัว/ที่บ้าน,ผ่อนสมาร์ตโฟน 0%
ACC_0276,USER_0066,32000.0,640.66,6776.8,0.2118,0.2795,17420.46,0,0,Paycheck-to-Paycheck Spender,มนุษย์เงินเดือนชนเดือน (สภาพคล่องจำกัดปลายเดือน),"First Jobber รายได้ 18,000–35,000 บาท ใช้ชีวิตเดือนชนเดือน ต้องการระบบออมเงินอัตโนมัติแบบไม่ต้องจดบันทึก และสามารถดึงเงินคืนเข้าบัญชีหลักได้ทันที 100% เมื่อถึงกำหนดจ่ายค่าเช่าหรือบิล",0.06,MODERATE,FLEXIBLE,7600.0,3270.0,1540.0,3100.0,12410.0,0.2375,0.1022,0.0481,เช่าอพาร์ตเมนต์ชานเมือง,ผ่อนบัตรเครดิต & สินเชื่อ
ACC_0277,USER_0067,20000.0,557.06,2658.8,0.1329,0.1738,9752.09,0,1,High-Yield Seeker Novice,ผู้แสวงหาผลตอบแทนสูง (มีเงินเก็บ ต้องการดอกเบี้ยสูง),"First Jobber รายได้ 24,000–45,000 บาท มีเงินเก็บก้อนแรก 30,000–100,000 บาท มองหาผลตอบแทนดอกเบี้ยสูง ป้องกันความเสี่ยงจากการหลอกลงทุนด้วย Protected Vault Protocol",0.12,HIGH,MAXIMUM,2890.0,1800.0,1510.0,9600.0,6200.0,0.1445,0.09,0.0755,พักกับครอบครัว/ที่บ้าน,ผ่อนสมาร์ตโฟน 0%
ACC_0278,USER_0068,32000.0,691.61,4447.8,0.139,0.2699,5133.16,0,0,Paycheck-to-Paycheck Spender,มนุษย์เงินเดือนชนเดือน (สภาพคล่องจำกัดปลายเดือน),"First Jobber รายได้ 18,000–35,000 บาท ใช้ชีวิตเดือนชนเดือน ต้องการระบบออมเงินอัตโนมัติแบบไม่ต้องจดบันทึก และสามารถดึงเงินคืนเข้าบัญชีหลักได้ทันที 100% เมื่อถึงกำหนดจ่ายค่าเช่าหรือบิล",0.06,MODERATE,FLEXIBLE,7600.0,3830.0,2290.0,2900.0,13720.0,0.2375,0.1197,0.0716,ผ่อนห้องชุดคอนโดมิเนียม,ผ่อนค่างวดรถมอเตอร์ไซค์
ACC_0279,USER_0069,28000.0,620.73,1875.4,0.067,0.2781,11372.6,0,0,Paycheck-to-Paycheck Spender,มนุษย์เงินเดือนชนเดือน (สภาพคล่องจำกัดปลายเดือน),"First Jobber รายได้ 18,000–35,000 บาท ใช้ชีวิตเดือนชนเดือน ต้องการระบบออมเงินอัตโนมัติแบบไม่ต้องจดบันทึก และสามารถดึงเงินคืนเข้าบัญชีหลักได้ทันที 100% เมื่อถึงกำหนดจ่ายค่าเช่าหรือบิล",0.06,MODERATE,FLEXIBLE,7460.0,3980.0,2270.0,1600.0,13710.0,0.2664,0.1421,0.0811,เช่าอพาร์ตเมนต์ชานเมือง,ผ่อนบัตรเครดิต & สินเชื่อ
ACC_0280,USER_0070,28000.0,561.11,4007.8,0.1431,0.2697,4132.1,0,0,Paycheck-to-Paycheck Spender,มนุษย์เงินเดือนชนเดือน (สภาพคล่องจำกัดปลายเดือน),"First Jobber รายได้ 18,000–35,000 บาท ใช้ชีวิตเดือนชนเดือน ต้องการระบบออมเงินอัตโนมัติแบบไม่ต้องจดบันทึก และสามารถดึงเงินคืนเข้าบัญชีหลักได้ทันที 100% เมื่อถึงกำหนดจ่ายค่าเช่าหรือบิล",0.06,MODERATE,FLEXIBLE,6420.0,4700.0,1650.0,1800.0,12770.0,0.2293,0.1679,0.0589,เช่าคอนโดติดรถไฟฟ้า,ผ่อนหนี้ กยศ.
ACC_0281,USER_0071,32000.0,637.3,1484.0,0.0464,0.1937,9271.03,0,0,Paycheck-to-Paycheck Spender,มนุษย์เงินเดือนชนเดือน (สภาพคล่องจำกัดปลายเดือน),"First Jobber รายได้ 18,000–35,000 บาท ใช้ชีวิตเดือนชนเดือน ต้องการระบบออมเงินอัตโนมัติแบบไม่ต้องจดบันทึก และสามารถดึงเงินคืนเข้าบัญชีหลักได้ทันที 100% เมื่อถึงกำหนดจ่ายค่าเช่าหรือบิล",0.06,MODERATE,FLEXIBLE,10100.0,5320.0,2350.0,2800.0,17770.0,0.3156,0.1662,0.0734,เช่าคอนโดติดรถไฟฟ้า,ผ่อนหนี้ กยศ.
ACC_0282,USER_0072,32000.0,638.68,6256.4,0.1955,0.2109,7894.82,0,0,Paycheck-to-Paycheck Spender,มนุษย์เงินเดือนชนเดือน (สภาพคล่องจำกัดปลายเดือน),"First Jobber รายได้ 18,000–35,000 บาท ใช้ชีวิตเดือนชนเดือน ต้องการระบบออมเงินอัตโนมัติแบบไม่ต้องจดบันทึก และสามารถดึงเงินคืนเข้าบัญชีหลักได้ทันที 100% เมื่อถึงกำหนดจ่ายค่าเช่าหรือบิล",0.06,MODERATE,FLEXIBLE,7320.0,3870.0,1780.0,2000.0,12970.0,0.2288,0.1209,0.0556,เช่าคอนโดติดรถไฟฟ้า,ผ่อนค่างวดรถมอเตอร์ไซค์
ACC_0283,USER_0073,28000.0,645.23,3485.4,0.1245,0.2815,11558.64,0,0,Paycheck-to-Paycheck Spender,มนุษย์เงินเดือนชนเดือน (สภาพคล่องจำกัดปลายเดือน),"First Jobber รายได้ 18,000–35,000 บาท ใช้ชีวิตเดือนชนเดือน ต้องการระบบออมเงินอัตโนมัติแบบไม่ต้องจดบันทึก และสามารถดึงเงินคืนเข้าบัญชีหลักได้ทันที 100% เมื่อถึงกำหนดจ่ายค่าเช่าหรือบิล",0.06,MODERATE,FLEXIBLE,7550.0,2470.0,1590.0,2900.0,11610.0,0.2696,0.0882,0.0568,เช่าคอนโดติดรถไฟฟ้า,ผ่อนบัตรเครดิต & สินเชื่อ
ACC_0284,USER_0074,24000.0,613.66,5526.8,0.2303,0.2086,15534.04,0,1,High-Yield Seeker Novice,ผู้แสวงหาผลตอบแทนสูง (มีเงินเก็บ ต้องการดอกเบี้ยสูง),"First Jobber รายได้ 24,000–45,000 บาท มีเงินเก็บก้อนแรก 30,000–100,000 บาท มองหาผลตอบแทนดอกเบี้ยสูง ป้องกันความเสี่ยงจากการหลอกลงทุนด้วย Protected Vault Protocol",0.12,HIGH,MAXIMUM,4990.0,0.0,1210.0,7800.0,6200.0,0.2079,0.0,0.0504,พักกับครอบครัว/ที่บ้าน,ไม่มีหนี้ผ่อนชำระ
ACC_0285,USER_0075,20000.0,554.35,2943.0,0.1472,0.2257,6038.44,0,1,High-Yield Seeker Novice,ผู้แสวงหาผลตอบแทนสูง (มีเงินเก็บ ต้องการดอกเบี้ยสูง),"First Jobber รายได้ 24,000–45,000 บาท มีเงินเก็บก้อนแรก 30,000–100,000 บาท มองหาผลตอบแทนดอกเบี้ยสูง ป้องกันความเสี่ยงจากการหลอกลงทุนด้วย Protected Vault Protocol",0.12,HIGH,MAXIMUM,3710.0,1000.0,1260.0,9300.0,5970.0,0.1855,0.05,0.063,เช่าห้องพักสไตล์มินิมอล,ผ่อนอุปกรณ์ไอที/คอมพิวเตอร์
ACC_0286,USER_0076,36000.0,582.86,6912.8,0.192,0.2365,4320.38,0,0,Paycheck-to-Paycheck Spender,มนุษย์เงินเดือนชนเดือน (สภาพคล่องจำกัดปลายเดือน),"First Jobber รายได้ 18,000–35,000 บาท ใช้ชีวิตเดือนชนเดือน ต้องการระบบออมเงินอัตโนมัติแบบไม่ต้องจดบันทึก และสามารถดึงเงินคืนเข้าบัญชีหลักได้ทันที 100% เมื่อถึงกำหนดจ่ายค่าเช่าหรือบิล",0.06,MODERATE,FLEXIBLE,9800.0,6010.0,1620.0,1800.0,17430.0,0.2722,0.1669,0.045,เช่าคอนโดติดรถไฟฟ้า,ผ่อนบัตรเครดิต & สินเชื่อ
ACC_0287,USER_0077,36000.0,637.7,4746.0,0.1318,0.2955,4311.76,0,0,Paycheck-to-Paycheck Spender,มนุษย์เงินเดือนชนเดือน (สภาพคล่องจำกัดปลายเดือน),"First Jobber รายได้ 18,000–35,000 บาท ใช้ชีวิตเดือนชนเดือน ต้องการระบบออมเงินอัตโนมัติแบบไม่ต้องจดบันทึก และสามารถดึงเงินคืนเข้าบัญชีหลักได้ทันที 100% เมื่อถึงกำหนดจ่ายค่าเช่าหรือบิล",0.06,MODERATE,FLEXIBLE,10930.0,5390.0,2180.0,2700.0,18500.0,0.3036,0.1497,0.0606,เช่าอพาร์ตเมนต์ชานเมือง,ผ่อนค่างวดรถมอเตอร์ไซค์
ACC_0288,USER_0078,20000.0,614.68,1356.4,0.0678,0.257,10852.31,0,1,High-Yield Seeker Novice,ผู้แสวงหาผลตอบแทนสูง (มีเงินเก็บ ต้องการดอกเบี้ยสูง),"First Jobber รายได้ 24,000–45,000 บาท มีเงินเก็บก้อนแรก 30,000–100,000 บาท มองหาผลตอบแทนดอกเบี้ยสูง ป้องกันความเสี่ยงจากการหลอกลงทุนด้วย Protected Vault Protocol",0.12,HIGH,MAXIMUM,3050.0,1800.0,1500.0,4700.0,6350.0,0.1525,0.09,0.075,เช่าอพาร์ตเมนต์ราคาประหยัด,ผ่อนอุปกรณ์ไอที/คอมพิวเตอร์
ACC_0289,USER_0079,36000.0,553.41,10191.8,0.2831,0.2785,13634.1,0,0,Paycheck-to-Paycheck Spender,มนุษย์เงินเดือนชนเดือน (สภาพคล่องจำกัดปลายเดือน),"First Jobber รายได้ 18,000–35,000 บาท ใช้ชีวิตเดือนชนเดือน ต้องการระบบออมเงินอัตโนมัติแบบไม่ต้องจดบันทึก และสามารถดึงเงินคืนเข้าบัญชีหลักได้ทันที 100% เมื่อถึงกำหนดจ่ายค่าเช่าหรือบิล",0.06,MODERATE,FLEXIBLE,8380.0,4090.0,2270.0,1800.0,14740.0,0.2328,0.1136,0.0631,เช่าอพาร์ตเมนต์ชานเมือง,ผ่อนสมาร์ตโฟน & แท็บเล็ต
ACC_0290,USER_0080,36000.0,607.42,7851.6,0.2181,0.2005,6374.6,0,0,Paycheck-to-Paycheck Spender,มนุษย์เงินเดือนชนเดือน (สภาพคล่องจำกัดปลายเดือน),"First Jobber รายได้ 18,000–35,000 บาท ใช้ชีวิตเดือนชนเดือน ต้องการระบบออมเงินอัตโนมัติแบบไม่ต้องจดบันทึก และสามารถดึงเงินคืนเข้าบัญชีหลักได้ทันที 100% เมื่อถึงกำหนดจ่ายค่าเช่าหรือบิล",0.06,MODERATE,FLEXIBLE,10640.0,3810.0,1550.0,1700.0,16000.0,0.2956,0.1058,0.0431,ผ่อนห้องชุดคอนโดมิเนียม,ผ่อนบัตรเครดิต & สินเชื่อ
ACC_0291,USER_0081,20000.0,634.91,2471.8,0.1236,0.2753,3573.11,0,1,High-Yield Seeker Novice,ผู้แสวงหาผลตอบแทนสูง (มีเงินเก็บ ต้องการดอกเบี้ยสูง),"First Jobber รายได้ 24,000–45,000 บาท มีเงินเก็บก้อนแรก 30,000–100,000 บาท มองหาผลตอบแทนดอกเบี้ยสูง ป้องกันความเสี่ยงจากการหลอกลงทุนด้วย Protected Vault Protocol",0.12,HIGH,MAXIMUM,3700.0,0.0,1130.0,4500.0,4830.0,0.185,0.0,0.0565,เช่าห้องพักสไตล์มินิมอล,ไม่มีหนี้ผ่อนชำระ
ACC_0292,USER_0082,28000.0,613.24,2565.2,0.0916,0.2405,6020.73,0,0,Paycheck-to-Paycheck Spender,มนุษย์เงินเดือนชนเดือน (สภาพคล่องจำกัดปลายเดือน),"First Jobber รายได้ 18,000–35,000 บาท ใช้ชีวิตเดือนชนเดือน ต้องการระบบออมเงินอัตโนมัติแบบไม่ต้องจดบันทึก และสามารถดึงเงินคืนเข้าบัญชีหลักได้ทันที 100% เมื่อถึงกำหนดจ่ายค่าเช่าหรือบิล",0.06,MODERATE,FLEXIBLE,8340.0,2540.0,2290.0,2600.0,13170.0,0.2979,0.0907,0.0818,เช่าอพาร์ตเมนต์ชานเมือง,ผ่อนหนี้ กยศ.
ACC_0293,USER_0083,36000.0,626.15,8337.0,0.2316,0.1898,15051.81,0,0,Paycheck-to-Paycheck Spender,มนุษย์เงินเดือนชนเดือน (สภาพคล่องจำกัดปลายเดือน),"First Jobber รายได้ 18,000–35,000 บาท ใช้ชีวิตเดือนชนเดือน ต้องการระบบออมเงินอัตโนมัติแบบไม่ต้องจดบันทึก และสามารถดึงเงินคืนเข้าบัญชีหลักได้ทันที 100% เมื่อถึงกำหนดจ่ายค่าเช่าหรือบิล",0.06,MODERATE,FLEXIBLE,9330.0,3530.0,2280.0,3100.0,15140.0,0.2592,0.0981,0.0633,เช่าอพาร์ตเมนต์ชานเมือง,ผ่อนค่างวดรถมอเตอร์ไซค์
ACC_0294,USER_0084,32000.0,614.24,5495.2,0.1717,0.1863,12688.41,0,0,Paycheck-to-Paycheck Spender,มนุษย์เงินเดือนชนเดือน (สภาพคล่องจำกัดปลายเดือน),"First Jobber รายได้ 18,000–35,000 บาท ใช้ชีวิตเดือนชนเดือน ต้องการระบบออมเงินอัตโนมัติแบบไม่ต้องจดบันทึก และสามารถดึงเงินคืนเข้าบัญชีหลักได้ทันที 100% เมื่อถึงกำหนดจ่ายค่าเช่าหรือบิล",0.06,MODERATE,FLEXIBLE,8000.0,4830.0,1390.0,2700.0,14220.0,0.25,0.1509,0.0434,เช่าคอนโดติดรถไฟฟ้า,ผ่อนสมาร์ตโฟน & แท็บเล็ต
ACC_0295,USER_0085,24000.0,595.74,6035.2,0.2515,0.2645,11954.45,0,1,High-Yield Seeker Novice,ผู้แสวงหาผลตอบแทนสูง (มีเงินเก็บ ต้องการดอกเบี้ยสูง),"First Jobber รายได้ 24,000–45,000 บาท มีเงินเก็บก้อนแรก 30,000–100,000 บาท มองหาผลตอบแทนดอกเบี้ยสูง ป้องกันความเสี่ยงจากการหลอกลงทุนด้วย Protected Vault Protocol",0.12,HIGH,MAXIMUM,4550.0,0.0,1500.0,9900.0,6050.0,0.1896,0.0,0.0625,เช่าห้องพักสไตล์มินิมอล,ไม่มีหนี้ผ่อนชำระ
ACC_0296,USER_0086,24000.0,540.99,6460.2,0.2692,0.2156,6874.74,0,1,High-Yield Seeker Novice,ผู้แสวงหาผลตอบแทนสูง (มีเงินเก็บ ต้องการดอกเบี้ยสูง),"First Jobber รายได้ 24,000–45,000 บาท มีเงินเก็บก้อนแรก 30,000–100,000 บาท มองหาผลตอบแทนดอกเบี้ยสูง ป้องกันความเสี่ยงจากการหลอกลงทุนด้วย Protected Vault Protocol",0.12,HIGH,MAXIMUM,4220.0,1200.0,1300.0,6600.0,6720.0,0.1758,0.05,0.0542,เช่าห้องพักสไตล์มินิมอล,ผ่อนสมาร์ตโฟน 0%
ACC_0297,USER_0087,36000.0,584.67,6846.6,0.1902,0.2073,17193.53,0,0,Paycheck-to-Paycheck Spender,มนุษย์เงินเดือนชนเดือน (สภาพคล่องจำกัดปลายเดือน),"First Jobber รายได้ 18,000–35,000 บาท ใช้ชีวิตเดือนชนเดือน ต้องการระบบออมเงินอัตโนมัติแบบไม่ต้องจดบันทึก และสามารถดึงเงินคืนเข้าบัญชีหลักได้ทันที 100% เมื่อถึงกำหนดจ่ายค่าเช่าหรือบิล",0.06,MODERATE,FLEXIBLE,10880.0,4220.0,2360.0,2000.0,17460.0,0.3022,0.1172,0.0656,ผ่อนห้องชุดคอนโดมิเนียม,ผ่อนสมาร์ตโฟน & แท็บเล็ต
ACC_0298,USER_0088,24000.0,554.85,7673.0,0.3197,0.193,13003.19,0,1,High-Yield Seeker Novice,ผู้แสวงหาผลตอบแทนสูง (มีเงินเก็บ ต้องการดอกเบี้ยสูง),"First Jobber รายได้ 24,000–45,000 บาท มีเงินเก็บก้อนแรก 30,000–100,000 บาท มองหาผลตอบแทนดอกเบี้ยสูง ป้องกันความเสี่ยงจากการหลอกลงทุนด้วย Protected Vault Protocol",0.12,HIGH,MAXIMUM,3670.0,0.0,1560.0,5100.0,5230.0,0.1529,0.0,0.065,เช่าห้องพักสไตล์มินิมอล,ไม่มีหนี้ผ่อนชำระ
ACC_0299,USER_0089,36000.0,641.46,6720.8,0.1867,0.2874,6792.88,0,0,Paycheck-to-Paycheck Spender,มนุษย์เงินเดือนชนเดือน (สภาพคล่องจำกัดปลายเดือน),"First Jobber รายได้ 18,000–35,000 บาท ใช้ชีวิตเดือนชนเดือน ต้องการระบบออมเงินอัตโนมัติแบบไม่ต้องจดบันทึก และสามารถดึงเงินคืนเข้าบัญชีหลักได้ทันที 100% เมื่อถึงกำหนดจ่ายค่าเช่าหรือบิล",0.06,MODERATE,FLEXIBLE,8510.0,5740.0,2200.0,1900.0,16450.0,0.2364,0.1594,0.0611,เช่าอพาร์ตเมนต์ชานเมือง,ผ่อนหนี้ กยศ.
ACC_0300,USER_0090,20000.0,682.37,850.0,0.0425,0.2155,9217.96,0,1,High-Yield Seeker Novice,ผู้แสวงหาผลตอบแทนสูง (มีเงินเก็บ ต้องการดอกเบี้ยสูง),"First Jobber รายได้ 24,000–45,000 บาท มีเงินเก็บก้อนแรก 30,000–100,000 บาท มองหาผลตอบแทนดอกเบี้ยสูง ป้องกันความเสี่ยงจากการหลอกลงทุนด้วย Protected Vault Protocol",0.12,HIGH,MAXIMUM,3890.0,1000.0,1050.0,9700.0,5940.0,0.1945,0.05,0.0525,เช่าห้องพักสไตล์มินิมอล,ผ่อนสมาร์ตโฟน 0%
ACC_0301,USER_0091,32000.0,564.01,2919.8,0.0912,0.2859,7396.48,0,0,Paycheck-to-Paycheck Spender,มนุษย์เงินเดือนชนเดือน (สภาพคล่องจำกัดปลายเดือน),"First Jobber รายได้ 18,000–35,000 บาท ใช้ชีวิตเดือนชนเดือน ต้องการระบบออมเงินอัตโนมัติแบบไม่ต้องจดบันทึก และสามารถดึงเงินคืนเข้าบัญชีหลักได้ทันที 100% เมื่อถึงกำหนดจ่ายค่าเช่าหรือบิล",0.06,MODERATE,FLEXIBLE,9950.0,5300.0,2550.0,3000.0,17800.0,0.3109,0.1656,0.0797,เช่าคอนโดติดรถไฟฟ้า,ผ่อนหนี้ กยศ.
ACC_0302,USER_0092,32000.0,577.47,6580.6,0.2056,0.2468,12180.5,0,0,Paycheck-to-Paycheck Spender,มนุษย์เงินเดือนชนเดือน (สภาพคล่องจำกัดปลายเดือน),"First Jobber รายได้ 18,000–35,000 บาท ใช้ชีวิตเดือนชนเดือน ต้องการระบบออมเงินอัตโนมัติแบบไม่ต้องจดบันทึก และสามารถดึงเงินคืนเข้าบัญชีหลักได้ทันที 100% เมื่อถึงกำหนดจ่ายค่าเช่าหรือบิล",0.06,MODERATE,FLEXIBLE,8040.0,3590.0,2240.0,3000.0,13870.0,0.2512,0.1122,0.07,ผ่อนห้องชุดคอนโดมิเนียม,ผ่อนค่างวดรถมอเตอร์ไซค์
ACC_0303,USER_0093,20000.0,647.18,850.0,0.0425,0.2868,14002.37,0,1,High-Yield Seeker Novice,ผู้แสวงหาผลตอบแทนสูง (มีเงินเก็บ ต้องการดอกเบี้ยสูง),"First Jobber รายได้ 24,000–45,000 บาท มีเงินเก็บก้อนแรก 30,000–100,000 บาท มองหาผลตอบแทนดอกเบี้ยสูง ป้องกันความเสี่ยงจากการหลอกลงทุนด้วย Protected Vault Protocol",0.12,HIGH,MAXIMUM,4190.0,1000.0,1270.0,7100.0,6460.0,0.2095,0.05,0.0635,เช่าอพาร์ตเมนต์ราคาประหยัด,ผ่อนอุปกรณ์ไอที/คอมพิวเตอร์
ACC_0304,USER_0094,20000.0,629.01,3449.8,0.1725,0.2197,8667.72,0,1,High-Yield Seeker Novice,ผู้แสวงหาผลตอบแทนสูง (มีเงินเก็บ ต้องการดอกเบี้ยสูง),"First Jobber รายได้ 24,000–45,000 บาท มีเงินเก็บก้อนแรก 30,000–100,000 บาท มองหาผลตอบแทนดอกเบี้ยสูง ป้องกันความเสี่ยงจากการหลอกลงทุนด้วย Protected Vault Protocol",0.12,HIGH,MAXIMUM,3050.0,0.0,920.0,5300.0,3970.0,0.1525,0.0,0.046,เช่าอพาร์ตเมนต์ราคาประหยัด,ไม่มีหนี้ผ่อนชำระ
ACC_0305,USER_0095,20000.0,598.3,1564.0,0.0782,0.2141,4482.66,0,1,High-Yield Seeker Novice,ผู้แสวงหาผลตอบแทนสูง (มีเงินเก็บ ต้องการดอกเบี้ยสูง),"First Jobber รายได้ 24,000–45,000 บาท มีเงินเก็บก้อนแรก 30,000–100,000 บาท มองหาผลตอบแทนดอกเบี้ยสูง ป้องกันความเสี่ยงจากการหลอกลงทุนด้วย Protected Vault Protocol",0.12,HIGH,MAXIMUM,4150.0,1000.0,1320.0,5200.0,6470.0,0.2075,0.05,0.066,เช่าห้องพักสไตล์มินิมอล,ผ่อนอุปกรณ์ไอที/คอมพิวเตอร์
ACC_0306,USER_0096,24000.0,599.79,4224.2,0.176,0.1925,6641.35,0,1,High-Yield Seeker Novice,ผู้แสวงหาผลตอบแทนสูง (มีเงินเก็บ ต้องการดอกเบี้ยสูง),"First Jobber รายได้ 24,000–45,000 บาท มีเงินเก็บก้อนแรก 30,000–100,000 บาท มองหาผลตอบแทนดอกเบี้ยสูง ป้องกันความเสี่ยงจากการหลอกลงทุนด้วย Protected Vault Protocol",0.12,HIGH,MAXIMUM,5130.0,1200.0,1450.0,7100.0,7780.0,0.2138,0.05,0.0604,พักกับครอบครัว/ที่บ้าน,ผ่อนสมาร์ตโฟน 0%
ACC_0307,USER_0097,28000.0,584.78,3774.4,0.1348,0.2013,7130.1,0,0,Paycheck-to-Paycheck Spender,มนุษย์เงินเดือนชนเดือน (สภาพคล่องจำกัดปลายเดือน),"First Jobber รายได้ 18,000–35,000 บาท ใช้ชีวิตเดือนชนเดือน ต้องการระบบออมเงินอัตโนมัติแบบไม่ต้องจดบันทึก และสามารถดึงเงินคืนเข้าบัญชีหลักได้ทันที 100% เมื่อถึงกำหนดจ่ายค่าเช่าหรือบิล",0.06,MODERATE,FLEXIBLE,6510.0,4160.0,1860.0,1900.0,12530.0,0.2325,0.1486,0.0664,เช่าคอนโดติดรถไฟฟ้า,ผ่อนค่างวดรถมอเตอร์ไซค์
ACC_0308,USER_0098,36000.0,605.27,9114.6,0.2532,0.2741,14551.41,0,0,Paycheck-to-Paycheck Spender,มนุษย์เงินเดือนชนเดือน (สภาพคล่องจำกัดปลายเดือน),"First Jobber รายได้ 18,000–35,000 บาท ใช้ชีวิตเดือนชนเดือน ต้องการระบบออมเงินอัตโนมัติแบบไม่ต้องจดบันทึก และสามารถดึงเงินคืนเข้าบัญชีหลักได้ทันที 100% เมื่อถึงกำหนดจ่ายค่าเช่าหรือบิล",0.06,MODERATE,FLEXIBLE,8150.0,4980.0,1650.0,3100.0,14780.0,0.2264,0.1383,0.0458,ผ่อนห้องชุดคอนโดมิเนียม,ผ่อนค่างวดรถมอเตอร์ไซค์
ACC_0309,USER_0099,20000.0,607.81,3413.8,0.1707,0.2185,14607.23,0,1,High-Yield Seeker Novice,ผู้แสวงหาผลตอบแทนสูง (มีเงินเก็บ ต้องการดอกเบี้ยสูง),"First Jobber รายได้ 24,000–45,000 บาท มีเงินเก็บก้อนแรก 30,000–100,000 บาท มองหาผลตอบแทนดอกเบี้ยสูง ป้องกันความเสี่ยงจากการหลอกลงทุนด้วย Protected Vault Protocol",0.12,HIGH,MAXIMUM,3530.0,0.0,900.0,6700.0,4430.0,0.1765,0.0,0.045,พักกับครอบครัว/ที่บ้าน,ไม่มีหนี้ผ่อนชำระ
ACC_0310,USER_0100,24000.0,624.73,3735.4,0.1556,0.2188,15096.31,0,1,High-Yield Seeker Novice,ผู้แสวงหาผลตอบแทนสูง (มีเงินเก็บ ต้องการดอกเบี้ยสูง),"First Jobber รายได้ 24,000–45,000 บาท มีเงินเก็บก้อนแรก 30,000–100,000 บาท มองหาผลตอบแทนดอกเบี้ยสูง ป้องกันความเสี่ยงจากการหลอกลงทุนด้วย Protected Vault Protocol",0.12,HIGH,MAXIMUM,5230.0,1200.0,1340.0,8700.0,7770.0,0.2179,0.05,0.0558,พักกับครอบครัว/ที่บ้าน,ผ่อนสมาร์ตโฟน 0%
ACC_0311,USER_0101,36000.0,595.56,9978.8,0.2772,0.2358,9272.63,0,0,Paycheck-to-Paycheck Spender,มนุษย์เงินเดือนชนเดือน (สภาพคล่องจำกัดปลายเดือน),"First Jobber รายได้ 18,000–35,000 บาท ใช้ชีวิตเดือนชนเดือน ต้องการระบบออมเงินอัตโนมัติแบบไม่ต้องจดบันทึก และสามารถดึงเงินคืนเข้าบัญชีหลักได้ทันที 100% เมื่อถึงกำหนดจ่ายค่าเช่าหรือบิล",0.06,MODERATE,FLEXIBLE,8060.0,4610.0,1440.0,2000.0,14110.0,0.2239,0.1281,0.04,เช่าคอนโดติดรถไฟฟ้า,ผ่อนสมาร์ตโฟน & แท็บเล็ต
ACC_0312,USER_0102,20000.0,594.44,3771.2,0.1886,0.2124,5467.63,0,1,High-Yield Seeker Novice,ผู้แสวงหาผลตอบแทนสูง (มีเงินเก็บ ต้องการดอกเบี้ยสูง),"First Jobber รายได้ 24,000–45,000 บาท มีเงินเก็บก้อนแรก 30,000–100,000 บาท มองหาผลตอบแทนดอกเบี้ยสูง ป้องกันความเสี่ยงจากการหลอกลงทุนด้วย Protected Vault Protocol",0.12,HIGH,MAXIMUM,3030.0,0.0,1310.0,8400.0,4340.0,0.1515,0.0,0.0655,พักกับครอบครัว/ที่บ้าน,ไม่มีหนี้ผ่อนชำระ
ACC_0313,USER_0103,32000.0,667.23,2175.4,0.068,0.2975,4648.63,0,0,Paycheck-to-Paycheck Spender,มนุษย์เงินเดือนชนเดือน (สภาพคล่องจำกัดปลายเดือน),"First Jobber รายได้ 18,000–35,000 บาท ใช้ชีวิตเดือนชนเดือน ต้องการระบบออมเงินอัตโนมัติแบบไม่ต้องจดบันทึก และสามารถดึงเงินคืนเข้าบัญชีหลักได้ทันที 100% เมื่อถึงกำหนดจ่ายค่าเช่าหรือบิล",0.06,MODERATE,FLEXIBLE,9520.0,5570.0,1390.0,2600.0,16480.0,0.2975,0.1741,0.0434,เช่าคอนโดติดรถไฟฟ้า,ผ่อนบัตรเครดิต & สินเชื่อ
ACC_0314,USER_0104,24000.0,585.08,6458.4,0.2691,0.1956,16669.98,0,1,High-Yield Seeker Novice,ผู้แสวงหาผลตอบแทนสูง (มีเงินเก็บ ต้องการดอกเบี้ยสูง),"First Jobber รายได้ 24,000–45,000 บาท มีเงินเก็บก้อนแรก 30,000–100,000 บาท มองหาผลตอบแทนดอกเบี้ยสูง ป้องกันความเสี่ยงจากการหลอกลงทุนด้วย Protected Vault Protocol",0.12,HIGH,MAXIMUM,3520.0,1200.0,1120.0,6300.0,5840.0,0.1467,0.05,0.0467,พักกับครอบครัว/ที่บ้าน,ผ่อนสมาร์ตโฟน 0%
ACC_0315,USER_0105,28000.0,641.08,1908.4,0.0682,0.2287,11866.87,0,0,Paycheck-to-Paycheck Spender,มนุษย์เงินเดือนชนเดือน (สภาพคล่องจำกัดปลายเดือน),"First Jobber รายได้ 18,000–35,000 บาท ใช้ชีวิตเดือนชนเดือน ต้องการระบบออมเงินอัตโนมัติแบบไม่ต้องจดบันทึก และสามารถดึงเงินคืนเข้าบัญชีหลักได้ทันที 100% เมื่อถึงกำหนดจ่ายค่าเช่าหรือบิล",0.06,MODERATE,FLEXIBLE,6720.0,4180.0,2370.0,1600.0,13270.0,0.24,0.1493,0.0846,เช่าคอนโดติดรถไฟฟ้า,ผ่อนค่างวดรถมอเตอร์ไซค์
ACC_0316,USER_0106,20000.0,541.29,3484.2,0.1742,0.2314,15289.13,0,1,High-Yield Seeker Novice,ผู้แสวงหาผลตอบแทนสูง (มีเงินเก็บ ต้องการดอกเบี้ยสูง),"First Jobber รายได้ 24,000–45,000 บาท มีเงินเก็บก้อนแรก 30,000–100,000 บาท มองหาผลตอบแทนดอกเบี้ยสูง ป้องกันความเสี่ยงจากการหลอกลงทุนด้วย Protected Vault Protocol",0.12,HIGH,MAXIMUM,3820.0,1000.0,870.0,9600.0,5690.0,0.191,0.05,0.0435,เช่าอพาร์ตเมนต์ราคาประหยัด,ผ่อนสมาร์ตโฟน 0%
ACC_0317,USER_0107,24000.0,633.8,4224.0,0.176,0.19,6869.61,0,1,High-Yield Seeker Novice,ผู้แสวงหาผลตอบแทนสูง (มีเงินเก็บ ต้องการดอกเบี้ยสูง),"First Jobber รายได้ 24,000–45,000 บาท มีเงินเก็บก้อนแรก 30,000–100,000 บาท มองหาผลตอบแทนดอกเบี้ยสูง ป้องกันความเสี่ยงจากการหลอกลงทุนด้วย Protected Vault Protocol",0.12,HIGH,MAXIMUM,4400.0,1200.0,1500.0,8400.0,7100.0,0.1833,0.05,0.0625,พักกับครอบครัว/ที่บ้าน,ผ่อนอุปกรณ์ไอที/คอมพิวเตอร์
ACC_0318,USER_0108,24000.0,601.94,5841.2,0.2434,0.2526,11387.65,0,1,High-Yield Seeker Novice,ผู้แสวงหาผลตอบแทนสูง (มีเงินเก็บ ต้องการดอกเบี้ยสูง),"First Jobber รายได้ 24,000–45,000 บาท มีเงินเก็บก้อนแรก 30,000–100,000 บาท มองหาผลตอบแทนดอกเบี้ยสูง ป้องกันความเสี่ยงจากการหลอกลงทุนด้วย Protected Vault Protocol",0.12,HIGH,MAXIMUM,4010.0,1200.0,910.0,9400.0,6120.0,0.1671,0.05,0.0379,พักกับครอบครัว/ที่บ้าน,ผ่อนอุปกรณ์ไอที/คอมพิวเตอร์
ACC_0319,USER_0109,24000.0,632.0,5620.0,0.2342,0.2678,17975.11,0,1,High-Yield Seeker Novice,ผู้แสวงหาผลตอบแทนสูง (มีเงินเก็บ ต้องการดอกเบี้ยสูง),"First Jobber รายได้ 24,000–45,000 บาท มีเงินเก็บก้อนแรก 30,000–100,000 บาท มองหาผลตอบแทนดอกเบี้ยสูง ป้องกันความเสี่ยงจากการหลอกลงทุนด้วย Protected Vault Protocol",0.12,HIGH,MAXIMUM,4860.0,0.0,880.0,5400.0,5740.0,0.2025,0.0,0.0367,พักกับครอบครัว/ที่บ้าน,ไม่มีหนี้ผ่อนชำระ
ACC_0320,USER_0110,24000.0,571.45,3411.0,0.1421,0.1423,13429.66,0,0,Paycheck-to-Paycheck Spender,มนุษย์เงินเดือนชนเดือน (สภาพคล่องจำกัดปลายเดือน),"First Jobber รายได้ 18,000–35,000 บาท ใช้ชีวิตเดือนชนเดือน ต้องการระบบออมเงินอัตโนมัติแบบไม่ต้องจดบันทึก และสามารถดึงเงินคืนเข้าบัญชีหลักได้ทันที 100% เมื่อถึงกำหนดจ่ายค่าเช่าหรือบิล",0.06,MODERATE,FLEXIBLE,5480.0,2060.0,1620.0,1800.0,9160.0,0.2283,0.0858,0.0675,เช่าคอนโดติดรถไฟฟ้า,ผ่อนหนี้ กยศ.
ACC_0321,USER_0111,36000.0,594.49,7270.2,0.202,0.2843,16175.17,0,0,Paycheck-to-Paycheck Spender,มนุษย์เงินเดือนชนเดือน (สภาพคล่องจำกัดปลายเดือน),"First Jobber รายได้ 18,000–35,000 บาท ใช้ชีวิตเดือนชนเดือน ต้องการระบบออมเงินอัตโนมัติแบบไม่ต้องจดบันทึก และสามารถดึงเงินคืนเข้าบัญชีหลักได้ทันที 100% เมื่อถึงกำหนดจ่ายค่าเช่าหรือบิล",0.06,MODERATE,FLEXIBLE,8710.0,6390.0,1740.0,1900.0,16840.0,0.2419,0.1775,0.0483,ผ่อนห้องชุดคอนโดมิเนียม,ผ่อนบัตรเครดิต & สินเชื่อ
ACC_0322,USER_0112,20000.0,584.21,3195.8,0.1598,0.2607,8601.19,0,1,High-Yield Seeker Novice,ผู้แสวงหาผลตอบแทนสูง (มีเงินเก็บ ต้องการดอกเบี้ยสูง),"First Jobber รายได้ 24,000–45,000 บาท มีเงินเก็บก้อนแรก 30,000–100,000 บาท มองหาผลตอบแทนดอกเบี้ยสูง ป้องกันความเสี่ยงจากการหลอกลงทุนด้วย Protected Vault Protocol",0.12,HIGH,MAXIMUM,3850.0,0.0,1270.0,8500.0,5120.0,0.1925,0.0,0.0635,พักกับครอบครัว/ที่บ้าน,ไม่มีหนี้ผ่อนชำระ
ACC_0323,USER_0113,36000.0,569.47,8720.6,0.2422,0.1481,17574.22,0,0,Paycheck-to-Paycheck Spender,มนุษย์เงินเดือนชนเดือน (สภาพคล่องจำกัดปลายเดือน),"First Jobber รายได้ 18,000–35,000 บาท ใช้ชีวิตเดือนชนเดือน ต้องการระบบออมเงินอัตโนมัติแบบไม่ต้องจดบันทึก และสามารถดึงเงินคืนเข้าบัญชีหลักได้ทันที 100% เมื่อถึงกำหนดจ่ายค่าเช่าหรือบิล",0.06,MODERATE,FLEXIBLE,9120.0,4830.0,1940.0,1700.0,15890.0,0.2533,0.1342,0.0539,ผ่อนห้องชุดคอนโดมิเนียม,ผ่อนหนี้ กยศ.
ACC_0324,USER_0114,28000.0,683.55,2579.0,0.0921,0.2601,2965.07,0,0,Paycheck-to-Paycheck Spender,มนุษย์เงินเดือนชนเดือน (สภาพคล่องจำกัดปลายเดือน),"First Jobber รายได้ 18,000–35,000 บาท ใช้ชีวิตเดือนชนเดือน ต้องการระบบออมเงินอัตโนมัติแบบไม่ต้องจดบันทึก และสามารถดึงเงินคืนเข้าบัญชีหลักได้ทันที 100% เมื่อถึงกำหนดจ่ายค่าเช่าหรือบิล",0.06,MODERATE,FLEXIBLE,6780.0,3410.0,1560.0,3200.0,11750.0,0.2421,0.1218,0.0557,เช่าคอนโดติดรถไฟฟ้า,ผ่อนสมาร์ตโฟน & แท็บเล็ต
ACC_0325,USER_0115,36000.0,584.84,6143.2,0.1706,0.256,16843.75,0,0,Paycheck-to-Paycheck Spender,มนุษย์เงินเดือนชนเดือน (สภาพคล่องจำกัดปลายเดือน),"First Jobber รายได้ 18,000–35,000 บาท ใช้ชีวิตเดือนชนเดือน ต้องการระบบออมเงินอัตโนมัติแบบไม่ต้องจดบันทึก และสามารถดึงเงินคืนเข้าบัญชีหลักได้ทันที 100% เมื่อถึงกำหนดจ่ายค่าเช่าหรือบิล",0.06,MODERATE,FLEXIBLE,11380.0,4380.0,2400.0,2800.0,18160.0,0.3161,0.1217,0.0667,เช่าอพาร์ตเมนต์ชานเมือง,ผ่อนค่างวดรถมอเตอร์ไซค์
ACC_0326,USER_0116,28000.0,648.89,1722.2,0.0615,0.1849,10312.35,0,0,Paycheck-to-Paycheck Spender,มนุษย์เงินเดือนชนเดือน (สภาพคล่องจำกัดปลายเดือน),"First Jobber รายได้ 18,000–35,000 บาท ใช้ชีวิตเดือนชนเดือน ต้องการระบบออมเงินอัตโนมัติแบบไม่ต้องจดบันทึก และสามารถดึงเงินคืนเข้าบัญชีหลักได้ทันที 100% เมื่อถึงกำหนดจ่ายค่าเช่าหรือบิล",0.06,MODERATE,FLEXIBLE,7570.0,3760.0,1970.0,2700.0,13300.0,0.2704,0.1343,0.0704,เช่าอพาร์ตเมนต์ชานเมือง,ผ่อนบัตรเครดิต & สินเชื่อ
ACC_0327,USER_0117,32000.0,645.56,4198.8,0.1312,0.2135,9167.34,0,0,Paycheck-to-Paycheck Spender,มนุษย์เงินเดือนชนเดือน (สภาพคล่องจำกัดปลายเดือน),"First Jobber รายได้ 18,000–35,000 บาท ใช้ชีวิตเดือนชนเดือน ต้องการระบบออมเงินอัตโนมัติแบบไม่ต้องจดบันทึก และสามารถดึงเงินคืนเข้าบัญชีหลักได้ทันที 100% เมื่อถึงกำหนดจ่ายค่าเช่าหรือบิล",0.06,MODERATE,FLEXIBLE,8310.0,4500.0,2080.0,3100.0,14890.0,0.2597,0.1406,0.065,ผ่อนห้องชุดคอนโดมิเนียม,ผ่อนสมาร์ตโฟน & แท็บเล็ต
ACC_0328,USER_0118,20000.0,568.59,3118.2,0.1559,0.1878,5881.54,0,1,High-Yield Seeker Novice,ผู้แสวงหาผลตอบแทนสูง (มีเงินเก็บ ต้องการดอกเบี้ยสูง),"First Jobber รายได้ 24,000–45,000 บาท มีเงินเก็บก้อนแรก 30,000–100,000 บาท มองหาผลตอบแทนดอกเบี้ยสูง ป้องกันความเสี่ยงจากการหลอกลงทุนด้วย Protected Vault Protocol",0.12,HIGH,MAXIMUM,4390.0,0.0,1120.0,6600.0,5510.0,0.2195,0.0,0.056,พักกับครอบครัว/ที่บ้าน,ไม่มีหนี้ผ่อนชำระ
ACC_0329,USER_0119,36000.0,656.37,5692.6,0.1581,0.2589,11181.18,0,0,Paycheck-to-Paycheck Spender,มนุษย์เงินเดือนชนเดือน (สภาพคล่องจำกัดปลายเดือน),"First Jobber รายได้ 18,000–35,000 บาท ใช้ชีวิตเดือนชนเดือน ต้องการระบบออมเงินอัตโนมัติแบบไม่ต้องจดบันทึก และสามารถดึงเงินคืนเข้าบัญชีหลักได้ทันที 100% เมื่อถึงกำหนดจ่ายค่าเช่าหรือบิล",0.06,MODERATE,FLEXIBLE,10190.0,5520.0,1470.0,2900.0,17180.0,0.2831,0.1533,0.0408,เช่าอพาร์ตเมนต์ชานเมือง,ผ่อนหนี้ กยศ.
ACC_0330,USER_0120,24000.0,607.87,6042.6,0.2518,0.2958,9932.5,0,1,High-Yield Seeker Novice,ผู้แสวงหาผลตอบแทนสูง (มีเงินเก็บ ต้องการดอกเบี้ยสูง),"First Jobber รายได้ 24,000–45,000 บาท มีเงินเก็บก้อนแรก 30,000–100,000 บาท มองหาผลตอบแทนดอกเบี้ยสูง ป้องกันความเสี่ยงจากการหลอกลงทุนด้วย Protected Vault Protocol",0.12,HIGH,MAXIMUM,4570.0,0.0,1230.0,6800.0,5800.0,0.1904,0.0,0.0512,พักกับครอบครัว/ที่บ้าน,ไม่มีหนี้ผ่อนชำระ
ACC_0331,USER_0121,28000.0,604.03,3019.4,0.1078,0.2518,17146.75,0,0,Paycheck-to-Paycheck Spender,มนุษย์เงินเดือนชนเดือน (สภาพคล่องจำกัดปลายเดือน),"First Jobber รายได้ 18,000–35,000 บาท ใช้ชีวิตเดือนชนเดือน ต้องการระบบออมเงินอัตโนมัติแบบไม่ต้องจดบันทึก และสามารถดึงเงินคืนเข้าบัญชีหลักได้ทันที 100% เมื่อถึงกำหนดจ่ายค่าเช่าหรือบิล",0.06,MODERATE,FLEXIBLE,7540.0,2930.0,2430.0,2400.0,12900.0,0.2693,0.1046,0.0868,ผ่อนห้องชุดคอนโดมิเนียม,ผ่อนบัตรเครดิต & สินเชื่อ
ACC_0332,USER_0122,20000.0,600.8,2784.0,0.1392,0.21,16690.8,0,1,High-Yield Seeker Novice,ผู้แสวงหาผลตอบแทนสูง (มีเงินเก็บ ต้องการดอกเบี้ยสูง),"First Jobber รายได้ 24,000–45,000 บาท มีเงินเก็บก้อนแรก 30,000–100,000 บาท มองหาผลตอบแทนดอกเบี้ยสูง ป้องกันความเสี่ยงจากการหลอกลงทุนด้วย Protected Vault Protocol",0.12,HIGH,MAXIMUM,3860.0,0.0,1340.0,6200.0,5200.0,0.193,0.0,0.067,พักกับครอบครัว/ที่บ้าน,ไม่มีหนี้ผ่อนชำระ
ACC_0333,USER_0123,20000.0,590.5,2730.0,0.1365,0.3029,10692.66,0,1,High-Yield Seeker Novice,ผู้แสวงหาผลตอบแทนสูง (มีเงินเก็บ ต้องการดอกเบี้ยสูง),"First Jobber รายได้ 24,000–45,000 บาท มีเงินเก็บก้อนแรก 30,000–100,000 บาท มองหาผลตอบแทนดอกเบี้ยสูง ป้องกันความเสี่ยงจากการหลอกลงทุนด้วย Protected Vault Protocol",0.12,HIGH,MAXIMUM,4170.0,0.0,1290.0,7800.0,5460.0,0.2085,0.0,0.0645,เช่าห้องพักสไตล์มินิมอล,ไม่มีหนี้ผ่อนชำระ
ACC_0334,USER_0124,24000.0,612.0,6430.0,0.2679,0.2457,5810.19,0,1,High-Yield Seeker Novice,ผู้แสวงหาผลตอบแทนสูง (มีเงินเก็บ ต้องการดอกเบี้ยสูง),"First Jobber รายได้ 24,000–45,000 บาท มีเงินเก็บก้อนแรก 30,000–100,000 บาท มองหาผลตอบแทนดอกเบี้ยสูง ป้องกันความเสี่ยงจากการหลอกลงทุนด้วย Protected Vault Protocol",0.12,HIGH,MAXIMUM,3820.0,0.0,1510.0,6900.0,5330.0,0.1592,0.0,0.0629,พักกับครอบครัว/ที่บ้าน,ไม่มีหนี้ผ่อนชำระ
ACC_0335,USER_0125,24000.0,591.8,5784.0,0.241,0.2653,14168.26,0,1,High-Yield Seeker Novice,ผู้แสวงหาผลตอบแทนสูง (มีเงินเก็บ ต้องการดอกเบี้ยสูง),"First Jobber รายได้ 24,000–45,000 บาท มีเงินเก็บก้อนแรก 30,000–100,000 บาท มองหาผลตอบแทนดอกเบี้ยสูง ป้องกันความเสี่ยงจากการหลอกลงทุนด้วย Protected Vault Protocol",0.12,HIGH,MAXIMUM,4220.0,1200.0,960.0,7000.0,6380.0,0.1758,0.05,0.04,เช่าอพาร์ตเมนต์ราคาประหยัด,ผ่อนอุปกรณ์ไอที/คอมพิวเตอร์
ACC_0336,USER_0126,36000.0,635.18,7836.4,0.2177,0.2451,9046.38,0,0,Paycheck-to-Paycheck Spender,มนุษย์เงินเดือนชนเดือน (สภาพคล่องจำกัดปลายเดือน),"First Jobber รายได้ 18,000–35,000 บาท ใช้ชีวิตเดือนชนเดือน ต้องการระบบออมเงินอัตโนมัติแบบไม่ต้องจดบันทึก และสามารถดึงเงินคืนเข้าบัญชีหลักได้ทันที 100% เมื่อถึงกำหนดจ่ายค่าเช่าหรือบิล",0.06,MODERATE,FLEXIBLE,10460.0,3480.0,1520.0,1600.0,15460.0,0.2906,0.0967,0.0422,เช่าคอนโดติดรถไฟฟ้า,ผ่อนหนี้ กยศ.
ACC_0337,USER_0127,36000.0,624.64,6207.2,0.1724,0.2277,14798.51,0,0,Paycheck-to-Paycheck Spender,มนุษย์เงินเดือนชนเดือน (สภาพคล่องจำกัดปลายเดือน),"First Jobber รายได้ 18,000–35,000 บาท ใช้ชีวิตเดือนชนเดือน ต้องการระบบออมเงินอัตโนมัติแบบไม่ต้องจดบันทึก และสามารถดึงเงินคืนเข้าบัญชีหลักได้ทันที 100% เมื่อถึงกำหนดจ่ายค่าเช่าหรือบิล",0.06,MODERATE,FLEXIBLE,10310.0,4590.0,2400.0,3100.0,17300.0,0.2864,0.1275,0.0667,ผ่อนห้องชุดคอนโดมิเนียม,ผ่อนหนี้ กยศ.
ACC_0338,USER_0128,28000.0,598.24,3225.2,0.1152,0.2462,3880.56,0,0,Paycheck-to-Paycheck Spender,มนุษย์เงินเดือนชนเดือน (สภาพคล่องจำกัดปลายเดือน),"First Jobber รายได้ 18,000–35,000 บาท ใช้ชีวิตเดือนชนเดือน ต้องการระบบออมเงินอัตโนมัติแบบไม่ต้องจดบันทึก และสามารถดึงเงินคืนเข้าบัญชีหลักได้ทันที 100% เมื่อถึงกำหนดจ่ายค่าเช่าหรือบิล",0.06,MODERATE,FLEXIBLE,7720.0,3750.0,1340.0,3500.0,12810.0,0.2757,0.1339,0.0479,เช่าคอนโดติดรถไฟฟ้า,ผ่อนหนี้ กยศ.
ACC_0339,USER_0129,32000.0,554.95,8261.0,0.2582,0.1878,12203.96,0,0,Paycheck-to-Paycheck Spender,มนุษย์เงินเดือนชนเดือน (สภาพคล่องจำกัดปลายเดือน),"First Jobber รายได้ 18,000–35,000 บาท ใช้ชีวิตเดือนชนเดือน ต้องการระบบออมเงินอัตโนมัติแบบไม่ต้องจดบันทึก และสามารถดึงเงินคืนเข้าบัญชีหลักได้ทันที 100% เมื่อถึงกำหนดจ่ายค่าเช่าหรือบิล",0.06,MODERATE,FLEXIBLE,7780.0,2730.0,2130.0,1900.0,12640.0,0.2431,0.0853,0.0666,เช่าคอนโดติดรถไฟฟ้า,ผ่อนบัตรเครดิต & สินเชื่อ
ACC_0340,USER_0130,36000.0,608.24,10285.2,0.2857,0.2334,6502.72,0,0,Paycheck-to-Paycheck Spender,มนุษย์เงินเดือนชนเดือน (สภาพคล่องจำกัดปลายเดือน),"First Jobber รายได้ 18,000–35,000 บาท ใช้ชีวิตเดือนชนเดือน ต้องการระบบออมเงินอัตโนมัติแบบไม่ต้องจดบันทึก และสามารถดึงเงินคืนเข้าบัญชีหลักได้ทันที 100% เมื่อถึงกำหนดจ่ายค่าเช่าหรือบิล",0.06,MODERATE,FLEXIBLE,8240.0,3250.0,2060.0,2900.0,13550.0,0.2289,0.0903,0.0572,เช่าคอนโดติดรถไฟฟ้า,ผ่อนสมาร์ตโฟน & แท็บเล็ต
ACC_0341,USER_0131,36000.0,629.17,6586.6,0.183,0.1841,6242.67,0,0,Paycheck-to-Paycheck Spender,มนุษย์เงินเดือนชนเดือน (สภาพคล่องจำกัดปลายเดือน),"First Jobber รายได้ 18,000–35,000 บาท ใช้ชีวิตเดือนชนเดือน ต้องการระบบออมเงินอัตโนมัติแบบไม่ต้องจดบันทึก และสามารถดึงเงินคืนเข้าบัญชีหลักได้ทันที 100% เมื่อถึงกำหนดจ่ายค่าเช่าหรือบิล",0.06,MODERATE,FLEXIBLE,11390.0,2900.0,2540.0,2800.0,16830.0,0.3164,0.0806,0.0706,เช่าคอนโดติดรถไฟฟ้า,ผ่อนหนี้ กยศ.
ACC_0342,USER_0132,28000.0,651.34,1923.2,0.0687,0.223,3040.55,0,0,Paycheck-to-Paycheck Spender,มนุษย์เงินเดือนชนเดือน (สภาพคล่องจำกัดปลายเดือน),"First Jobber รายได้ 18,000–35,000 บาท ใช้ชีวิตเดือนชนเดือน ต้องการระบบออมเงินอัตโนมัติแบบไม่ต้องจดบันทึก และสามารถดึงเงินคืนเข้าบัญชีหลักได้ทันที 100% เมื่อถึงกำหนดจ่ายค่าเช่าหรือบิล",0.06,MODERATE,FLEXIBLE,7430.0,3680.0,1940.0,2800.0,13050.0,0.2654,0.1314,0.0693,ผ่อนห้องชุดคอนโดมิเนียม,ผ่อนค่างวดรถมอเตอร์ไซค์
ACC_0343,USER_0133,24000.0,613.19,6576.2,0.274,0.2151,3200.9,0,1,High-Yield Seeker Novice,ผู้แสวงหาผลตอบแทนสูง (มีเงินเก็บ ต้องการดอกเบี้ยสูง),"First Jobber รายได้ 24,000–45,000 บาท มีเงินเก็บก้อนแรก 30,000–100,000 บาท มองหาผลตอบแทนดอกเบี้ยสูง ป้องกันความเสี่ยงจากการหลอกลงทุนด้วย Protected Vault Protocol",0.12,HIGH,MAXIMUM,3610.0,0.0,1550.0,8500.0,5160.0,0.1504,0.0,0.0646,พักกับครอบครัว/ที่บ้าน,ไม่มีหนี้ผ่อนชำระ
ACC_0344,USER_0134,36000.0,634.65,7697.0,0.2138,0.1775,7022.17,0,0,Paycheck-to-Paycheck Spender,มนุษย์เงินเดือนชนเดือน (สภาพคล่องจำกัดปลายเดือน),"First Jobber รายได้ 18,000–35,000 บาท ใช้ชีวิตเดือนชนเดือน ต้องการระบบออมเงินอัตโนมัติแบบไม่ต้องจดบันทึก และสามารถดึงเงินคืนเข้าบัญชีหลักได้ทันที 100% เมื่อถึงกำหนดจ่ายค่าเช่าหรือบิล",0.06,MODERATE,FLEXIBLE,8600.0,5510.0,1500.0,2000.0,15610.0,0.2389,0.1531,0.0417,ผ่อนห้องชุดคอนโดมิเนียม,ผ่อนสมาร์ตโฟน & แท็บเล็ต
ACC_0345,USER_0135,32000.0,702.93,2831.4,0.0885,0.2481,7934.83,0,0,Paycheck-to-Paycheck Spender,มนุษย์เงินเดือนชนเดือน (สภาพคล่องจำกัดปลายเดือน),"First Jobber รายได้ 18,000–35,000 บาท ใช้ชีวิตเดือนชนเดือน ต้องการระบบออมเงินอัตโนมัติแบบไม่ต้องจดบันทึก และสามารถดึงเงินคืนเข้าบัญชีหลักได้ทันที 100% เมื่อถึงกำหนดจ่ายค่าเช่าหรือบิล",0.06,MODERATE,FLEXIBLE,7860.0,4680.0,2570.0,2200.0,15110.0,0.2456,0.1462,0.0803,เช่าอพาร์ตเมนต์ชานเมือง,ผ่อนสมาร์ตโฟน & แท็บเล็ต
ACC_0346,USER_0136,32000.0,593.33,4673.4,0.146,0.252,11497.91,0,0,Paycheck-to-Paycheck Spender,มนุษย์เงินเดือนชนเดือน (สภาพคล่องจำกัดปลายเดือน),"First Jobber รายได้ 18,000–35,000 บาท ใช้ชีวิตเดือนชนเดือน ต้องการระบบออมเงินอัตโนมัติแบบไม่ต้องจดบันทึก และสามารถดึงเงินคืนเข้าบัญชีหลักได้ทันที 100% เมื่อถึงกำหนดจ่ายค่าเช่าหรือบิล",0.06,MODERATE,FLEXIBLE,7820.0,5220.0,2420.0,3000.0,15460.0,0.2444,0.1631,0.0756,ผ่อนห้องชุดคอนโดมิเนียม,ผ่อนค่างวดรถมอเตอร์ไซค์
ACC_0347,USER_0137,36000.0,592.73,5095.4,0.1415,0.1771,6263.39,0,0,Paycheck-to-Paycheck Spender,มนุษย์เงินเดือนชนเดือน (สภาพคล่องจำกัดปลายเดือน),"First Jobber รายได้ 18,000–35,000 บาท ใช้ชีวิตเดือนชนเดือน ต้องการระบบออมเงินอัตโนมัติแบบไม่ต้องจดบันทึก และสามารถดึงเงินคืนเข้าบัญชีหลักได้ทันที 100% เมื่อถึงกำหนดจ่ายค่าเช่าหรือบิล",0.06,MODERATE,FLEXIBLE,10780.0,6190.0,2080.0,3400.0,19050.0,0.2994,0.1719,0.0578,เช่าอพาร์ตเมนต์ชานเมือง,ผ่อนบัตรเครดิต & สินเชื่อ
ACC_0348,USER_0138,28000.0,614.53,2069.4,0.0739,0.2031,6365.72,0,0,Paycheck-to-Paycheck Spender,มนุษย์เงินเดือนชนเดือน (สภาพคล่องจำกัดปลายเดือน),"First Jobber รายได้ 18,000–35,000 บาท ใช้ชีวิตเดือนชนเดือน ต้องการระบบออมเงินอัตโนมัติแบบไม่ต้องจดบันทึก และสามารถดึงเงินคืนเข้าบัญชีหลักได้ทันที 100% เมื่อถึงกำหนดจ่ายค่าเช่าหรือบิล",0.06,MODERATE,FLEXIBLE,8030.0,3860.0,1750.0,1800.0,13640.0,0.2868,0.1379,0.0625,เช่าอพาร์ตเมนต์ชานเมือง,ผ่อนหนี้ กยศ.
ACC_0349,USER_0139,32000.0,628.39,2972.2,0.0929,0.2637,5424.79,0,0,Paycheck-to-Paycheck Spender,มนุษย์เงินเดือนชนเดือน (สภาพคล่องจำกัดปลายเดือน),"First Jobber รายได้ 18,000–35,000 บาท ใช้ชีวิตเดือนชนเดือน ต้องการระบบออมเงินอัตโนมัติแบบไม่ต้องจดบันทึก และสามารถดึงเงินคืนเข้าบัญชีหลักได้ทันที 100% เมื่อถึงกำหนดจ่ายค่าเช่าหรือบิล",0.06,MODERATE,FLEXIBLE,10170.0,3860.0,2430.0,3100.0,16460.0,0.3178,0.1206,0.0759,เช่าคอนโดติดรถไฟฟ้า,ผ่อนหนี้ กยศ.
ACC_0350,USER_0140,36000.0,657.37,4402.6,0.1223,0.1846,8914.1,0,0,Paycheck-to-Paycheck Spender,มนุษย์เงินเดือนชนเดือน (สภาพคล่องจำกัดปลายเดือน),"First Jobber รายได้ 18,000–35,000 บาท ใช้ชีวิตเดือนชนเดือน ต้องการระบบออมเงินอัตโนมัติแบบไม่ต้องจดบันทึก และสามารถดึงเงินคืนเข้าบัญชีหลักได้ทันที 100% เมื่อถึงกำหนดจ่ายค่าเช่าหรือบิล",0.06,MODERATE,FLEXIBLE,10580.0,6040.0,1830.0,2200.0,18450.0,0.2939,0.1678,0.0508,เช่าอพาร์ตเมนต์ชานเมือง,ผ่อนหนี้ กยศ.
ACC_0351,USER_0141,20000.0,626.85,923.0,0.0461,0.2403,2180.25,0,1,High-Yield Seeker Novice,ผู้แสวงหาผลตอบแทนสูง (มีเงินเก็บ ต้องการดอกเบี้ยสูง),"First Jobber รายได้ 24,000–45,000 บาท มีเงินเก็บก้อนแรก 30,000–100,000 บาท มองหาผลตอบแทนดอกเบี้ยสูง ป้องกันความเสี่ยงจากการหลอกลงทุนด้วย Protected Vault Protocol",0.12,HIGH,MAXIMUM,4090.0,1000.0,1450.0,6900.0,6540.0,0.2045,0.05,0.0725,เช่าอพาร์ตเมนต์ราคาประหยัด,ผ่อนสมาร์ตโฟน 0%
ACC_0352,USER_0142,32000.0,590.19,7166.2,0.2239,0.231,15966.96,0,0,Paycheck-to-Paycheck Spender,มนุษย์เงินเดือนชนเดือน (สภาพคล่องจำกัดปลายเดือน),"First Jobber รายได้ 18,000–35,000 บาท ใช้ชีวิตเดือนชนเดือน ต้องการระบบออมเงินอัตโนมัติแบบไม่ต้องจดบันทึก และสามารถดึงเงินคืนเข้าบัญชีหลักได้ทันที 100% เมื่อถึงกำหนดจ่ายค่าเช่าหรือบิล",0.06,MODERATE,FLEXIBLE,7420.0,4300.0,1310.0,2100.0,13030.0,0.2319,0.1344,0.0409,เช่าอพาร์ตเมนต์ชานเมือง,ผ่อนหนี้ กยศ.
ACC_0353,USER_0143,20000.0,555.86,3922.8,0.1961,0.2491,8978.88,0,1,High-Yield Seeker Novice,ผู้แสวงหาผลตอบแทนสูง (มีเงินเก็บ ต้องการดอกเบี้ยสูง),"First Jobber รายได้ 24,000–45,000 บาท มีเงินเก็บก้อนแรก 30,000–100,000 บาท มองหาผลตอบแทนดอกเบี้ยสูง ป้องกันความเสี่ยงจากการหลอกลงทุนด้วย Protected Vault Protocol",0.12,HIGH,MAXIMUM,3700.0,0.0,1260.0,7800.0,4960.0,0.185,0.0,0.063,เช่าห้องพักสไตล์มินิมอล,ไม่มีหนี้ผ่อนชำระ
ACC_0354,USER_0144,24000.0,646.22,5575.6,0.2323,0.2538,13703.63,0,1,High-Yield Seeker Novice,ผู้แสวงหาผลตอบแทนสูง (มีเงินเก็บ ต้องการดอกเบี้ยสูง),"First Jobber รายได้ 24,000–45,000 บาท มีเงินเก็บก้อนแรก 30,000–100,000 บาท มองหาผลตอบแทนดอกเบี้ยสูง ป้องกันความเสี่ยงจากการหลอกลงทุนด้วย Protected Vault Protocol",0.12,HIGH,MAXIMUM,4210.0,0.0,1290.0,5400.0,5500.0,0.1754,0.0,0.0538,พักกับครอบครัว/ที่บ้าน,ไม่มีหนี้ผ่อนชำระ
ACC_0355,USER_0145,28000.0,569.23,3395.4,0.1213,0.2739,5699.67,0,0,Paycheck-to-Paycheck Spender,มนุษย์เงินเดือนชนเดือน (สภาพคล่องจำกัดปลายเดือน),"First Jobber รายได้ 18,000–35,000 บาท ใช้ชีวิตเดือนชนเดือน ต้องการระบบออมเงินอัตโนมัติแบบไม่ต้องจดบันทึก และสามารถดึงเงินคืนเข้าบัญชีหลักได้ทันที 100% เมื่อถึงกำหนดจ่ายค่าเช่าหรือบิล",0.06,MODERATE,FLEXIBLE,7890.0,3540.0,1790.0,3200.0,13220.0,0.2818,0.1264,0.0639,เช่าอพาร์ตเมนต์ชานเมือง,ผ่อนสมาร์ตโฟน & แท็บเล็ต
ACC_0356,USER_0146,24000.0,662.61,3497.8,0.1457,0.293,9791.47,0,1,High-Yield Seeker Novice,ผู้แสวงหาผลตอบแทนสูง (มีเงินเก็บ ต้องการดอกเบี้ยสูง),"First Jobber รายได้ 24,000–45,000 บาท มีเงินเก็บก้อนแรก 30,000–100,000 บาท มองหาผลตอบแทนดอกเบี้ยสูง ป้องกันความเสี่ยงจากการหลอกลงทุนด้วย Protected Vault Protocol",0.12,HIGH,MAXIMUM,5120.0,1200.0,930.0,5300.0,7250.0,0.2133,0.05,0.0388,เช่าห้องพักสไตล์มินิมอล,ผ่อนสมาร์ตโฟน 0%
ACC_0357,USER_0147,28000.0,574.36,2632.8,0.094,0.2275,13572.23,0,0,Paycheck-to-Paycheck Spender,มนุษย์เงินเดือนชนเดือน (สภาพคล่องจำกัดปลายเดือน),"First Jobber รายได้ 18,000–35,000 บาท ใช้ชีวิตเดือนชนเดือน ต้องการระบบออมเงินอัตโนมัติแบบไม่ต้องจดบันทึก และสามารถดึงเงินคืนเข้าบัญชีหลักได้ทันที 100% เมื่อถึงกำหนดจ่ายค่าเช่าหรือบิล",0.06,MODERATE,FLEXIBLE,7650.0,3940.0,2290.0,3100.0,13880.0,0.2732,0.1407,0.0818,เช่าอพาร์ตเมนต์ชานเมือง,ผ่อนค่างวดรถมอเตอร์ไซค์
ACC_0358,USER_0148,36000.0,617.58,7788.4,0.2163,0.2494,13417.8,0,0,Paycheck-to-Paycheck Spender,มนุษย์เงินเดือนชนเดือน (สภาพคล่องจำกัดปลายเดือน),"First Jobber รายได้ 18,000–35,000 บาท ใช้ชีวิตเดือนชนเดือน ต้องการระบบออมเงินอัตโนมัติแบบไม่ต้องจดบันทึก และสามารถดึงเงินคืนเข้าบัญชีหลักได้ทันที 100% เมื่อถึงกำหนดจ่ายค่าเช่าหรือบิล",0.06,MODERATE,FLEXIBLE,11360.0,2950.0,1550.0,1500.0,15860.0,0.3156,0.0819,0.0431,ผ่อนห้องชุดคอนโดมิเนียม,ผ่อนบัตรเครดิต & สินเชื่อ
ACC_0359,USER_0149,36000.0,594.36,6692.8,0.1859,0.2962,16063.13,0,0,Paycheck-to-Paycheck Spender,มนุษย์เงินเดือนชนเดือน (สภาพคล่องจำกัดปลายเดือน),"First Jobber รายได้ 18,000–35,000 บาท ใช้ชีวิตเดือนชนเดือน ต้องการระบบออมเงินอัตโนมัติแบบไม่ต้องจดบันทึก และสามารถดึงเงินคืนเข้าบัญชีหลักได้ทันที 100% เมื่อถึงกำหนดจ่ายค่าเช่าหรือบิล",0.06,MODERATE,FLEXIBLE,11150.0,3760.0,2510.0,1600.0,17420.0,0.3097,0.1044,0.0697,เช่าคอนโดติดรถไฟฟ้า,ผ่อนบัตรเครดิต & สินเชื่อ
ACC_0360,USER_0000,32000.0,618.08,6658.4,0.2081,0.2973,9964.45,0,0,Paycheck-to-Paycheck Spender,มนุษย์เงินเดือนชนเดือน (สภาพคล่องจำกัดปลายเดือน),"First Jobber รายได้ 18,000–35,000 บาท ใช้ชีวิตเดือนชนเดือน ต้องการระบบออมเงินอัตโนมัติแบบไม่ต้องจดบันทึก และสามารถดึงเงินคืนเข้าบัญชีหลักได้ทันที 100% เมื่อถึงกำหนดจ่ายค่าเช่าหรือบิล",0.06,MODERATE,FLEXIBLE,8170.0,2880.0,1930.0,2000.0,12980.0,0.2553,0.09,0.0603,เช่าอพาร์ตเมนต์ชานเมือง,ผ่อนหนี้ กยศ.
ACC_0361,USER_0001,36000.0,684.7,4176.0,0.116,0.206,3763.18,0,0,Paycheck-to-Paycheck Spender,มนุษย์เงินเดือนชนเดือน (สภาพคล่องจำกัดปลายเดือน),"First Jobber รายได้ 18,000–35,000 บาท ใช้ชีวิตเดือนชนเดือน ต้องการระบบออมเงินอัตโนมัติแบบไม่ต้องจดบันทึก และสามารถดึงเงินคืนเข้าบัญชีหลักได้ทันที 100% เมื่อถึงกำหนดจ่ายค่าเช่าหรือบิล",0.06,MODERATE,FLEXIBLE,11270.0,4800.0,2060.0,1700.0,18130.0,0.3131,0.1333,0.0572,เช่าอพาร์ตเมนต์ชานเมือง,ผ่อนสมาร์ตโฟน & แท็บเล็ต
ACC_0362,USER_0002,36000.0,624.9,5372.0,0.1492,0.2983,2255.22,0,0,Paycheck-to-Paycheck Spender,มนุษย์เงินเดือนชนเดือน (สภาพคล่องจำกัดปลายเดือน),"First Jobber รายได้ 18,000–35,000 บาท ใช้ชีวิตเดือนชนเดือน ต้องการระบบออมเงินอัตโนมัติแบบไม่ต้องจดบันทึก และสามารถดึงเงินคืนเข้าบัญชีหลักได้ทันที 100% เมื่อถึงกำหนดจ่ายค่าเช่าหรือบิล",0.06,MODERATE,FLEXIBLE,9360.0,6400.0,2370.0,2500.0,18130.0,0.26,0.1778,0.0658,ผ่อนห้องชุดคอนโดมิเนียม,ผ่อนหนี้ กยศ.
ACC_0363,USER_0003,20000.0,656.66,850.0,0.0425,0.1687,3686.52,0,1,High-Yield Seeker Novice,ผู้แสวงหาผลตอบแทนสูง (มีเงินเก็บ ต้องการดอกเบี้ยสูง),"First Jobber รายได้ 24,000–45,000 บาท มีเงินเก็บก้อนแรก 30,000–100,000 บาท มองหาผลตอบแทนดอกเบี้ยสูง ป้องกันความเสี่ยงจากการหลอกลงทุนด้วย Protected Vault Protocol",0.12,HIGH,MAXIMUM,4180.0,1000.0,990.0,6100.0,6170.0,0.209,0.05,0.0495,เช่าห้องพักสไตล์มินิมอล,ผ่อนอุปกรณ์ไอที/คอมพิวเตอร์
ACC_0364,USER_0004,24000.0,558.39,1142.2,0.0476,0.2291,8803.78,0,0,Paycheck-to-Paycheck Spender,มนุษย์เงินเดือนชนเดือน (สภาพคล่องจำกัดปลายเดือน),"First Jobber รายได้ 18,000–35,000 บาท ใช้ชีวิตเดือนชนเดือน ต้องการระบบออมเงินอัตโนมัติแบบไม่ต้องจดบันทึก และสามารถดึงเงินคืนเข้าบัญชีหลักได้ทันที 100% เมื่อถึงกำหนดจ่ายค่าเช่าหรือบิล",0.06,MODERATE,FLEXIBLE,5720.0,4120.0,1850.0,1700.0,11690.0,0.2383,0.1717,0.0771,เช่าอพาร์ตเมนต์ชานเมือง,ผ่อนบัตรเครดิต & สินเชื่อ
ACC_0365,USER_0005,24000.0,610.2,6786.0,0.2828,0.251,17063.29,0,1,High-Yield Seeker Novice,ผู้แสวงหาผลตอบแทนสูง (มีเงินเก็บ ต้องการดอกเบี้ยสูง),"First Jobber รายได้ 24,000–45,000 บาท มีเงินเก็บก้อนแรก 30,000–100,000 บาท มองหาผลตอบแทนดอกเบี้ยสูง ป้องกันความเสี่ยงจากการหลอกลงทุนด้วย Protected Vault Protocol",0.12,HIGH,MAXIMUM,4080.0,0.0,930.0,4500.0,5010.0,0.17,0.0,0.0388,พักกับครอบครัว/ที่บ้าน,ไม่มีหนี้ผ่อนชำระ
ACC_0366,USER_0006,32000.0,564.54,4059.2,0.1268,0.1501,3677.48,0,0,Paycheck-to-Paycheck Spender,มนุษย์เงินเดือนชนเดือน (สภาพคล่องจำกัดปลายเดือน),"First Jobber รายได้ 18,000–35,000 บาท ใช้ชีวิตเดือนชนเดือน ต้องการระบบออมเงินอัตโนมัติแบบไม่ต้องจดบันทึก และสามารถดึงเงินคืนเข้าบัญชีหลักได้ทันที 100% เมื่อถึงกำหนดจ่ายค่าเช่าหรือบิล",0.06,MODERATE,FLEXIBLE,9660.0,5390.0,1600.0,1900.0,16650.0,0.3019,0.1684,0.05,เช่าอพาร์ตเมนต์ชานเมือง,ผ่อนค่างวดรถมอเตอร์ไซค์
ACC_0367,USER_0007,28000.0,596.23,1705.4,0.0609,0.2589,3451.4,0,0,Paycheck-to-Paycheck Spender,มนุษย์เงินเดือนชนเดือน (สภาพคล่องจำกัดปลายเดือน),"First Jobber รายได้ 18,000–35,000 บาท ใช้ชีวิตเดือนชนเดือน ต้องการระบบออมเงินอัตโนมัติแบบไม่ต้องจดบันทึก และสามารถดึงเงินคืนเข้าบัญชีหลักได้ทันที 100% เมื่อถึงกำหนดจ่ายค่าเช่าหรือบิล",0.06,MODERATE,FLEXIBLE,7310.0,4590.0,2470.0,2200.0,14370.0,0.2611,0.1639,0.0882,เช่าอพาร์ตเมนต์ชานเมือง,ผ่อนหนี้ กยศ.
ACC_0368,USER_0008,36000.0,523.34,8563.2,0.2379,0.1147,8642.55,0,0,Paycheck-to-Paycheck Spender,มนุษย์เงินเดือนชนเดือน (สภาพคล่องจำกัดปลายเดือน),"First Jobber รายได้ 18,000–35,000 บาท ใช้ชีวิตเดือนชนเดือน ต้องการระบบออมเงินอัตโนมัติแบบไม่ต้องจดบันทึก และสามารถดึงเงินคืนเข้าบัญชีหลักได้ทันที 100% เมื่อถึงกำหนดจ่ายค่าเช่าหรือบิล",0.06,MODERATE,FLEXIBLE,10730.0,3870.0,2370.0,2300.0,16970.0,0.2981,0.1075,0.0658,เช่าอพาร์ตเมนต์ชานเมือง,ผ่อนบัตรเครดิต & สินเชื่อ
ACC_0369,USER_0009,24000.0,630.06,5468.8,0.2279,0.2827,12399.99,0,1,High-Yield Seeker Novice,ผู้แสวงหาผลตอบแทนสูง (มีเงินเก็บ ต้องการดอกเบี้ยสูง),"First Jobber รายได้ 24,000–45,000 บาท มีเงินเก็บก้อนแรก 30,000–100,000 บาท มองหาผลตอบแทนดอกเบี้ยสูง ป้องกันความเสี่ยงจากการหลอกลงทุนด้วย Protected Vault Protocol",0.12,HIGH,MAXIMUM,3540.0,1200.0,1190.0,7700.0,5930.0,0.1475,0.05,0.0496,เช่าอพาร์ตเมนต์ราคาประหยัด,ผ่อนสมาร์ตโฟน 0%
ACC_0370,USER_0010,32000.0,578.04,4139.2,0.1294,0.1621,7852.72,0,0,Paycheck-to-Paycheck Spender,มนุษย์เงินเดือนชนเดือน (สภาพคล่องจำกัดปลายเดือน),"First Jobber รายได้ 18,000–35,000 บาท ใช้ชีวิตเดือนชนเดือน ต้องการระบบออมเงินอัตโนมัติแบบไม่ต้องจดบันทึก และสามารถดึงเงินคืนเข้าบัญชีหลักได้ทันที 100% เมื่อถึงกำหนดจ่ายค่าเช่าหรือบิล",0.06,MODERATE,FLEXIBLE,9400.0,5320.0,1580.0,1700.0,16300.0,0.2938,0.1662,0.0494,เช่าคอนโดติดรถไฟฟ้า,ผ่อนหนี้ กยศ.
ACC_0371,USER_0011,36000.0,603.13,9437.4,0.2622,0.2661,12732.12,0,0,Paycheck-to-Paycheck Spender,มนุษย์เงินเดือนชนเดือน (สภาพคล่องจำกัดปลายเดือน),"First Jobber รายได้ 18,000–35,000 บาท ใช้ชีวิตเดือนชนเดือน ต้องการระบบออมเงินอัตโนมัติแบบไม่ต้องจดบันทึก และสามารถดึงเงินคืนเข้าบัญชีหลักได้ทันที 100% เมื่อถึงกำหนดจ่ายค่าเช่าหรือบิล",0.06,MODERATE,FLEXIBLE,8750.0,3620.0,2130.0,2000.0,14500.0,0.2431,0.1006,0.0592,เช่าคอนโดติดรถไฟฟ้า,ผ่อนบัตรเครดิต & สินเชื่อ
ACC_0372,USER_0012,24000.0,681.45,5841.0,0.2434,0.2616,5677.66,0,1,High-Yield Seeker Novice,ผู้แสวงหาผลตอบแทนสูง (มีเงินเก็บ ต้องการดอกเบี้ยสูง),"First Jobber รายได้ 24,000–45,000 บาท มีเงินเก็บก้อนแรก 30,000–100,000 บาท มองหาผลตอบแทนดอกเบี้ยสูง ป้องกันความเสี่ยงจากการหลอกลงทุนด้วย Protected Vault Protocol",0.12,HIGH,MAXIMUM,3470.0,0.0,1060.0,7800.0,4530.0,0.1446,0.0,0.0442,พักกับครอบครัว/ที่บ้าน,ไม่มีหนี้ผ่อนชำระ
ACC_0373,USER_0013,24000.0,583.76,6794.8,0.2831,0.2787,13109.31,0,1,High-Yield Seeker Novice,ผู้แสวงหาผลตอบแทนสูง (มีเงินเก็บ ต้องการดอกเบี้ยสูง),"First Jobber รายได้ 24,000–45,000 บาท มีเงินเก็บก้อนแรก 30,000–100,000 บาท มองหาผลตอบแทนดอกเบี้ยสูง ป้องกันความเสี่ยงจากการหลอกลงทุนด้วย Protected Vault Protocol",0.12,HIGH,MAXIMUM,4140.0,0.0,1390.0,8300.0,5530.0,0.1725,0.0,0.0579,เช่าอพาร์ตเมนต์ราคาประหยัด,ไม่มีหนี้ผ่อนชำระ
ACC_0374,USER_0014,36000.0,602.34,6893.2,0.1915,0.2675,4169.9,0,0,Paycheck-to-Paycheck Spender,มนุษย์เงินเดือนชนเดือน (สภาพคล่องจำกัดปลายเดือน),"First Jobber รายได้ 18,000–35,000 บาท ใช้ชีวิตเดือนชนเดือน ต้องการระบบออมเงินอัตโนมัติแบบไม่ต้องจดบันทึก และสามารถดึงเงินคืนเข้าบัญชีหลักได้ทันที 100% เมื่อถึงกำหนดจ่ายค่าเช่าหรือบิล",0.06,MODERATE,FLEXIBLE,9150.0,5830.0,2080.0,2200.0,17060.0,0.2542,0.1619,0.0578,ผ่อนห้องชุดคอนโดมิเนียม,ผ่อนบัตรเครดิต & สินเชื่อ
ACC_0375,USER_0015,28000.0,580.14,5077.2,0.1813,0.2627,5250.81,0,0,Paycheck-to-Paycheck Spender,มนุษย์เงินเดือนชนเดือน (สภาพคล่องจำกัดปลายเดือน),"First Jobber รายได้ 18,000–35,000 บาท ใช้ชีวิตเดือนชนเดือน ต้องการระบบออมเงินอัตโนมัติแบบไม่ต้องจดบันทึก และสามารถดึงเงินคืนเข้าบัญชีหลักได้ทันที 100% เมื่อถึงกำหนดจ่ายค่าเช่าหรือบิล",0.06,MODERATE,FLEXIBLE,6380.0,2480.0,2460.0,1900.0,11320.0,0.2279,0.0886,0.0879,เช่าคอนโดติดรถไฟฟ้า,ผ่อนหนี้ กยศ.
ACC_0376,USER_0016,20000.0,620.72,2055.6,0.1028,0.189,8466.75,0,1,High-Yield Seeker Novice,ผู้แสวงหาผลตอบแทนสูง (มีเงินเก็บ ต้องการดอกเบี้ยสูง),"First Jobber รายได้ 24,000–45,000 บาท มีเงินเก็บก้อนแรก 30,000–100,000 บาท มองหาผลตอบแทนดอกเบี้ยสูง ป้องกันความเสี่ยงจากการหลอกลงทุนด้วย Protected Vault Protocol",0.12,HIGH,MAXIMUM,3350.0,1000.0,1180.0,9100.0,5530.0,0.1675,0.05,0.059,เช่าห้องพักสไตล์มินิมอล,ผ่อนอุปกรณ์ไอที/คอมพิวเตอร์
ACC_0377,USER_0017,28000.0,619.41,2611.8,0.0933,0.2586,3895.75,0,0,Paycheck-to-Paycheck Spender,มนุษย์เงินเดือนชนเดือน (สภาพคล่องจำกัดปลายเดือน),"First Jobber รายได้ 18,000–35,000 บาท ใช้ชีวิตเดือนชนเดือน ต้องการระบบออมเงินอัตโนมัติแบบไม่ต้องจดบันทึก และสามารถดึงเงินคืนเข้าบัญชีหลักได้ทันที 100% เมื่อถึงกำหนดจ่ายค่าเช่าหรือบิล",0.06,MODERATE,FLEXIBLE,6810.0,3750.0,2440.0,2800.0,13000.0,0.2432,0.1339,0.0871,เช่าอพาร์ตเมนต์ชานเมือง,ผ่อนค่างวดรถมอเตอร์ไซค์
ACC_0378,USER_0018,36000.0,653.75,7585.0,0.2107,0.2491,11509.19,0,0,Paycheck-to-Paycheck Spender,มนุษย์เงินเดือนชนเดือน (สภาพคล่องจำกัดปลายเดือน),"First Jobber รายได้ 18,000–35,000 บาท ใช้ชีวิตเดือนชนเดือน ต้องการระบบออมเงินอัตโนมัติแบบไม่ต้องจดบันทึก และสามารถดึงเงินคืนเข้าบัญชีหลักได้ทันที 100% เมื่อถึงกำหนดจ่ายค่าเช่าหรือบิล",0.06,MODERATE,FLEXIBLE,9090.0,4080.0,2170.0,3500.0,15340.0,0.2525,0.1133,0.0603,เช่าอพาร์ตเมนต์ชานเมือง,ผ่อนสมาร์ตโฟน & แท็บเล็ต
ACC_0379,USER_0019,28000.0,634.7,1396.0,0.0499,0.2931,14864.64,0,0,Paycheck-to-Paycheck Spender,มนุษย์เงินเดือนชนเดือน (สภาพคล่องจำกัดปลายเดือน),"First Jobber รายได้ 18,000–35,000 บาท ใช้ชีวิตเดือนชนเดือน ต้องการระบบออมเงินอัตโนมัติแบบไม่ต้องจดบันทึก และสามารถดึงเงินคืนเข้าบัญชีหลักได้ทันที 100% เมื่อถึงกำหนดจ่ายค่าเช่าหรือบิล",0.06,MODERATE,FLEXIBLE,7720.0,4290.0,1900.0,1600.0,13910.0,0.2757,0.1532,0.0679,เช่าอพาร์ตเมนต์ชานเมือง,ผ่อนค่างวดรถมอเตอร์ไซค์
ACC_0380,USER_0020,36000.0,618.23,4805.4,0.1335,0.2217,5279.1,0,0,Paycheck-to-Paycheck Spender,มนุษย์เงินเดือนชนเดือน (สภาพคล่องจำกัดปลายเดือน),"First Jobber รายได้ 18,000–35,000 บาท ใช้ชีวิตเดือนชนเดือน ต้องการระบบออมเงินอัตโนมัติแบบไม่ต้องจดบันทึก และสามารถดึงเงินคืนเข้าบัญชีหลักได้ทันที 100% เมื่อถึงกำหนดจ่ายค่าเช่าหรือบิล",0.06,MODERATE,FLEXIBLE,11380.0,5170.0,2280.0,1800.0,18830.0,0.3161,0.1436,0.0633,เช่าอพาร์ตเมนต์ชานเมือง,ผ่อนสมาร์ตโฟน & แท็บเล็ต
ACC_0381,USER_0021,24000.0,627.86,5222.8,0.2176,0.2491,11364.84,0,1,High-Yield Seeker Novice,ผู้แสวงหาผลตอบแทนสูง (มีเงินเก็บ ต้องการดอกเบี้ยสูง),"First Jobber รายได้ 24,000–45,000 บาท มีเงินเก็บก้อนแรก 30,000–100,000 บาท มองหาผลตอบแทนดอกเบี้ยสูง ป้องกันความเสี่ยงจากการหลอกลงทุนด้วย Protected Vault Protocol",0.12,HIGH,MAXIMUM,4170.0,1200.0,850.0,6200.0,6220.0,0.1737,0.05,0.0354,เช่าอพาร์ตเมนต์ราคาประหยัด,ผ่อนอุปกรณ์ไอที/คอมพิวเตอร์
ACC_0382,USER_0022,32000.0,629.9,5632.0,0.176,0.258,14063.67,0,0,Paycheck-to-Paycheck Spender,มนุษย์เงินเดือนชนเดือน (สภาพคล่องจำกัดปลายเดือน),"First Jobber รายได้ 18,000–35,000 บาท ใช้ชีวิตเดือนชนเดือน ต้องการระบบออมเงินอัตโนมัติแบบไม่ต้องจดบันทึก และสามารถดึงเงินคืนเข้าบัญชีหลักได้ทันที 100% เมื่อถึงกำหนดจ่ายค่าเช่าหรือบิล",0.06,MODERATE,FLEXIBLE,8260.0,2940.0,2570.0,1500.0,13770.0,0.2581,0.0919,0.0803,เช่าคอนโดติดรถไฟฟ้า,ผ่อนบัตรเครดิต & สินเชื่อ
ACC_0383,USER_0023,20000.0,565.35,3783.0,0.1892,0.2316,9038.66,0,1,High-Yield Seeker Novice,ผู้แสวงหาผลตอบแทนสูง (มีเงินเก็บ ต้องการดอกเบี้ยสูง),"First Jobber รายได้ 24,000–45,000 บาท มีเงินเก็บก้อนแรก 30,000–100,000 บาท มองหาผลตอบแทนดอกเบี้ยสูง ป้องกันความเสี่ยงจากการหลอกลงทุนด้วย Protected Vault Protocol",0.12,HIGH,MAXIMUM,3870.0,0.0,1040.0,8800.0,4910.0,0.1935,0.0,0.052,เช่าห้องพักสไตล์มินิมอล,ไม่มีหนี้ผ่อนชำระ
ACC_0384,USER_0024,36000.0,559.35,8493.0,0.2359,0.2444,14569.57,0,0,Paycheck-to-Paycheck Spender,มนุษย์เงินเดือนชนเดือน (สภาพคล่องจำกัดปลายเดือน),"First Jobber รายได้ 18,000–35,000 บาท ใช้ชีวิตเดือนชนเดือน ต้องการระบบออมเงินอัตโนมัติแบบไม่ต้องจดบันทึก และสามารถดึงเงินคืนเข้าบัญชีหลักได้ทันที 100% เมื่อถึงกำหนดจ่ายค่าเช่าหรือบิล",0.06,MODERATE,FLEXIBLE,10110.0,4700.0,1510.0,1600.0,16320.0,0.2808,0.1306,0.0419,เช่าคอนโดติดรถไฟฟ้า,ผ่อนหนี้ กยศ.
ACC_0385,USER_0025,28000.0,683.89,2762.2,0.0986,0.2573,3328.4,0,0,Paycheck-to-Paycheck Spender,มนุษย์เงินเดือนชนเดือน (สภาพคล่องจำกัดปลายเดือน),"First Jobber รายได้ 18,000–35,000 บาท ใช้ชีวิตเดือนชนเดือน ต้องการระบบออมเงินอัตโนมัติแบบไม่ต้องจดบันทึก และสามารถดึงเงินคืนเข้าบัญชีหลักได้ทันที 100% เมื่อถึงกำหนดจ่ายค่าเช่าหรือบิล",0.06,MODERATE,FLEXIBLE,6900.0,3250.0,1410.0,3400.0,11560.0,0.2464,0.1161,0.0504,เช่าคอนโดติดรถไฟฟ้า,ผ่อนบัตรเครดิต & สินเชื่อ
ACC_0386,USER_0026,36000.0,684.13,7107.4,0.1974,0.2337,13811.25,0,0,Paycheck-to-Paycheck Spender,มนุษย์เงินเดือนชนเดือน (สภาพคล่องจำกัดปลายเดือน),"First Jobber รายได้ 18,000–35,000 บาท ใช้ชีวิตเดือนชนเดือน ต้องการระบบออมเงินอัตโนมัติแบบไม่ต้องจดบันทึก และสามารถดึงเงินคืนเข้าบัญชีหลักได้ทันที 100% เมื่อถึงกำหนดจ่ายค่าเช่าหรือบิล",0.06,MODERATE,FLEXIBLE,9020.0,4310.0,1880.0,2700.0,15210.0,0.2506,0.1197,0.0522,ผ่อนห้องชุดคอนโดมิเนียม,ผ่อนสมาร์ตโฟน & แท็บเล็ต
ACC_0387,USER_0027,24000.0,596.07,5358.6,0.2233,0.2222,11471.69,0,1,High-Yield Seeker Novice,ผู้แสวงหาผลตอบแทนสูง (มีเงินเก็บ ต้องการดอกเบี้ยสูง),"First Jobber รายได้ 24,000–45,000 บาท มีเงินเก็บก้อนแรก 30,000–100,000 บาท มองหาผลตอบแทนดอกเบี้ยสูง ป้องกันความเสี่ยงจากการหลอกลงทุนด้วย Protected Vault Protocol",0.12,HIGH,MAXIMUM,5130.0,0.0,1590.0,9200.0,6720.0,0.2138,0.0,0.0662,พักกับครอบครัว/ที่บ้าน,ไม่มีหนี้ผ่อนชำระ
ACC_0388,USER_0028,28000.0,585.07,3388.6,0.121,0.2098,7360.61,0,0,Paycheck-to-Paycheck Spender,มนุษย์เงินเดือนชนเดือน (สภาพคล่องจำกัดปลายเดือน),"First Jobber รายได้ 18,000–35,000 บาท ใช้ชีวิตเดือนชนเดือน ต้องการระบบออมเงินอัตโนมัติแบบไม่ต้องจดบันทึก และสามารถดึงเงินคืนเข้าบัญชีหลักได้ทันที 100% เมื่อถึงกำหนดจ่ายค่าเช่าหรือบิล",0.06,MODERATE,FLEXIBLE,7560.0,3350.0,2000.0,2800.0,12910.0,0.27,0.1196,0.0714,เช่าอพาร์ตเมนต์ชานเมือง,ผ่อนค่างวดรถมอเตอร์ไซค์
ACC_0389,USER_0029,24000.0,600.09,5458.2,0.2274,0.3235,6659.41,0,1,High-Yield Seeker Novice,ผู้แสวงหาผลตอบแทนสูง (มีเงินเก็บ ต้องการดอกเบี้ยสูง),"First Jobber รายได้ 24,000–45,000 บาท มีเงินเก็บก้อนแรก 30,000–100,000 บาท มองหาผลตอบแทนดอกเบี้ยสูง ป้องกันความเสี่ยงจากการหลอกลงทุนด้วย Protected Vault Protocol",0.12,HIGH,MAXIMUM,4380.0,1200.0,960.0,5700.0,6540.0,0.1825,0.05,0.04,พักกับครอบครัว/ที่บ้าน,ผ่อนสมาร์ตโฟน 0%
ACC_0390,USER_0030,28000.0,652.24,4095.2,0.1463,0.2188,16356.03,0,0,Paycheck-to-Paycheck Spender,มนุษย์เงินเดือนชนเดือน (สภาพคล่องจำกัดปลายเดือน),"First Jobber รายได้ 18,000–35,000 บาท ใช้ชีวิตเดือนชนเดือน ต้องการระบบออมเงินอัตโนมัติแบบไม่ต้องจดบันทึก และสามารถดึงเงินคืนเข้าบัญชีหลักได้ทันที 100% เมื่อถึงกำหนดจ่ายค่าเช่าหรือบิล",0.06,MODERATE,FLEXIBLE,7060.0,2300.0,1500.0,1900.0,10860.0,0.2521,0.0821,0.0536,เช่าอพาร์ตเมนต์ชานเมือง,ผ่อนค่างวดรถมอเตอร์ไซค์
ACC_0391,USER_0031,36000.0,554.28,6644.4,0.1846,0.2492,2936.9,0,0,Paycheck-to-Paycheck Spender,มนุษย์เงินเดือนชนเดือน (สภาพคล่องจำกัดปลายเดือน),"First Jobber รายได้ 18,000–35,000 บาท ใช้ชีวิตเดือนชนเดือน ต้องการระบบออมเงินอัตโนมัติแบบไม่ต้องจดบันทึก และสามารถดึงเงินคืนเข้าบัญชีหลักได้ทันที 100% เมื่อถึงกำหนดจ่ายค่าเช่าหรือบิล",0.06,MODERATE,FLEXIBLE,9980.0,6240.0,2050.0,2500.0,18270.0,0.2772,0.1733,0.0569,เช่าคอนโดติดรถไฟฟ้า,ผ่อนค่างวดรถมอเตอร์ไซค์
ACC_0392,USER_0032,28000.0,599.66,3046.8,0.1088,0.2195,7840.57,0,0,Paycheck-to-Paycheck Spender,มนุษย์เงินเดือนชนเดือน (สภาพคล่องจำกัดปลายเดือน),"First Jobber รายได้ 18,000–35,000 บาท ใช้ชีวิตเดือนชนเดือน ต้องการระบบออมเงินอัตโนมัติแบบไม่ต้องจดบันทึก และสามารถดึงเงินคืนเข้าบัญชีหลักได้ทันที 100% เมื่อถึงกำหนดจ่ายค่าเช่าหรือบิล",0.06,MODERATE,FLEXIBLE,7860.0,2630.0,2470.0,3200.0,12960.0,0.2807,0.0939,0.0882,ผ่อนห้องชุดคอนโดมิเนียม,ผ่อนหนี้ กยศ.
ACC_0393,USER_0033,36000.0,645.28,8544.4,0.2373,0.174,5190.81,0,0,Paycheck-to-Paycheck Spender,มนุษย์เงินเดือนชนเดือน (สภาพคล่องจำกัดปลายเดือน),"First Jobber รายได้ 18,000–35,000 บาท ใช้ชีวิตเดือนชนเดือน ต้องการระบบออมเงินอัตโนมัติแบบไม่ต้องจดบันทึก และสามารถดึงเงินคืนเข้าบัญชีหลักได้ทันที 100% เมื่อถึงกำหนดจ่ายค่าเช่าหรือบิล",0.06,MODERATE,FLEXIBLE,9360.0,3410.0,1780.0,1600.0,14550.0,0.26,0.0947,0.0494,เช่าอพาร์ตเมนต์ชานเมือง,ผ่อนค่างวดรถมอเตอร์ไซค์
ACC_0394,USER_0034,36000.0,584.73,7535.4,0.2093,0.2935,10149.6,0,0,Paycheck-to-Paycheck Spender,มนุษย์เงินเดือนชนเดือน (สภาพคล่องจำกัดปลายเดือน),"First Jobber รายได้ 18,000–35,000 บาท ใช้ชีวิตเดือนชนเดือน ต้องการระบบออมเงินอัตโนมัติแบบไม่ต้องจดบันทึก และสามารถดึงเงินคืนเข้าบัญชีหลักได้ทันที 100% เมื่อถึงกำหนดจ่ายค่าเช่าหรือบิล",0.06,MODERATE,FLEXIBLE,8410.0,6350.0,2010.0,3400.0,16770.0,0.2336,0.1764,0.0558,เช่าคอนโดติดรถไฟฟ้า,ผ่อนหนี้ กยศ.
ACC_0395,USER_0035,28000.0,546.1,4588.0,0.1639,0.181,9774.7,0,0,Paycheck-to-Paycheck Spender,มนุษย์เงินเดือนชนเดือน (สภาพคล่องจำกัดปลายเดือน),"First Jobber รายได้ 18,000–35,000 บาท ใช้ชีวิตเดือนชนเดือน ต้องการระบบออมเงินอัตโนมัติแบบไม่ต้องจดบันทึก และสามารถดึงเงินคืนเข้าบัญชีหลักได้ทันที 100% เมื่อถึงกำหนดจ่ายค่าเช่าหรือบิล",0.06,MODERATE,FLEXIBLE,7580.0,3470.0,1440.0,2800.0,12490.0,0.2707,0.1239,0.0514,เช่าคอนโดติดรถไฟฟ้า,ผ่อนหนี้ กยศ.
ACC_0396,USER_0036,36000.0,605.64,7017.2,0.1949,0.2611,6929.22,0,0,Paycheck-to-Paycheck Spender,มนุษย์เงินเดือนชนเดือน (สภาพคล่องจำกัดปลายเดือน),"First Jobber รายได้ 18,000–35,000 บาท ใช้ชีวิตเดือนชนเดือน ต้องการระบบออมเงินอัตโนมัติแบบไม่ต้องจดบันทึก และสามารถดึงเงินคืนเข้าบัญชีหลักได้ทันที 100% เมื่อถึงกำหนดจ่ายค่าเช่าหรือบิล",0.06,MODERATE,FLEXIBLE,10150.0,5220.0,1500.0,1600.0,16870.0,0.2819,0.145,0.0417,ผ่อนห้องชุดคอนโดมิเนียม,ผ่อนสมาร์ตโฟน & แท็บเล็ต
ACC_0397,USER_0037,24000.0,601.5,6130.0,0.2554,0.2094,5397.13,0,1,High-Yield Seeker Novice,ผู้แสวงหาผลตอบแทนสูง (มีเงินเก็บ ต้องการดอกเบี้ยสูง),"First Jobber รายได้ 24,000–45,000 บาท มีเงินเก็บก้อนแรก 30,000–100,000 บาท มองหาผลตอบแทนดอกเบี้ยสูง ป้องกันความเสี่ยงจากการหลอกลงทุนด้วย Protected Vault Protocol",0.12,HIGH,MAXIMUM,4240.0,0.0,1600.0,4800.0,5840.0,0.1767,0.0,0.0667,เช่าอพาร์ตเมนต์ราคาประหยัด,ไม่มีหนี้ผ่อนชำระ
ACC_0398,USER_0038,20000.0,595.73,2755.4,0.1378,0.2054,13861.42,0,1,High-Yield Seeker Novice,ผู้แสวงหาผลตอบแทนสูง (มีเงินเก็บ ต้องการดอกเบี้ยสูง),"First Jobber รายได้ 24,000–45,000 บาท มีเงินเก็บก้อนแรก 30,000–100,000 บาท มองหาผลตอบแทนดอกเบี้ยสูง ป้องกันความเสี่ยงจากการหลอกลงทุนด้วย Protected Vault Protocol",0.12,HIGH,MAXIMUM,4370.0,0.0,960.0,5200.0,5330.0,0.2185,0.0,0.048,พักกับครอบครัว/ที่บ้าน,ไม่มีหนี้ผ่อนชำระ
ACC_0399,USER_0039,32000.0,594.74,6885.2,0.2152,0.2524,8000.93,0,0,Paycheck-to-Paycheck Spender,มนุษย์เงินเดือนชนเดือน (สภาพคล่องจำกัดปลายเดือน),"First Jobber รายได้ 18,000–35,000 บาท ใช้ชีวิตเดือนชนเดือน ต้องการระบบออมเงินอัตโนมัติแบบไม่ต้องจดบันทึก และสามารถดึงเงินคืนเข้าบัญชีหลักได้ทันที 100% เมื่อถึงกำหนดจ่ายค่าเช่าหรือบิล",0.06,MODERATE,FLEXIBLE,7890.0,3130.0,2200.0,2700.0,13220.0,0.2466,0.0978,0.0688,ผ่อนห้องชุดคอนโดมิเนียม,ผ่อนค่างวดรถมอเตอร์ไซค์
ACC_0400,USER_0040,24000.0,681.58,3168.4,0.132,0.2289,12699.66,0,1,High-Yield Seeker Novice,ผู้แสวงหาผลตอบแทนสูง (มีเงินเก็บ ต้องการดอกเบี้ยสูง),"First Jobber รายได้ 24,000–45,000 บาท มีเงินเก็บก้อนแรก 30,000–100,000 บาท มองหาผลตอบแทนดอกเบี้ยสูง ป้องกันความเสี่ยงจากการหลอกลงทุนด้วย Protected Vault Protocol",0.12,HIGH,MAXIMUM,4920.0,1200.0,1080.0,7900.0,7200.0,0.205,0.05,0.045,พักกับครอบครัว/ที่บ้าน,ผ่อนสมาร์ตโฟน 0%
ACC_0401,USER_0041,28000.0,584.79,1824.2,0.0652,0.2801,13667.24,0,0,Paycheck-to-Paycheck Spender,มนุษย์เงินเดือนชนเดือน (สภาพคล่องจำกัดปลายเดือน),"First Jobber รายได้ 18,000–35,000 บาท ใช้ชีวิตเดือนชนเดือน ต้องการระบบออมเงินอัตโนมัติแบบไม่ต้องจดบันทึก และสามารถดึงเงินคืนเข้าบัญชีหลักได้ทันที 100% เมื่อถึงกำหนดจ่ายค่าเช่าหรือบิล",0.06,MODERATE,FLEXIBLE,8190.0,4460.0,1830.0,2800.0,14480.0,0.2925,0.1593,0.0654,ผ่อนห้องชุดคอนโดมิเนียม,ผ่อนหนี้ กยศ.
ACC_0402,USER_0042,36000.0,629.39,7462.2,0.2073,0.1914,2813.72,0,0,Paycheck-to-Paycheck Spender,มนุษย์เงินเดือนชนเดือน (สภาพคล่องจำกัดปลายเดือน),"First Jobber รายได้ 18,000–35,000 บาท ใช้ชีวิตเดือนชนเดือน ต้องการระบบออมเงินอัตโนมัติแบบไม่ต้องจดบันทึก และสามารถดึงเงินคืนเข้าบัญชีหลักได้ทันที 100% เมื่อถึงกำหนดจ่ายค่าเช่าหรือบิล",0.06,MODERATE,FLEXIBLE,9810.0,4610.0,1530.0,2300.0,15950.0,0.2725,0.1281,0.0425,เช่าคอนโดติดรถไฟฟ้า,ผ่อนสมาร์ตโฟน & แท็บเล็ต
ACC_0403,USER_0043,20000.0,554.81,4543.8,0.2272,0.2122,4917.98,0,1,High-Yield Seeker Novice,ผู้แสวงหาผลตอบแทนสูง (มีเงินเก็บ ต้องการดอกเบี้ยสูง),"First Jobber รายได้ 24,000–45,000 บาท มีเงินเก็บก้อนแรก 30,000–100,000 บาท มองหาผลตอบแทนดอกเบี้ยสูง ป้องกันความเสี่ยงจากการหลอกลงทุนด้วย Protected Vault Protocol",0.12,HIGH,MAXIMUM,3200.0,0.0,1160.0,8800.0,4360.0,0.16,0.0,0.058,เช่าห้องพักสไตล์มินิมอล,ไม่มีหนี้ผ่อนชำระ
ACC_0404,USER_0044,32000.0,593.95,5651.0,0.1766,0.2257,12701.2,0,0,Paycheck-to-Paycheck Spender,มนุษย์เงินเดือนชนเดือน (สภาพคล่องจำกัดปลายเดือน),"First Jobber รายได้ 18,000–35,000 บาท ใช้ชีวิตเดือนชนเดือน ต้องการระบบออมเงินอัตโนมัติแบบไม่ต้องจดบันทึก และสามารถดึงเงินคืนเข้าบัญชีหลักได้ทันที 100% เมื่อถึงกำหนดจ่ายค่าเช่าหรือบิล",0.06,MODERATE,FLEXIBLE,9470.0,3000.0,2000.0,1900.0,14470.0,0.2959,0.0938,0.0625,เช่าคอนโดติดรถไฟฟ้า,ผ่อนสมาร์ตโฟน & แท็บเล็ต
ACC_0405,USER_0045,32000.0,681.27,2544.6,0.0795,0.2552,13225.33,0,0,Paycheck-to-Paycheck Spender,มนุษย์เงินเดือนชนเดือน (สภาพคล่องจำกัดปลายเดือน),"First Jobber รายได้ 18,000–35,000 บาท ใช้ชีวิตเดือนชนเดือน ต้องการระบบออมเงินอัตโนมัติแบบไม่ต้องจดบันทึก และสามารถดึงเงินคืนเข้าบัญชีหลักได้ทันที 100% เมื่อถึงกำหนดจ่ายค่าเช่าหรือบิล",0.06,MODERATE,FLEXIBLE,7810.0,5680.0,2340.0,3400.0,15830.0,0.2441,0.1775,0.0731,เช่าคอนโดติดรถไฟฟ้า,ผ่อนหนี้ กยศ.
ACC_0406,USER_0046,28000.0,571.24,3675.2,0.1313,0.2158,16691.43,0,0,Paycheck-to-Paycheck Spender,มนุษย์เงินเดือนชนเดือน (สภาพคล่องจำกัดปลายเดือน),"First Jobber รายได้ 18,000–35,000 บาท ใช้ชีวิตเดือนชนเดือน ต้องการระบบออมเงินอัตโนมัติแบบไม่ต้องจดบันทึก และสามารถดึงเงินคืนเข้าบัญชีหลักได้ทันที 100% เมื่อถึงกำหนดจ่ายค่าเช่าหรือบิล",0.06,MODERATE,FLEXIBLE,6900.0,4050.0,1950.0,2000.0,12900.0,0.2464,0.1446,0.0696,เช่าคอนโดติดรถไฟฟ้า,ผ่อนสมาร์ตโฟน & แท็บเล็ต
ACC_0407,USER_0047,36000.0,580.43,8401.4,0.2334,0.2215,15637.95,0,0,Paycheck-to-Paycheck Spender,มนุษย์เงินเดือนชนเดือน (สภาพคล่องจำกัดปลายเดือน),"First Jobber รายได้ 18,000–35,000 บาท ใช้ชีวิตเดือนชนเดือน ต้องการระบบออมเงินอัตโนมัติแบบไม่ต้องจดบันทึก และสามารถดึงเงินคืนเข้าบัญชีหลักได้ทันที 100% เมื่อถึงกำหนดจ่ายค่าเช่าหรือบิล",0.06,MODERATE,FLEXIBLE,8380.0,5990.0,1620.0,2800.0,15990.0,0.2328,0.1664,0.045,ผ่อนห้องชุดคอนโดมิเนียม,ผ่อนบัตรเครดิต & สินเชื่อ
ACC_0408,USER_0048,24000.0,609.46,3970.8,0.1655,0.2578,9898.31,0,1,High-Yield Seeker Novice,ผู้แสวงหาผลตอบแทนสูง (มีเงินเก็บ ต้องการดอกเบี้ยสูง),"First Jobber รายได้ 24,000–45,000 บาท มีเงินเก็บก้อนแรก 30,000–100,000 บาท มองหาผลตอบแทนดอกเบี้ยสูง ป้องกันความเสี่ยงจากการหลอกลงทุนด้วย Protected Vault Protocol",0.12,HIGH,MAXIMUM,4540.0,2160.0,1140.0,9800.0,7840.0,0.1892,0.09,0.0475,เช่าห้องพักสไตล์มินิมอล,ผ่อนสมาร์ตโฟน 0%
ACC_0409,USER_0049,36000.0,618.64,7557.2,0.2099,0.2469,5379.81,0,0,Paycheck-to-Paycheck Spender,มนุษย์เงินเดือนชนเดือน (สภาพคล่องจำกัดปลายเดือน),"First Jobber รายได้ 18,000–35,000 บาท ใช้ชีวิตเดือนชนเดือน ต้องการระบบออมเงินอัตโนมัติแบบไม่ต้องจดบันทึก และสามารถดึงเงินคืนเข้าบัญชีหลักได้ทันที 100% เมื่อถึงกำหนดจ่ายค่าเช่าหรือบิล",0.06,MODERATE,FLEXIBLE,8290.0,5250.0,2530.0,3100.0,16070.0,0.2303,0.1458,0.0703,เช่าคอนโดติดรถไฟฟ้า,ผ่อนบัตรเครดิต & สินเชื่อ
ACC_0410,USER_0050,36000.0,621.09,7138.2,0.1983,0.2838,16198.43,0,0,Paycheck-to-Paycheck Spender,มนุษย์เงินเดือนชนเดือน (สภาพคล่องจำกัดปลายเดือน),"First Jobber รายได้ 18,000–35,000 บาท ใช้ชีวิตเดือนชนเดือน ต้องการระบบออมเงินอัตโนมัติแบบไม่ต้องจดบันทึก และสามารถดึงเงินคืนเข้าบัญชีหลักได้ทันที 100% เมื่อถึงกำหนดจ่ายค่าเช่าหรือบิล",0.06,MODERATE,FLEXIBLE,10950.0,3020.0,2470.0,2400.0,16440.0,0.3042,0.0839,0.0686,ผ่อนห้องชุดคอนโดมิเนียม,ผ่อนหนี้ กยศ.
ACC_0411,USER_0051,20000.0,630.72,850.0,0.0425,0.1649,15525.78,0,1,High-Yield Seeker Novice,ผู้แสวงหาผลตอบแทนสูง (มีเงินเก็บ ต้องการดอกเบี้ยสูง),"First Jobber รายได้ 24,000–45,000 บาท มีเงินเก็บก้อนแรก 30,000–100,000 บาท มองหาผลตอบแทนดอกเบี้ยสูง ป้องกันความเสี่ยงจากการหลอกลงทุนด้วย Protected Vault Protocol",0.12,HIGH,MAXIMUM,3850.0,1800.0,1330.0,7900.0,6980.0,0.1925,0.09,0.0665,เช่าอพาร์ตเมนต์ราคาประหยัด,ผ่อนอุปกรณ์ไอที/คอมพิวเตอร์
ACC_0412,USER_0052,28000.0,637.32,1503.6,0.0537,0.1736,17119.48,0,0,Paycheck-to-Paycheck Spender,มนุษย์เงินเดือนชนเดือน (สภาพคล่องจำกัดปลายเดือน),"First Jobber รายได้ 18,000–35,000 บาท ใช้ชีวิตเดือนชนเดือน ต้องการระบบออมเงินอัตโนมัติแบบไม่ต้องจดบันทึก และสามารถดึงเงินคืนเข้าบัญชีหลักได้ทันที 100% เมื่อถึงกำหนดจ่ายค่าเช่าหรือบิล",0.06,MODERATE,FLEXIBLE,8630.0,2540.0,2580.0,2400.0,13750.0,0.3082,0.0907,0.0921,เช่าคอนโดติดรถไฟฟ้า,ผ่อนค่างวดรถมอเตอร์ไซค์
ACC_0413,USER_0053,28000.0,664.2,2676.0,0.0956,0.2227,12508.55,0,0,Paycheck-to-Paycheck Spender,มนุษย์เงินเดือนชนเดือน (สภาพคล่องจำกัดปลายเดือน),"First Jobber รายได้ 18,000–35,000 บาท ใช้ชีวิตเดือนชนเดือน ต้องการระบบออมเงินอัตโนมัติแบบไม่ต้องจดบันทึก และสามารถดึงเงินคืนเข้าบัญชีหลักได้ทันที 100% เมื่อถึงกำหนดจ่ายค่าเช่าหรือบิล",0.06,MODERATE,FLEXIBLE,6400.0,4250.0,1390.0,1600.0,12040.0,0.2286,0.1518,0.0496,เช่าคอนโดติดรถไฟฟ้า,ผ่อนบัตรเครดิต & สินเชื่อ
ACC_0414,USER_0054,32000.0,566.37,6302.6,0.197,0.2022,2459.73,0,0,Paycheck-to-Paycheck Spender,มนุษย์เงินเดือนชนเดือน (สภาพคล่องจำกัดปลายเดือน),"First Jobber รายได้ 18,000–35,000 บาท ใช้ชีวิตเดือนชนเดือน ต้องการระบบออมเงินอัตโนมัติแบบไม่ต้องจดบันทึก และสามารถดึงเงินคืนเข้าบัญชีหลักได้ทันที 100% เมื่อถึงกำหนดจ่ายค่าเช่าหรือบิล",0.06,MODERATE,FLEXIBLE,8670.0,3800.0,1900.0,3500.0,14370.0,0.2709,0.1188,0.0594,ผ่อนห้องชุดคอนโดมิเนียม,ผ่อนหนี้ กยศ.
ACC_0415,USER_0055,24000.0,573.3,1774.0,0.0739,0.2168,3007.75,0,0,Paycheck-to-Paycheck Spender,มนุษย์เงินเดือนชนเดือน (สภาพคล่องจำกัดปลายเดือน),"First Jobber รายได้ 18,000–35,000 บาท ใช้ชีวิตเดือนชนเดือน ต้องการระบบออมเงินอัตโนมัติแบบไม่ต้องจดบันทึก และสามารถดึงเงินคืนเข้าบัญชีหลักได้ทันที 100% เมื่อถึงกำหนดจ่ายค่าเช่าหรือบิล",0.06,MODERATE,FLEXIBLE,6870.0,2360.0,1530.0,1700.0,10760.0,0.2862,0.0983,0.0638,เช่าอพาร์ตเมนต์ชานเมือง,ผ่อนสมาร์ตโฟน & แท็บเล็ต
ACC_0416,USER_0056,24000.0,537.15,7557.0,0.3149,0.2243,8041.75,0,1,High-Yield Seeker Novice,ผู้แสวงหาผลตอบแทนสูง (มีเงินเก็บ ต้องการดอกเบี้ยสูง),"First Jobber รายได้ 24,000–45,000 บาท มีเงินเก็บก้อนแรก 30,000–100,000 บาท มองหาผลตอบแทนดอกเบี้ยสูง ป้องกันความเสี่ยงจากการหลอกลงทุนด้วย Protected Vault Protocol",0.12,HIGH,MAXIMUM,4830.0,0.0,870.0,5000.0,5700.0,0.2013,0.0,0.0362,เช่าห้องพักสไตล์มินิมอล,ไม่มีหนี้ผ่อนชำระ
ACC_0417,USER_0057,28000.0,546.6,3578.0,0.1278,0.2374,2303.64,0,0,Paycheck-to-Paycheck Spender,มนุษย์เงินเดือนชนเดือน (สภาพคล่องจำกัดปลายเดือน),"First Jobber รายได้ 18,000–35,000 บาท ใช้ชีวิตเดือนชนเดือน ต้องการระบบออมเงินอัตโนมัติแบบไม่ต้องจดบันทึก และสามารถดึงเงินคืนเข้าบัญชีหลักได้ทันที 100% เมื่อถึงกำหนดจ่ายค่าเช่าหรือบิล",0.06,MODERATE,FLEXIBLE,6990.0,4390.0,2110.0,2300.0,13490.0,0.2496,0.1568,0.0754,เช่าอพาร์ตเมนต์ชานเมือง,ผ่อนหนี้ กยศ.
ACC_0418,USER_0058,36000.0,633.13,7577.4,0.2105,0.2531,7128.4,0,0,Paycheck-to-Paycheck Spender,มนุษย์เงินเดือนชนเดือน (สภาพคล่องจำกัดปลายเดือน),"First Jobber รายได้ 18,000–35,000 บาท ใช้ชีวิตเดือนชนเดือน ต้องการระบบออมเงินอัตโนมัติแบบไม่ต้องจดบันทึก และสามารถดึงเงินคืนเข้าบัญชีหลักได้ทันที 100% เมื่อถึงกำหนดจ่ายค่าเช่าหรือบิล",0.06,MODERATE,FLEXIBLE,8360.0,5090.0,2310.0,2800.0,15760.0,0.2322,0.1414,0.0642,เช่าอพาร์ตเมนต์ชานเมือง,ผ่อนหนี้ กยศ.
ACC_0419,USER_0059,24000.0,602.32,4903.6,0.2043,0.2398,6642.7,0,1,High-Yield Seeker Novice,ผู้แสวงหาผลตอบแทนสูง (มีเงินเก็บ ต้องการดอกเบี้ยสูง),"First Jobber รายได้ 24,000–45,000 บาท มีเงินเก็บก้อนแรก 30,000–100,000 บาท มองหาผลตอบแทนดอกเบี้ยสูง ป้องกันความเสี่ยงจากการหลอกลงทุนด้วย Protected Vault Protocol",0.12,HIGH,MAXIMUM,3440.0,2160.0,1450.0,6100.0,7050.0,0.1433,0.09,0.0604,พักกับครอบครัว/ที่บ้าน,ผ่อนอุปกรณ์ไอที/คอมพิวเตอร์
ACC_0420,USER_0060,20000.0,607.84,1223.2,0.0612,0.2331,7050.33,0,1,High-Yield Seeker Novice,ผู้แสวงหาผลตอบแทนสูง (มีเงินเก็บ ต้องการดอกเบี้ยสูง),"First Jobber รายได้ 24,000–45,000 บาท มีเงินเก็บก้อนแรก 30,000–100,000 บาท มองหาผลตอบแทนดอกเบี้ยสูง ป้องกันความเสี่ยงจากการหลอกลงทุนด้วย Protected Vault Protocol",0.12,HIGH,MAXIMUM,3580.0,1800.0,1240.0,7900.0,6620.0,0.179,0.09,0.062,พักกับครอบครัว/ที่บ้าน,ผ่อนสมาร์ตโฟน 0%
ACC_0421,USER_0061,32000.0,572.95,8371.0,0.2616,0.2057,12924.51,0,0,Paycheck-to-Paycheck Spender,มนุษย์เงินเดือนชนเดือน (สภาพคล่องจำกัดปลายเดือน),"First Jobber รายได้ 18,000–35,000 บาท ใช้ชีวิตเดือนชนเดือน ต้องการระบบออมเงินอัตโนมัติแบบไม่ต้องจดบันทึก และสามารถดึงเงินคืนเข้าบัญชีหลักได้ทันที 100% เมื่อถึงกำหนดจ่ายค่าเช่าหรือบิล",0.06,MODERATE,FLEXIBLE,7180.0,2910.0,2080.0,1700.0,12170.0,0.2244,0.0909,0.065,ผ่อนห้องชุดคอนโดมิเนียม,ผ่อนสมาร์ตโฟน & แท็บเล็ต
ACC_0422,USER_0062,28000.0,670.92,850.0,0.0304,0.218,5956.12,0,0,Paycheck-to-Paycheck Spender,มนุษย์เงินเดือนชนเดือน (สภาพคล่องจำกัดปลายเดือน),"First Jobber รายได้ 18,000–35,000 บาท ใช้ชีวิตเดือนชนเดือน ต้องการระบบออมเงินอัตโนมัติแบบไม่ต้องจดบันทึก และสามารถดึงเงินคืนเข้าบัญชีหลักได้ทันที 100% เมื่อถึงกำหนดจ่ายค่าเช่าหรือบิล",0.06,MODERATE,FLEXIBLE,7390.0,3960.0,2530.0,2000.0,13880.0,0.2639,0.1414,0.0904,เช่าคอนโดติดรถไฟฟ้า,ผ่อนค่างวดรถมอเตอร์ไซค์
ACC_0423,USER_0063,32000.0,581.58,5158.4,0.1612,0.266,7394.22,0,0,Paycheck-to-Paycheck Spender,มนุษย์เงินเดือนชนเดือน (สภาพคล่องจำกัดปลายเดือน),"First Jobber รายได้ 18,000–35,000 บาท ใช้ชีวิตเดือนชนเดือน ต้องการระบบออมเงินอัตโนมัติแบบไม่ต้องจดบันทึก และสามารถดึงเงินคืนเข้าบัญชีหลักได้ทันที 100% เมื่อถึงกำหนดจ่ายค่าเช่าหรือบิล",0.06,MODERATE,FLEXIBLE,7670.0,5400.0,2140.0,2100.0,15210.0,0.2397,0.1688,0.0669,เช่าอพาร์ตเมนต์ชานเมือง,ผ่อนหนี้ กยศ.
ACC_0424,USER_0064,28000.0,662.49,1160.2,0.0414,0.2736,15060.14,0,0,Paycheck-to-Paycheck Spender,มนุษย์เงินเดือนชนเดือน (สภาพคล่องจำกัดปลายเดือน),"First Jobber รายได้ 18,000–35,000 บาท ใช้ชีวิตเดือนชนเดือน ต้องการระบบออมเงินอัตโนมัติแบบไม่ต้องจดบันทึก และสามารถดึงเงินคืนเข้าบัญชีหลักได้ทันที 100% เมื่อถึงกำหนดจ่ายค่าเช่าหรือบิล",0.06,MODERATE,FLEXIBLE,8620.0,2960.0,2010.0,2800.0,13590.0,0.3079,0.1057,0.0718,เช่าอพาร์ตเมนต์ชานเมือง,ผ่อนบัตรเครดิต & สินเชื่อ
ACC_0425,USER_0065,24000.0,567.52,4939.6,0.2058,0.3006,14128.87,0,1,High-Yield Seeker Novice,ผู้แสวงหาผลตอบแทนสูง (มีเงินเก็บ ต้องการดอกเบี้ยสูง),"First Jobber รายได้ 24,000–45,000 บาท มีเงินเก็บก้อนแรก 30,000–100,000 บาท มองหาผลตอบแทนดอกเบี้ยสูง ป้องกันความเสี่ยงจากการหลอกลงทุนด้วย Protected Vault Protocol",0.12,HIGH,MAXIMUM,5240.0,1200.0,1270.0,5500.0,7710.0,0.2183,0.05,0.0529,เช่าอพาร์ตเมนต์ราคาประหยัด,ผ่อนอุปกรณ์ไอที/คอมพิวเตอร์
ACC_0426,USER_0066,32000.0,640.66,2176.8,0.068,0.2795,15947.72,0,0,Paycheck-to-Paycheck Spender,มนุษย์เงินเดือนชนเดือน (สภาพคล่องจำกัดปลายเดือน),"First Jobber รายได้ 18,000–35,000 บาท ใช้ชีวิตเดือนชนเดือน ต้องการระบบออมเงินอัตโนมัติแบบไม่ต้องจดบันทึก และสามารถดึงเงินคืนเข้าบัญชีหลักได้ทันที 100% เมื่อถึงกำหนดจ่ายค่าเช่าหรือบิล",0.06,MODERATE,FLEXIBLE,8780.0,5710.0,2520.0,1600.0,17010.0,0.2744,0.1784,0.0788,เช่าอพาร์ตเมนต์ชานเมือง,ผ่อนสมาร์ตโฟน & แท็บเล็ต
ACC_0427,USER_0067,20000.0,557.06,3388.8,0.1694,0.1738,17264.97,0,1,High-Yield Seeker Novice,ผู้แสวงหาผลตอบแทนสูง (มีเงินเก็บ ต้องการดอกเบี้ยสูง),"First Jobber รายได้ 24,000–45,000 บาท มีเงินเก็บก้อนแรก 30,000–100,000 บาท มองหาผลตอบแทนดอกเบี้ยสูง ป้องกันความเสี่ยงจากการหลอกลงทุนด้วย Protected Vault Protocol",0.12,HIGH,MAXIMUM,3010.0,1000.0,1460.0,5700.0,5470.0,0.1505,0.05,0.073,เช่าอพาร์ตเมนต์ราคาประหยัด,ผ่อนสมาร์ตโฟน 0%
ACC_0428,USER_0068,32000.0,691.61,1537.8,0.0481,0.2699,15094.79,0,0,Paycheck-to-Paycheck Spender,มนุษย์เงินเดือนชนเดือน (สภาพคล่องจำกัดปลายเดือน),"First Jobber รายได้ 18,000–35,000 บาท ใช้ชีวิตเดือนชนเดือน ต้องการระบบออมเงินอัตโนมัติแบบไม่ต้องจดบันทึก และสามารถดึงเงินคืนเข้าบัญชีหลักได้ทันที 100% เมื่อถึงกำหนดจ่ายค่าเช่าหรือบิล",0.06,MODERATE,FLEXIBLE,9730.0,4900.0,2000.0,2700.0,16630.0,0.3041,0.1531,0.0625,ผ่อนห้องชุดคอนโดมิเนียม,ผ่อนหนี้ กยศ.
ACC_0429,USER_0069,28000.0,620.73,5045.4,0.1802,0.2781,7810.01,0,0,Paycheck-to-Paycheck Spender,มนุษย์เงินเดือนชนเดือน (สภาพคล่องจำกัดปลายเดือน),"First Jobber รายได้ 18,000–35,000 บาท ใช้ชีวิตเดือนชนเดือน ต้องการระบบออมเงินอัตโนมัติแบบไม่ต้องจดบันทึก และสามารถดึงเงินคืนเข้าบัญชีหลักได้ทันที 100% เมื่อถึงกำหนดจ่ายค่าเช่าหรือบิล",0.06,MODERATE,FLEXIBLE,6460.0,2660.0,1420.0,2700.0,10540.0,0.2307,0.095,0.0507,เช่าคอนโดติดรถไฟฟ้า,ผ่อนค่างวดรถมอเตอร์ไซค์
ACC_0430,USER_0070,28000.0,561.11,4687.8,0.1674,0.2697,4494.96,0,0,Paycheck-to-Paycheck Spender,มนุษย์เงินเดือนชนเดือน (สภาพคล่องจำกัดปลายเดือน),"First Jobber รายได้ 18,000–35,000 บาท ใช้ชีวิตเดือนชนเดือน ต้องการระบบออมเงินอัตโนมัติแบบไม่ต้องจดบันทึก และสามารถดึงเงินคืนเข้าบัญชีหลักได้ทันที 100% เมื่อถึงกำหนดจ่ายค่าเช่าหรือบิล",0.06,MODERATE,FLEXIBLE,7370.0,2690.0,2030.0,3100.0,12090.0,0.2632,0.0961,0.0725,เช่าคอนโดติดรถไฟฟ้า,ผ่อนหนี้ กยศ.
ACC_0431,USER_0071,32000.0,637.3,4344.0,0.1358,0.1937,16793.11,0,0,Paycheck-to-Paycheck Spender,มนุษย์เงินเดือนชนเดือน (สภาพคล่องจำกัดปลายเดือน),"First Jobber รายได้ 18,000–35,000 บาท ใช้ชีวิตเดือนชนเดือน ต้องการระบบออมเงินอัตโนมัติแบบไม่ต้องจดบันทึก และสามารถดึงเงินคืนเข้าบัญชีหลักได้ทันที 100% เมื่อถึงกำหนดจ่ายค่าเช่าหรือบิล",0.06,MODERATE,FLEXIBLE,10210.0,2880.0,1820.0,3100.0,14910.0,0.3191,0.09,0.0569,ผ่อนห้องชุดคอนโดมิเนียม,ผ่อนบัตรเครดิต & สินเชื่อ
ACC_0432,USER_0072,32000.0,638.68,3396.4,0.1061,0.2109,16458.57,0,0,Paycheck-to-Paycheck Spender,มนุษย์เงินเดือนชนเดือน (สภาพคล่องจำกัดปลายเดือน),"First Jobber รายได้ 18,000–35,000 บาท ใช้ชีวิตเดือนชนเดือน ต้องการระบบออมเงินอัตโนมัติแบบไม่ต้องจดบันทึก และสามารถดึงเงินคืนเข้าบัญชีหลักได้ทันที 100% เมื่อถึงกำหนดจ่ายค่าเช่าหรือบิล",0.06,MODERATE,FLEXIBLE,8820.0,4910.0,2100.0,1900.0,15830.0,0.2756,0.1534,0.0656,เช่าคอนโดติดรถไฟฟ้า,ผ่อนค่างวดรถมอเตอร์ไซค์
ACC_0433,USER_0073,28000.0,645.23,1645.4,0.0588,0.2815,9650.54,0,0,Paycheck-to-Paycheck Spender,มนุษย์เงินเดือนชนเดือน (สภาพคล่องจำกัดปลายเดือน),"First Jobber รายได้ 18,000–35,000 บาท ใช้ชีวิตเดือนชนเดือน ต้องการระบบออมเงินอัตโนมัติแบบไม่ต้องจดบันทึก และสามารถดึงเงินคืนเข้าบัญชีหลักได้ทันที 100% เมื่อถึงกำหนดจ่ายค่าเช่าหรือบิล",0.06,MODERATE,FLEXIBLE,8350.0,3790.0,1310.0,3000.0,13450.0,0.2982,0.1354,0.0468,เช่าอพาร์ตเมนต์ชานเมือง,ผ่อนค่างวดรถมอเตอร์ไซค์
ACC_0434,USER_0074,24000.0,613.66,5366.8,0.2236,0.2086,7655.89,0,1,High-Yield Seeker Novice,ผู้แสวงหาผลตอบแทนสูง (มีเงินเก็บ ต้องการดอกเบี้ยสูง),"First Jobber รายได้ 24,000–45,000 บาท มีเงินเก็บก้อนแรก 30,000–100,000 บาท มองหาผลตอบแทนดอกเบี้ยสูง ป้องกันความเสี่ยงจากการหลอกลงทุนด้วย Protected Vault Protocol",0.12,HIGH,MAXIMUM,4790.0,0.0,1570.0,6500.0,6360.0,0.1996,0.0,0.0654,เช่าอพาร์ตเมนต์ราคาประหยัด,ไม่มีหนี้ผ่อนชำระ
ACC_0435,USER_0075,20000.0,554.35,2703.0,0.1352,0.2257,16931.39,0,1,High-Yield Seeker Novice,ผู้แสวงหาผลตอบแทนสูง (มีเงินเก็บ ต้องการดอกเบี้ยสูง),"First Jobber รายได้ 24,000–45,000 บาท มีเงินเก็บก้อนแรก 30,000–100,000 บาท มองหาผลตอบแทนดอกเบี้ยสูง ป้องกันความเสี่ยงจากการหลอกลงทุนด้วย Protected Vault Protocol",0.12,HIGH,MAXIMUM,4010.0,1000.0,1200.0,7300.0,6210.0,0.2005,0.05,0.06,พักกับครอบครัว/ที่บ้าน,ผ่อนอุปกรณ์ไอที/คอมพิวเตอร์
ACC_0436,USER_0076,36000.0,582.86,7522.8,0.209,0.2365,5793.2,0,0,Paycheck-to-Paycheck Spender,มนุษย์เงินเดือนชนเดือน (สภาพคล่องจำกัดปลายเดือน),"First Jobber รายได้ 18,000–35,000 บาท ใช้ชีวิตเดือนชนเดือน ต้องการระบบออมเงินอัตโนมัติแบบไม่ต้องจดบันทึก และสามารถดึงเงินคืนเข้าบัญชีหลักได้ทันที 100% เมื่อถึงกำหนดจ่ายค่าเช่าหรือบิล",0.06,MODERATE,FLEXIBLE,9310.0,5200.0,2310.0,1900.0,16820.0,0.2586,0.1444,0.0642,เช่าอพาร์ตเมนต์ชานเมือง,ผ่อนบัตรเครดิต & สินเชื่อ
ACC_0437,USER_0077,36000.0,637.7,8516.0,0.2366,0.2955,10611.36,0,0,Paycheck-to-Paycheck Spender,มนุษย์เงินเดือนชนเดือน (สภาพคล่องจำกัดปลายเดือน),"First Jobber รายได้ 18,000–35,000 บาท ใช้ชีวิตเดือนชนเดือน ต้องการระบบออมเงินอัตโนมัติแบบไม่ต้องจดบันทึก และสามารถดึงเงินคืนเข้าบัญชีหลักได้ทันที 100% เมื่อถึงกำหนดจ่ายค่าเช่าหรือบิล",0.06,MODERATE,FLEXIBLE,10310.0,2890.0,1530.0,1600.0,14730.0,0.2864,0.0803,0.0425,เช่าอพาร์ตเมนต์ชานเมือง,ผ่อนค่างวดรถมอเตอร์ไซค์
ACC_0438,USER_0078,20000.0,614.68,3466.4,0.1733,0.257,4649.78,0,1,High-Yield Seeker Novice,ผู้แสวงหาผลตอบแทนสูง (มีเงินเก็บ ต้องการดอกเบี้ยสูง),"First Jobber รายได้ 24,000–45,000 บาท มีเงินเก็บก้อนแรก 30,000–100,000 บาท มองหาผลตอบแทนดอกเบี้ยสูง ป้องกันความเสี่ยงจากการหลอกลงทุนด้วย Protected Vault Protocol",0.12,HIGH,MAXIMUM,3090.0,0.0,1150.0,9300.0,4240.0,0.1545,0.0,0.0575,เช่าห้องพักสไตล์มินิมอล,ไม่มีหนี้ผ่อนชำระ
ACC_0439,USER_0079,36000.0,553.41,9541.8,0.265,0.2785,11437.72,0,0,Paycheck-to-Paycheck Spender,มนุษย์เงินเดือนชนเดือน (สภาพคล่องจำกัดปลายเดือน),"First Jobber รายได้ 18,000–35,000 บาท ใช้ชีวิตเดือนชนเดือน ต้องการระบบออมเงินอัตโนมัติแบบไม่ต้องจดบันทึก และสามารถดึงเงินคืนเข้าบัญชีหลักได้ทันที 100% เมื่อถึงกำหนดจ่ายค่าเช่าหรือบิล",0.06,MODERATE,FLEXIBLE,10230.0,3110.0,2050.0,2600.0,15390.0,0.2842,0.0864,0.0569,เช่าอพาร์ตเมนต์ชานเมือง,ผ่อนค่างวดรถมอเตอร์ไซค์
ACC_0440,USER_0080,36000.0,607.42,6061.6,0.1684,0.2005,4749.74,0,0,Paycheck-to-Paycheck Spender,มนุษย์เงินเดือนชนเดือน (สภาพคล่องจำกัดปลายเดือน),"First Jobber รายได้ 18,000–35,000 บาท ใช้ชีวิตเดือนชนเดือน ต้องการระบบออมเงินอัตโนมัติแบบไม่ต้องจดบันทึก และสามารถดึงเงินคืนเข้าบัญชีหลักได้ทันที 100% เมื่อถึงกำหนดจ่ายค่าเช่าหรือบิล",0.06,MODERATE,FLEXIBLE,10360.0,5780.0,1650.0,3200.0,17790.0,0.2878,0.1606,0.0458,เช่าคอนโดติดรถไฟฟ้า,ผ่อนหนี้ กยศ.
ACC_0441,USER_0081,20000.0,634.91,3281.8,0.1641,0.2753,17538.22,0,1,High-Yield Seeker Novice,ผู้แสวงหาผลตอบแทนสูง (มีเงินเก็บ ต้องการดอกเบี้ยสูง),"First Jobber รายได้ 24,000–45,000 บาท มีเงินเก็บก้อนแรก 30,000–100,000 บาท มองหาผลตอบแทนดอกเบี้ยสูง ป้องกันความเสี่ยงจากการหลอกลงทุนด้วย Protected Vault Protocol",0.12,HIGH,MAXIMUM,2920.0,0.0,1100.0,8800.0,4020.0,0.146,0.0,0.055,พักกับครอบครัว/ที่บ้าน,ไม่มีหนี้ผ่อนชำระ
ACC_0442,USER_0082,28000.0,613.24,2455.2,0.0877,0.2405,8314.82,0,0,Paycheck-to-Paycheck Spender,มนุษย์เงินเดือนชนเดือน (สภาพคล่องจำกัดปลายเดือน),"First Jobber รายได้ 18,000–35,000 บาท ใช้ชีวิตเดือนชนเดือน ต้องการระบบออมเงินอัตโนมัติแบบไม่ต้องจดบันทึก และสามารถดึงเงินคืนเข้าบัญชีหลักได้ทันที 100% เมื่อถึงกำหนดจ่ายค่าเช่าหรือบิล",0.06,MODERATE,FLEXIBLE,6750.0,4550.0,1980.0,2200.0,13280.0,0.2411,0.1625,0.0707,เช่าอพาร์ตเมนต์ชานเมือง,ผ่อนหนี้ กยศ.
ACC_0443,USER_0083,36000.0,626.15,7397.0,0.2055,0.1898,13217.04,0,0,Paycheck-to-Paycheck Spender,มนุษย์เงินเดือนชนเดือน (สภาพคล่องจำกัดปลายเดือน),"First Jobber รายได้ 18,000–35,000 บาท ใช้ชีวิตเดือนชนเดือน ต้องการระบบออมเงินอัตโนมัติแบบไม่ต้องจดบันทึก และสามารถดึงเงินคืนเข้าบัญชีหลักได้ทันที 100% เมื่อถึงกำหนดจ่ายค่าเช่าหรือบิล",0.06,MODERATE,FLEXIBLE,10570.0,3730.0,1780.0,1600.0,16080.0,0.2936,0.1036,0.0494,ผ่อนห้องชุดคอนโดมิเนียม,ผ่อนหนี้ กยศ.
ACC_0444,USER_0084,32000.0,614.24,1795.2,0.0561,0.1863,15429.78,0,0,Paycheck-to-Paycheck Spender,มนุษย์เงินเดือนชนเดือน (สภาพคล่องจำกัดปลายเดือน),"First Jobber รายได้ 18,000–35,000 บาท ใช้ชีวิตเดือนชนเดือน ต้องการระบบออมเงินอัตโนมัติแบบไม่ต้องจดบันทึก และสามารถดึงเงินคืนเข้าบัญชีหลักได้ทันที 100% เมื่อถึงกำหนดจ่ายค่าเช่าหรือบิล",0.06,MODERATE,FLEXIBLE,10230.0,5550.0,2140.0,2300.0,17920.0,0.3197,0.1734,0.0669,ผ่อนห้องชุดคอนโดมิเนียม,ผ่อนหนี้ กยศ.
ACC_0445,USER_0085,24000.0,595.74,3835.2,0.1598,0.2645,12292.18,0,1,High-Yield Seeker Novice,ผู้แสวงหาผลตอบแทนสูง (มีเงินเก็บ ต้องการดอกเบี้ยสูง),"First Jobber รายได้ 24,000–45,000 บาท มีเงินเก็บก้อนแรก 30,000–100,000 บาท มองหาผลตอบแทนดอกเบี้ยสูง ป้องกันความเสี่ยงจากการหลอกลงทุนด้วย Protected Vault Protocol",0.12,HIGH,MAXIMUM,4680.0,2160.0,1410.0,8600.0,8250.0,0.195,0.09,0.0588,พักกับครอบครัว/ที่บ้าน,ผ่อนอุปกรณ์ไอที/คอมพิวเตอร์
ACC_0446,USER_0086,24000.0,540.99,7850.2,0.3271,0.2156,14262.56,0,1,High-Yield Seeker Novice,ผู้แสวงหาผลตอบแทนสูง (มีเงินเก็บ ต้องการดอกเบี้ยสูง),"First Jobber รายได้ 24,000–45,000 บาท มีเงินเก็บก้อนแรก 30,000–100,000 บาท มองหาผลตอบแทนดอกเบี้ยสูง ป้องกันความเสี่ยงจากการหลอกลงทุนด้วย Protected Vault Protocol",0.12,HIGH,MAXIMUM,3750.0,0.0,1580.0,5400.0,5330.0,0.1562,0.0,0.0658,เช่าอพาร์ตเมนต์ราคาประหยัด,ไม่มีหนี้ผ่อนชำระ
ACC_0447,USER_0087,36000.0,584.67,8776.6,0.2438,0.2073,7016.8,0,0,Paycheck-to-Paycheck Spender,มนุษย์เงินเดือนชนเดือน (สภาพคล่องจำกัดปลายเดือน),"First Jobber รายได้ 18,000–35,000 บาท ใช้ชีวิตเดือนชนเดือน ต้องการระบบออมเงินอัตโนมัติแบบไม่ต้องจดบันทึก และสามารถดึงเงินคืนเข้าบัญชีหลักได้ทันที 100% เมื่อถึงกำหนดจ่ายค่าเช่าหรือบิล",0.06,MODERATE,FLEXIBLE,8010.0,5870.0,1650.0,2500.0,15530.0,0.2225,0.1631,0.0458,เช่าคอนโดติดรถไฟฟ้า,ผ่อนหนี้ กยศ.
ACC_0448,USER_0088,24000.0,554.85,6563.0,0.2735,0.193,11224.9,0,1,High-Yield Seeker Novice,ผู้แสวงหาผลตอบแทนสูง (มีเงินเก็บ ต้องการดอกเบี้ยสูง),"First Jobber รายได้ 24,000–45,000 บาท มีเงินเก็บก้อนแรก 30,000–100,000 บาท มองหาผลตอบแทนดอกเบี้ยสูง ป้องกันความเสี่ยงจากการหลอกลงทุนด้วย Protected Vault Protocol",0.12,HIGH,MAXIMUM,5170.0,0.0,1170.0,9300.0,6340.0,0.2154,0.0,0.0488,เช่าห้องพักสไตล์มินิมอล,ไม่มีหนี้ผ่อนชำระ
ACC_0449,USER_0089,36000.0,641.46,7110.8,0.1975,0.2874,10938.09,0,0,Paycheck-to-Paycheck Spender,มนุษย์เงินเดือนชนเดือน (สภาพคล่องจำกัดปลายเดือน),"First Jobber รายได้ 18,000–35,000 บาท ใช้ชีวิตเดือนชนเดือน ต้องการระบบออมเงินอัตโนมัติแบบไม่ต้องจดบันทึก และสามารถดึงเงินคืนเข้าบัญชีหลักได้ทันที 100% เมื่อถึงกำหนดจ่ายค่าเช่าหรือบิล",0.06,MODERATE,FLEXIBLE,9580.0,4610.0,1870.0,3400.0,16060.0,0.2661,0.1281,0.0519,เช่าอพาร์ตเมนต์ชานเมือง,ผ่อนสมาร์ตโฟน & แท็บเล็ต
ACC_0450,USER_0090,20000.0,682.37,1202.6,0.0601,0.2155,14486.67,0,1,High-Yield Seeker Novice,ผู้แสวงหาผลตอบแทนสูง (มีเงินเก็บ ต้องการดอกเบี้ยสูง),"First Jobber รายได้ 24,000–45,000 บาท มีเงินเก็บก้อนแรก 30,000–100,000 บาท มองหาผลตอบแทนดอกเบี้ยสูง ป้องกันความเสี่ยงจากการหลอกลงทุนด้วย Protected Vault Protocol",0.12,HIGH,MAXIMUM,2930.0,1000.0,1220.0,6900.0,5150.0,0.1465,0.05,0.061,เช่าห้องพักสไตล์มินิมอล,ผ่อนอุปกรณ์ไอที/คอมพิวเตอร์
ACC_0451,USER_0091,32000.0,564.01,6069.8,0.1897,0.2859,14367.82,0,0,Paycheck-to-Paycheck Spender,มนุษย์เงินเดือนชนเดือน (สภาพคล่องจำกัดปลายเดือน),"First Jobber รายได้ 18,000–35,000 บาท ใช้ชีวิตเดือนชนเดือน ต้องการระบบออมเงินอัตโนมัติแบบไม่ต้องจดบันทึก และสามารถดึงเงินคืนเข้าบัญชีหลักได้ทันที 100% เมื่อถึงกำหนดจ่ายค่าเช่าหรือบิล",0.06,MODERATE,FLEXIBLE,9490.0,3070.0,2090.0,1800.0,14650.0,0.2966,0.0959,0.0653,ผ่อนห้องชุดคอนโดมิเนียม,ผ่อนค่างวดรถมอเตอร์ไซค์
ACC_0452,USER_0092,32000.0,577.47,4300.6,0.1344,0.2468,16182.86,0,0,Paycheck-to-Paycheck Spender,มนุษย์เงินเดือนชนเดือน (สภาพคล่องจำกัดปลายเดือน),"First Jobber รายได้ 18,000–35,000 บาท ใช้ชีวิตเดือนชนเดือน ต้องการระบบออมเงินอัตโนมัติแบบไม่ต้องจดบันทึก และสามารถดึงเงินคืนเข้าบัญชีหลักได้ทันที 100% เมื่อถึงกำหนดจ่ายค่าเช่าหรือบิล",0.06,MODERATE,FLEXIBLE,9140.0,5620.0,1390.0,1600.0,16150.0,0.2856,0.1756,0.0434,เช่าอพาร์ตเมนต์ชานเมือง,ผ่อนสมาร์ตโฟน & แท็บเล็ต
ACC_0453,USER_0093,20000.0,647.18,2306.4,0.1153,0.2868,16400.18,0,1,High-Yield Seeker Novice,ผู้แสวงหาผลตอบแทนสูง (มีเงินเก็บ ต้องการดอกเบี้ยสูง),"First Jobber รายได้ 24,000–45,000 บาท มีเงินเก็บก้อนแรก 30,000–100,000 บาท มองหาผลตอบแทนดอกเบี้ยสูง ป้องกันความเสี่ยงจากการหลอกลงทุนด้วย Protected Vault Protocol",0.12,HIGH,MAXIMUM,3220.0,0.0,1530.0,5900.0,4750.0,0.161,0.0,0.0765,พักกับครอบครัว/ที่บ้าน,ไม่มีหนี้ผ่อนชำระ
ACC_0454,USER_0094,20000.0,629.01,1879.8,0.094,0.2197,12699.23,0,1,High-Yield Seeker Novice,ผู้แสวงหาผลตอบแทนสูง (มีเงินเก็บ ต้องการดอกเบี้ยสูง),"First Jobber รายได้ 24,000–45,000 บาท มีเงินเก็บก้อนแรก 30,000–100,000 บาท มองหาผลตอบแทนดอกเบี้ยสูง ป้องกันความเสี่ยงจากการหลอกลงทุนด้วย Protected Vault Protocol",0.12,HIGH,MAXIMUM,3490.0,1000.0,1050.0,5400.0,5540.0,0.1745,0.05,0.0525,เช่าอพาร์ตเมนต์ราคาประหยัด,ผ่อนอุปกรณ์ไอที/คอมพิวเตอร์
ACC_0455,USER_0095,20000.0,598.3,3134.0,0.1567,0.2141,8595.74,0,1,High-Yield Seeker Novice,ผู้แสวงหาผลตอบแทนสูง (มีเงินเก็บ ต้องการดอกเบี้ยสูง),"First Jobber รายได้ 24,000–45,000 บาท มีเงินเก็บก้อนแรก 30,000–100,000 บาท มองหาผลตอบแทนดอกเบี้ยสูง ป้องกันความเสี่ยงจากการหลอกลงทุนด้วย Protected Vault Protocol",0.12,HIGH,MAXIMUM,3790.0,0.0,1110.0,6200.0,4900.0,0.1895,0.0,0.0555,เช่าอพาร์ตเมนต์ราคาประหยัด,ไม่มีหนี้ผ่อนชำระ
ACC_0456,USER_0096,24000.0,599.79,4944.2,0.206,0.1925,5980.09,0,1,High-Yield Seeker Novice,ผู้แสวงหาผลตอบแทนสูง (มีเงินเก็บ ต้องการดอกเบี้ยสูง),"First Jobber รายได้ 24,000–45,000 บาท มีเงินเก็บก้อนแรก 30,000–100,000 บาท มองหาผลตอบแทนดอกเบี้ยสูง ป้องกันความเสี่ยงจากการหลอกลงทุนด้วย Protected Vault Protocol",0.12,HIGH,MAXIMUM,4030.0,2160.0,870.0,8200.0,7060.0,0.1679,0.09,0.0362,เช่าอพาร์ตเมนต์ราคาประหยัด,ผ่อนอุปกรณ์ไอที/คอมพิวเตอร์
ACC_0457,USER_0097,28000.0,584.78,3294.4,0.1177,0.2013,4910.51,0,0,Paycheck-to-Paycheck Spender,มนุษย์เงินเดือนชนเดือน (สภาพคล่องจำกัดปลายเดือน),"First Jobber รายได้ 18,000–35,000 บาท ใช้ชีวิตเดือนชนเดือน ต้องการระบบออมเงินอัตโนมัติแบบไม่ต้องจดบันทึก และสามารถดึงเงินคืนเข้าบัญชีหลักได้ทันที 100% เมื่อถึงกำหนดจ่ายค่าเช่าหรือบิล",0.06,MODERATE,FLEXIBLE,8780.0,2390.0,1840.0,2000.0,13010.0,0.3136,0.0854,0.0657,เช่าคอนโดติดรถไฟฟ้า,ผ่อนบัตรเครดิต & สินเชื่อ
ACC_0458,USER_0098,36000.0,605.27,6494.6,0.1804,0.2741,14895.47,0,0,Paycheck-to-Paycheck Spender,มนุษย์เงินเดือนชนเดือน (สภาพคล่องจำกัดปลายเดือน),"First Jobber รายได้ 18,000–35,000 บาท ใช้ชีวิตเดือนชนเดือน ต้องการระบบออมเงินอัตโนมัติแบบไม่ต้องจดบันทึก และสามารถดึงเงินคืนเข้าบัญชีหลักได้ทันที 100% เมื่อถึงกำหนดจ่ายค่าเช่าหรือบิล",0.06,MODERATE,FLEXIBLE,11450.0,3800.0,2150.0,1900.0,17400.0,0.3181,0.1056,0.0597,เช่าคอนโดติดรถไฟฟ้า,ผ่อนหนี้ กยศ.
ACC_0459,USER_0099,20000.0,607.81,1173.8,0.0587,0.2185,8021.17,0,1,High-Yield Seeker Novice,ผู้แสวงหาผลตอบแทนสูง (มีเงินเก็บ ต้องการดอกเบี้ยสูง),"First Jobber รายได้ 24,000–45,000 บาท มีเงินเก็บก้อนแรก 30,000–100,000 บาท มองหาผลตอบแทนดอกเบี้ยสูง ป้องกันความเสี่ยงจากการหลอกลงทุนด้วย Protected Vault Protocol",0.12,HIGH,MAXIMUM,3290.0,1800.0,1580.0,5500.0,6670.0,0.1645,0.09,0.079,เช่าห้องพักสไตล์มินิมอล,ผ่อนอุปกรณ์ไอที/คอมพิวเตอร์
ACC_0460,USER_0100,24000.0,624.73,5845.4,0.2436,0.2188,16022.46,0,1,High-Yield Seeker Novice,ผู้แสวงหาผลตอบแทนสูง (มีเงินเก็บ ต้องการดอกเบี้ยสูง),"First Jobber รายได้ 24,000–45,000 บาท มีเงินเก็บก้อนแรก 30,000–100,000 บาท มองหาผลตอบแทนดอกเบี้ยสูง ป้องกันความเสี่ยงจากการหลอกลงทุนด้วย Protected Vault Protocol",0.12,HIGH,MAXIMUM,4740.0,0.0,920.0,8300.0,5660.0,0.1975,0.0,0.0383,เช่าห้องพักสไตล์มินิมอล,ไม่มีหนี้ผ่อนชำระ
ACC_0461,USER_0101,36000.0,595.56,8578.8,0.2383,0.2358,7594.57,0,0,Paycheck-to-Paycheck Spender,มนุษย์เงินเดือนชนเดือน (สภาพคล่องจำกัดปลายเดือน),"First Jobber รายได้ 18,000–35,000 บาท ใช้ชีวิตเดือนชนเดือน ต้องการระบบออมเงินอัตโนมัติแบบไม่ต้องจดบันทึก และสามารถดึงเงินคืนเข้าบัญชีหลักได้ทันที 100% เมื่อถึงกำหนดจ่ายค่าเช่าหรือบิล",0.06,MODERATE,FLEXIBLE,9800.0,3290.0,2420.0,2900.0,15510.0,0.2722,0.0914,0.0672,เช่าคอนโดติดรถไฟฟ้า,ผ่อนหนี้ กยศ.
ACC_0462,USER_0102,20000.0,594.44,3271.2,0.1636,0.2124,9408.53,0,1,High-Yield Seeker Novice,ผู้แสวงหาผลตอบแทนสูง (มีเงินเก็บ ต้องการดอกเบี้ยสูง),"First Jobber รายได้ 24,000–45,000 บาท มีเงินเก็บก้อนแรก 30,000–100,000 บาท มองหาผลตอบแทนดอกเบี้ยสูง ป้องกันความเสี่ยงจากการหลอกลงทุนด้วย Protected Vault Protocol",0.12,HIGH,MAXIMUM,3930.0,0.0,910.0,7000.0,4840.0,0.1965,0.0,0.0455,เช่าห้องพักสไตล์มินิมอล,ไม่มีหนี้ผ่อนชำระ
ACC_0463,USER_0103,32000.0,667.23,5075.4,0.1586,0.2975,14940.82,0,0,Paycheck-to-Paycheck Spender,มนุษย์เงินเดือนชนเดือน (สภาพคล่องจำกัดปลายเดือน),"First Jobber รายได้ 18,000–35,000 บาท ใช้ชีวิตเดือนชนเดือน ต้องการระบบออมเงินอัตโนมัติแบบไม่ต้องจดบันทึก และสามารถดึงเงินคืนเข้าบัญชีหลักได้ทันที 100% เมื่อถึงกำหนดจ่ายค่าเช่าหรือบิล",0.06,MODERATE,FLEXIBLE,8410.0,3010.0,2160.0,1900.0,13580.0,0.2628,0.0941,0.0675,เช่าอพาร์ตเมนต์ชานเมือง,ผ่อนสมาร์ตโฟน & แท็บเล็ต
ACC_0464,USER_0104,24000.0,585.08,5868.4,0.2445,0.1956,13333.32,0,1,High-Yield Seeker Novice,ผู้แสวงหาผลตอบแทนสูง (มีเงินเก็บ ต้องการดอกเบี้ยสูง),"First Jobber รายได้ 24,000–45,000 บาท มีเงินเก็บก้อนแรก 30,000–100,000 บาท มองหาผลตอบแทนดอกเบี้ยสูง ป้องกันความเสี่ยงจากการหลอกลงทุนด้วย Protected Vault Protocol",0.12,HIGH,MAXIMUM,5020.0,0.0,1410.0,6100.0,6430.0,0.2092,0.0,0.0588,เช่าอพาร์ตเมนต์ราคาประหยัด,ไม่มีหนี้ผ่อนชำระ
ACC_0465,USER_0105,28000.0,641.08,1178.4,0.0421,0.2287,15853.69,0,0,Paycheck-to-Paycheck Spender,มนุษย์เงินเดือนชนเดือน (สภาพคล่องจำกัดปลายเดือน),"First Jobber รายได้ 18,000–35,000 บาท ใช้ชีวิตเดือนชนเดือน ต้องการระบบออมเงินอัตโนมัติแบบไม่ต้องจดบันทึก และสามารถดึงเงินคืนเข้าบัญชีหลักได้ทันที 100% เมื่อถึงกำหนดจ่ายค่าเช่าหรือบิล",0.06,MODERATE,FLEXIBLE,7600.0,4500.0,1900.0,1600.0,14000.0,0.2714,0.1607,0.0679,ผ่อนห้องชุดคอนโดมิเนียม,ผ่อนบัตรเครดิต & สินเชื่อ
ACC_0466,USER_0106,20000.0,541.29,5084.2,0.2542,0.2314,8723.39,0,1,High-Yield Seeker Novice,ผู้แสวงหาผลตอบแทนสูง (มีเงินเก็บ ต้องการดอกเบี้ยสูง),"First Jobber รายได้ 24,000–45,000 บาท มีเงินเก็บก้อนแรก 30,000–100,000 บาท มองหาผลตอบแทนดอกเบี้ยสูง ป้องกันความเสี่ยงจากการหลอกลงทุนด้วย Protected Vault Protocol",0.12,HIGH,MAXIMUM,3120.0,0.0,970.0,6300.0,4090.0,0.156,0.0,0.0485,พักกับครอบครัว/ที่บ้าน,ไม่มีหนี้ผ่อนชำระ
ACC_0467,USER_0107,24000.0,633.8,5574.0,0.2322,0.19,14046.01,0,1,High-Yield Seeker Novice,ผู้แสวงหาผลตอบแทนสูง (มีเงินเก็บ ต้องการดอกเบี้ยสูง),"First Jobber รายได้ 24,000–45,000 บาท มีเงินเก็บก้อนแรก 30,000–100,000 บาท มองหาผลตอบแทนดอกเบี้ยสูง ป้องกันความเสี่ยงจากการหลอกลงทุนด้วย Protected Vault Protocol",0.12,HIGH,MAXIMUM,4810.0,0.0,940.0,8100.0,5750.0,0.2004,0.0,0.0392,พักกับครอบครัว/ที่บ้าน,ไม่มีหนี้ผ่อนชำระ
ACC_0468,USER_0108,24000.0,601.94,6551.2,0.273,0.2526,3669.93,0,1,High-Yield Seeker Novice,ผู้แสวงหาผลตอบแทนสูง (มีเงินเก็บ ต้องการดอกเบี้ยสูง),"First Jobber รายได้ 24,000–45,000 บาท มีเงินเก็บก้อนแรก 30,000–100,000 บาท มองหาผลตอบแทนดอกเบี้ยสูง ป้องกันความเสี่ยงจากการหลอกลงทุนด้วย Protected Vault Protocol",0.12,HIGH,MAXIMUM,3820.0,0.0,1590.0,8700.0,5410.0,0.1592,0.0,0.0662,เช่าอพาร์ตเมนต์ราคาประหยัด,ไม่มีหนี้ผ่อนชำระ
ACC_0469,USER_0109,24000.0,632.0,5830.0,0.2429,0.2678,13058.45,0,1,High-Yield Seeker Novice,ผู้แสวงหาผลตอบแทนสูง (มีเงินเก็บ ต้องการดอกเบี้ยสูง),"First Jobber รายได้ 24,000–45,000 บาท มีเงินเก็บก้อนแรก 30,000–100,000 บาท มองหาผลตอบแทนดอกเบี้ยสูง ป้องกันความเสี่ยงจากการหลอกลงทุนด้วย Protected Vault Protocol",0.12,HIGH,MAXIMUM,4420.0,0.0,1110.0,6100.0,5530.0,0.1842,0.0,0.0462,พักกับครอบครัว/ที่บ้าน,ไม่มีหนี้ผ่อนชำระ
ACC_0470,USER_0110,24000.0,571.45,1781.0,0.0742,0.1423,2322.79,0,0,Paycheck-to-Paycheck Spender,มนุษย์เงินเดือนชนเดือน (สภาพคล่องจำกัดปลายเดือน),"First Jobber รายได้ 18,000–35,000 บาท ใช้ชีวิตเดือนชนเดือน ต้องการระบบออมเงินอัตโนมัติแบบไม่ต้องจดบันทึก และสามารถดึงเงินคืนเข้าบัญชีหลักได้ทันที 100% เมื่อถึงกำหนดจ่ายค่าเช่าหรือบิล",0.06,MODERATE,FLEXIBLE,6470.0,2170.0,2150.0,3100.0,10790.0,0.2696,0.0904,0.0896,เช่าอพาร์ตเมนต์ชานเมือง,ผ่อนหนี้ กยศ.
ACC_0471,USER_0111,36000.0,594.49,5490.2,0.1525,0.2843,11381.11,0,0,Paycheck-to-Paycheck Spender,มนุษย์เงินเดือนชนเดือน (สภาพคล่องจำกัดปลายเดือน),"First Jobber รายได้ 18,000–35,000 บาท ใช้ชีวิตเดือนชนเดือน ต้องการระบบออมเงินอัตโนมัติแบบไม่ต้องจดบันทึก และสามารถดึงเงินคืนเข้าบัญชีหลักได้ทันที 100% เมื่อถึงกำหนดจ่ายค่าเช่าหรือบิล",0.06,MODERATE,FLEXIBLE,10710.0,6350.0,1560.0,2500.0,18620.0,0.2975,0.1764,0.0433,เช่าคอนโดติดรถไฟฟ้า,ผ่อนค่างวดรถมอเตอร์ไซค์
ACC_0472,USER_0112,20000.0,584.21,3745.8,0.1873,0.2607,12277.45,0,1,High-Yield Seeker Novice,ผู้แสวงหาผลตอบแทนสูง (มีเงินเก็บ ต้องการดอกเบี้ยสูง),"First Jobber รายได้ 24,000–45,000 บาท มีเงินเก็บก้อนแรก 30,000–100,000 บาท มองหาผลตอบแทนดอกเบี้ยสูง ป้องกันความเสี่ยงจากการหลอกลงทุนด้วย Protected Vault Protocol",0.12,HIGH,MAXIMUM,3240.0,0.0,1330.0,5600.0,4570.0,0.162,0.0,0.0665,พักกับครอบครัว/ที่บ้าน,ไม่มีหนี้ผ่อนชำระ
ACC_0473,USER_0113,36000.0,569.47,9120.6,0.2534,0.1481,2748.28,0,0,Paycheck-to-Paycheck Spender,มนุษย์เงินเดือนชนเดือน (สภาพคล่องจำกัดปลายเดือน),"First Jobber รายได้ 18,000–35,000 บาท ใช้ชีวิตเดือนชนเดือน ต้องการระบบออมเงินอัตโนมัติแบบไม่ต้องจดบันทึก และสามารถดึงเงินคืนเข้าบัญชีหลักได้ทันที 100% เมื่อถึงกำหนดจ่ายค่าเช่าหรือบิล",0.06,MODERATE,FLEXIBLE,9840.0,3450.0,2200.0,3100.0,15490.0,0.2733,0.0958,0.0611,ผ่อนห้องชุดคอนโดมิเนียม,ผ่อนค่างวดรถมอเตอร์ไซค์
ACC_0474,USER_0114,28000.0,683.55,850.0,0.0304,0.2601,7058.29,0,0,Paycheck-to-Paycheck Spender,มนุษย์เงินเดือนชนเดือน (สภาพคล่องจำกัดปลายเดือน),"First Jobber รายได้ 18,000–35,000 บาท ใช้ชีวิตเดือนชนเดือน ต้องการระบบออมเงินอัตโนมัติแบบไม่ต้องจดบันทึก และสามารถดึงเงินคืนเข้าบัญชีหลักได้ทันที 100% เมื่อถึงกำหนดจ่ายค่าเช่าหรือบิล",0.06,MODERATE,FLEXIBLE,8560.0,4780.0,1660.0,3500.0,15000.0,0.3057,0.1707,0.0593,เช่าคอนโดติดรถไฟฟ้า,ผ่อนค่างวดรถมอเตอร์ไซค์
ACC_0475,USER_0115,36000.0,584.84,9653.2,0.2681,0.256,2141.51,0,0,Paycheck-to-Paycheck Spender,มนุษย์เงินเดือนชนเดือน (สภาพคล่องจำกัดปลายเดือน),"First Jobber รายได้ 18,000–35,000 บาท ใช้ชีวิตเดือนชนเดือน ต้องการระบบออมเงินอัตโนมัติแบบไม่ต้องจดบันทึก และสามารถดึงเงินคืนเข้าบัญชีหลักได้ทันที 100% เมื่อถึงกำหนดจ่ายค่าเช่าหรือบิล",0.06,MODERATE,FLEXIBLE,8650.0,3540.0,2460.0,2800.0,14650.0,0.2403,0.0983,0.0683,ผ่อนห้องชุดคอนโดมิเนียม,ผ่อนบัตรเครดิต & สินเชื่อ
ACC_0476,USER_0116,28000.0,648.89,2262.2,0.0808,0.1849,12984.08,0,0,Paycheck-to-Paycheck Spender,มนุษย์เงินเดือนชนเดือน (สภาพคล่องจำกัดปลายเดือน),"First Jobber รายได้ 18,000–35,000 บาท ใช้ชีวิตเดือนชนเดือน ต้องการระบบออมเงินอัตโนมัติแบบไม่ต้องจดบันทึก และสามารถดึงเงินคืนเข้าบัญชีหลักได้ทันที 100% เมื่อถึงกำหนดจ่ายค่าเช่าหรือบิล",0.06,MODERATE,FLEXIBLE,7390.0,3960.0,1410.0,3300.0,12760.0,0.2639,0.1414,0.0504,ผ่อนห้องชุดคอนโดมิเนียม,ผ่อนสมาร์ตโฟน & แท็บเล็ต
ACC_0477,USER_0117,32000.0,645.56,3378.8,0.1056,0.2135,5400.53,0,0,Paycheck-to-Paycheck Spender,มนุษย์เงินเดือนชนเดือน (สภาพคล่องจำกัดปลายเดือน),"First Jobber รายได้ 18,000–35,000 บาท ใช้ชีวิตเดือนชนเดือน ต้องการระบบออมเงินอัตโนมัติแบบไม่ต้องจดบันทึก และสามารถดึงเงินคืนเข้าบัญชีหลักได้ทันที 100% เมื่อถึงกำหนดจ่ายค่าเช่าหรือบิล",0.06,MODERATE,FLEXIBLE,8060.0,5720.0,1930.0,1700.0,15710.0,0.2519,0.1788,0.0603,เช่าอพาร์ตเมนต์ชานเมือง,ผ่อนบัตรเครดิต & สินเชื่อ
ACC_0478,USER_0118,20000.0,568.59,1928.2,0.0964,0.1878,16845.17,0,1,High-Yield Seeker Novice,ผู้แสวงหาผลตอบแทนสูง (มีเงินเก็บ ต้องการดอกเบี้ยสูง),"First Jobber รายได้ 24,000–45,000 บาท มีเงินเก็บก้อนแรก 30,000–100,000 บาท มองหาผลตอบแทนดอกเบี้ยสูง ป้องกันความเสี่ยงจากการหลอกลงทุนด้วย Protected Vault Protocol",0.12,HIGH,MAXIMUM,3320.0,1800.0,1580.0,8100.0,6700.0,0.166,0.09,0.079,เช่าอพาร์ตเมนต์ราคาประหยัด,ผ่อนสมาร์ตโฟน 0%
ACC_0479,USER_0119,36000.0,656.37,5912.6,0.1642,0.2589,2462.58,0,0,Paycheck-to-Paycheck Spender,มนุษย์เงินเดือนชนเดือน (สภาพคล่องจำกัดปลายเดือน),"First Jobber รายได้ 18,000–35,000 บาท ใช้ชีวิตเดือนชนเดือน ต้องการระบบออมเงินอัตโนมัติแบบไม่ต้องจดบันทึก และสามารถดึงเงินคืนเข้าบัญชีหลักได้ทันที 100% เมื่อถึงกำหนดจ่ายค่าเช่าหรือบิล",0.06,MODERATE,FLEXIBLE,9940.0,4780.0,2240.0,3300.0,16960.0,0.2761,0.1328,0.0622,เช่าอพาร์ตเมนต์ชานเมือง,ผ่อนสมาร์ตโฟน & แท็บเล็ต
ACC_0480,USER_0120,24000.0,607.87,5592.6,0.233,0.2958,14885.74,0,1,High-Yield Seeker Novice,ผู้แสวงหาผลตอบแทนสูง (มีเงินเก็บ ต้องการดอกเบี้ยสูง),"First Jobber รายได้ 24,000–45,000 บาท มีเงินเก็บก้อนแรก 30,000–100,000 บาท มองหาผลตอบแทนดอกเบี้ยสูง ป้องกันความเสี่ยงจากการหลอกลงทุนด้วย Protected Vault Protocol",0.12,HIGH,MAXIMUM,4760.0,0.0,1490.0,9000.0,6250.0,0.1983,0.0,0.0621,พักกับครอบครัว/ที่บ้าน,ไม่มีหนี้ผ่อนชำระ
ACC_0481,USER_0121,28000.0,604.03,2499.4,0.0893,0.2518,2120.86,0,0,Paycheck-to-Paycheck Spender,มนุษย์เงินเดือนชนเดือน (สภาพคล่องจำกัดปลายเดือน),"First Jobber รายได้ 18,000–35,000 บาท ใช้ชีวิตเดือนชนเดือน ต้องการระบบออมเงินอัตโนมัติแบบไม่ต้องจดบันทึก และสามารถดึงเงินคืนเข้าบัญชีหลักได้ทันที 100% เมื่อถึงกำหนดจ่ายค่าเช่าหรือบิล",0.06,MODERATE,FLEXIBLE,6470.0,4370.0,2580.0,3300.0,13420.0,0.2311,0.1561,0.0921,เช่าคอนโดติดรถไฟฟ้า,ผ่อนบัตรเครดิต & สินเชื่อ
ACC_0482,USER_0122,20000.0,600.8,2264.0,0.1132,0.21,15857.33,0,1,High-Yield Seeker Novice,ผู้แสวงหาผลตอบแทนสูง (มีเงินเก็บ ต้องการดอกเบี้ยสูง),"First Jobber รายได้ 24,000–45,000 บาท มีเงินเก็บก้อนแรก 30,000–100,000 บาท มองหาผลตอบแทนดอกเบี้ยสูง ป้องกันความเสี่ยงจากการหลอกลงทุนด้วย Protected Vault Protocol",0.12,HIGH,MAXIMUM,3210.0,1000.0,1510.0,7400.0,5720.0,0.1605,0.05,0.0755,เช่าห้องพักสไตล์มินิมอล,ผ่อนอุปกรณ์ไอที/คอมพิวเตอร์
ACC_0483,USER_0123,20000.0,590.5,3040.0,0.152,0.3029,12460.84,0,1,High-Yield Seeker Novice,ผู้แสวงหาผลตอบแทนสูง (มีเงินเก็บ ต้องการดอกเบี้ยสูง),"First Jobber รายได้ 24,000–45,000 บาท มีเงินเก็บก้อนแรก 30,000–100,000 บาท มองหาผลตอบแทนดอกเบี้ยสูง ป้องกันความเสี่ยงจากการหลอกลงทุนด้วย Protected Vault Protocol",0.12,HIGH,MAXIMUM,4120.0,0.0,1030.0,5300.0,5150.0,0.206,0.0,0.0515,เช่าห้องพักสไตล์มินิมอล,ไม่มีหนี้ผ่อนชำระ
ACC_0484,USER_0124,24000.0,612.0,5670.0,0.2362,0.2457,10374.29,0,1,High-Yield Seeker Novice,ผู้แสวงหาผลตอบแทนสูง (มีเงินเก็บ ต้องการดอกเบี้ยสูง),"First Jobber รายได้ 24,000–45,000 บาท มีเงินเก็บก้อนแรก 30,000–100,000 บาท มองหาผลตอบแทนดอกเบี้ยสูง ป้องกันความเสี่ยงจากการหลอกลงทุนด้วย Protected Vault Protocol",0.12,HIGH,MAXIMUM,4780.0,0.0,1310.0,6900.0,6090.0,0.1992,0.0,0.0546,พักกับครอบครัว/ที่บ้าน,ไม่มีหนี้ผ่อนชำระ
ACC_0485,USER_0125,24000.0,591.8,4704.0,0.196,0.2653,15636.05,0,1,High-Yield Seeker Novice,ผู้แสวงหาผลตอบแทนสูง (มีเงินเก็บ ต้องการดอกเบี้ยสูง),"First Jobber รายได้ 24,000–45,000 บาท มีเงินเก็บก้อนแรก 30,000–100,000 บาท มองหาผลตอบแทนดอกเบี้ยสูง ป้องกันความเสี่ยงจากการหลอกลงทุนด้วย Protected Vault Protocol",0.12,HIGH,MAXIMUM,4780.0,1200.0,1480.0,5900.0,7460.0,0.1992,0.05,0.0617,เช่าห้องพักสไตล์มินิมอล,ผ่อนอุปกรณ์ไอที/คอมพิวเตอร์
ACC_0486,USER_0126,36000.0,635.18,7746.4,0.2152,0.2451,10876.54,0,0,Paycheck-to-Paycheck Spender,มนุษย์เงินเดือนชนเดือน (สภาพคล่องจำกัดปลายเดือน),"First Jobber รายได้ 18,000–35,000 บาท ใช้ชีวิตเดือนชนเดือน ต้องการระบบออมเงินอัตโนมัติแบบไม่ต้องจดบันทึก และสามารถดึงเงินคืนเข้าบัญชีหลักได้ทันที 100% เมื่อถึงกำหนดจ่ายค่าเช่าหรือบิล",0.06,MODERATE,FLEXIBLE,10580.0,3260.0,1710.0,1500.0,15550.0,0.2939,0.0906,0.0475,ผ่อนห้องชุดคอนโดมิเนียม,ผ่อนหนี้ กยศ.
ACC_0487,USER_0127,36000.0,624.64,7157.2,0.1988,0.2277,7661.69,0,0,Paycheck-to-Paycheck Spender,มนุษย์เงินเดือนชนเดือน (สภาพคล่องจำกัดปลายเดือน),"First Jobber รายได้ 18,000–35,000 บาท ใช้ชีวิตเดือนชนเดือน ต้องการระบบออมเงินอัตโนมัติแบบไม่ต้องจดบันทึก และสามารถดึงเงินคืนเข้าบัญชีหลักได้ทันที 100% เมื่อถึงกำหนดจ่ายค่าเช่าหรือบิล",0.06,MODERATE,FLEXIBLE,8520.0,5240.0,2590.0,1600.0,16350.0,0.2367,0.1456,0.0719,ผ่อนห้องชุดคอนโดมิเนียม,ผ่อนหนี้ กยศ.
ACC_0488,USER_0128,28000.0,598.24,2555.2,0.0913,0.2462,9444.63,0,0,Paycheck-to-Paycheck Spender,มนุษย์เงินเดือนชนเดือน (สภาพคล่องจำกัดปลายเดือน),"First Jobber รายได้ 18,000–35,000 บาท ใช้ชีวิตเดือนชนเดือน ต้องการระบบออมเงินอัตโนมัติแบบไม่ต้องจดบันทึก และสามารถดึงเงินคืนเข้าบัญชีหลักได้ทันที 100% เมื่อถึงกำหนดจ่ายค่าเช่าหรือบิล",0.06,MODERATE,FLEXIBLE,8100.0,3680.0,1700.0,1900.0,13480.0,0.2893,0.1314,0.0607,ผ่อนห้องชุดคอนโดมิเนียม,ผ่อนบัตรเครดิต & สินเชื่อ
ACC_0489,USER_0129,32000.0,554.95,5721.0,0.1788,0.1878,17647.9,0,0,Paycheck-to-Paycheck Spender,มนุษย์เงินเดือนชนเดือน (สภาพคล่องจำกัดปลายเดือน),"First Jobber รายได้ 18,000–35,000 บาท ใช้ชีวิตเดือนชนเดือน ต้องการระบบออมเงินอัตโนมัติแบบไม่ต้องจดบันทึก และสามารถดึงเงินคืนเข้าบัญชีหลักได้ทันที 100% เมื่อถึงกำหนดจ่ายค่าเช่าหรือบิล",0.06,MODERATE,FLEXIBLE,8010.0,4650.0,2520.0,3200.0,15180.0,0.2503,0.1453,0.0788,ผ่อนห้องชุดคอนโดมิเนียม,ผ่อนบัตรเครดิต & สินเชื่อ
ACC_0490,USER_0130,36000.0,608.24,6165.2,0.1713,0.2334,11689.89,0,0,Paycheck-to-Paycheck Spender,มนุษย์เงินเดือนชนเดือน (สภาพคล่องจำกัดปลายเดือน),"First Jobber รายได้ 18,000–35,000 บาท ใช้ชีวิตเดือนชนเดือน ต้องการระบบออมเงินอัตโนมัติแบบไม่ต้องจดบันทึก และสามารถดึงเงินคืนเข้าบัญชีหลักได้ทันที 100% เมื่อถึงกำหนดจ่ายค่าเช่าหรือบิล",0.06,MODERATE,FLEXIBLE,10760.0,5270.0,1640.0,3300.0,17670.0,0.2989,0.1464,0.0456,ผ่อนห้องชุดคอนโดมิเนียม,ผ่อนหนี้ กยศ.
ACC_0491,USER_0131,36000.0,629.17,8316.6,0.231,0.1841,7753.9,0,0,Paycheck-to-Paycheck Spender,มนุษย์เงินเดือนชนเดือน (สภาพคล่องจำกัดปลายเดือน),"First Jobber รายได้ 18,000–35,000 บาท ใช้ชีวิตเดือนชนเดือน ต้องการระบบออมเงินอัตโนมัติแบบไม่ต้องจดบันทึก และสามารถดึงเงินคืนเข้าบัญชีหลักได้ทันที 100% เมื่อถึงกำหนดจ่ายค่าเช่าหรือบิล",0.06,MODERATE,FLEXIBLE,9940.0,3280.0,1880.0,2400.0,15100.0,0.2761,0.0911,0.0522,เช่าคอนโดติดรถไฟฟ้า,ผ่อนค่างวดรถมอเตอร์ไซค์
ACC_0492,USER_0132,28000.0,651.34,2713.2,0.0969,0.223,9241.48,0,0,Paycheck-to-Paycheck Spender,มนุษย์เงินเดือนชนเดือน (สภาพคล่องจำกัดปลายเดือน),"First Jobber รายได้ 18,000–35,000 บาท ใช้ชีวิตเดือนชนเดือน ต้องการระบบออมเงินอัตโนมัติแบบไม่ต้องจดบันทึก และสามารถดึงเงินคืนเข้าบัญชีหลักได้ทันที 100% เมื่อถึงกำหนดจ่ายค่าเช่าหรือบิล",0.06,MODERATE,FLEXIBLE,6520.0,3400.0,2340.0,2500.0,12260.0,0.2329,0.1214,0.0836,เช่าคอนโดติดรถไฟฟ้า,ผ่อนบัตรเครดิต & สินเชื่อ
ACC_0493,USER_0133,24000.0,613.19,5996.2,0.2498,0.2151,16788.64,0,1,High-Yield Seeker Novice,ผู้แสวงหาผลตอบแทนสูง (มีเงินเก็บ ต้องการดอกเบี้ยสูง),"First Jobber รายได้ 24,000–45,000 บาท มีเงินเก็บก้อนแรก 30,000–100,000 บาท มองหาผลตอบแทนดอกเบี้ยสูง ป้องกันความเสี่ยงจากการหลอกลงทุนด้วย Protected Vault Protocol",0.12,HIGH,MAXIMUM,4170.0,0.0,1570.0,5200.0,5740.0,0.1737,0.0,0.0654,เช่าห้องพักสไตล์มินิมอล,ไม่มีหนี้ผ่อนชำระ
ACC_0494,USER_0134,36000.0,634.65,5897.0,0.1638,0.1775,3189.29,0,0,Paycheck-to-Paycheck Spender,มนุษย์เงินเดือนชนเดือน (สภาพคล่องจำกัดปลายเดือน),"First Jobber รายได้ 18,000–35,000 บาท ใช้ชีวิตเดือนชนเดือน ต้องการระบบออมเงินอัตโนมัติแบบไม่ต้องจดบันทึก และสามารถดึงเงินคืนเข้าบัญชีหลักได้ทันที 100% เมื่อถึงกำหนดจ่ายค่าเช่าหรือบิล",0.06,MODERATE,FLEXIBLE,8970.0,6160.0,2280.0,3100.0,17410.0,0.2492,0.1711,0.0633,เช่าคอนโดติดรถไฟฟ้า,ผ่อนหนี้ กยศ.
ACC_0495,USER_0135,32000.0,702.93,2441.4,0.0763,0.2481,6609.01,0,0,Paycheck-to-Paycheck Spender,มนุษย์เงินเดือนชนเดือน (สภาพคล่องจำกัดปลายเดือน),"First Jobber รายได้ 18,000–35,000 บาท ใช้ชีวิตเดือนชนเดือน ต้องการระบบออมเงินอัตโนมัติแบบไม่ต้องจดบันทึก และสามารถดึงเงินคืนเข้าบัญชีหลักได้ทันที 100% เมื่อถึงกำหนดจ่ายค่าเช่าหรือบิล",0.06,MODERATE,FLEXIBLE,9030.0,4350.0,2120.0,2600.0,15500.0,0.2822,0.1359,0.0662,ผ่อนห้องชุดคอนโดมิเนียม,ผ่อนหนี้ กยศ.
ACC_0496,USER_0136,32000.0,593.33,6933.4,0.2167,0.252,3494.87,0,0,Paycheck-to-Paycheck Spender,มนุษย์เงินเดือนชนเดือน (สภาพคล่องจำกัดปลายเดือน),"First Jobber รายได้ 18,000–35,000 บาท ใช้ชีวิตเดือนชนเดือน ต้องการระบบออมเงินอัตโนมัติแบบไม่ต้องจดบันทึก และสามารถดึงเงินคืนเข้าบัญชีหลักได้ทันที 100% เมื่อถึงกำหนดจ่ายค่าเช่าหรือบิล",0.06,MODERATE,FLEXIBLE,8480.0,3260.0,1460.0,1600.0,13200.0,0.265,0.1019,0.0456,เช่าคอนโดติดรถไฟฟ้า,ผ่อนสมาร์ตโฟน & แท็บเล็ต
ACC_0497,USER_0137,36000.0,592.73,9465.4,0.2629,0.1771,16694.72,0,0,Paycheck-to-Paycheck Spender,มนุษย์เงินเดือนชนเดือน (สภาพคล่องจำกัดปลายเดือน),"First Jobber รายได้ 18,000–35,000 บาท ใช้ชีวิตเดือนชนเดือน ต้องการระบบออมเงินอัตโนมัติแบบไม่ต้องจดบันทึก และสามารถดึงเงินคืนเข้าบัญชีหลักได้ทันที 100% เมื่อถึงกำหนดจ่ายค่าเช่าหรือบิล",0.06,MODERATE,FLEXIBLE,8090.0,4920.0,1670.0,3100.0,14680.0,0.2247,0.1367,0.0464,เช่าคอนโดติดรถไฟฟ้า,ผ่อนหนี้ กยศ.
ACC_0498,USER_0138,28000.0,614.53,2559.4,0.0914,0.2031,5344.86,0,0,Paycheck-to-Paycheck Spender,มนุษย์เงินเดือนชนเดือน (สภาพคล่องจำกัดปลายเดือน),"First Jobber รายได้ 18,000–35,000 บาท ใช้ชีวิตเดือนชนเดือน ต้องการระบบออมเงินอัตโนมัติแบบไม่ต้องจดบันทึก และสามารถดึงเงินคืนเข้าบัญชีหลักได้ทันที 100% เมื่อถึงกำหนดจ่ายค่าเช่าหรือบิล",0.06,MODERATE,FLEXIBLE,6790.0,4280.0,2080.0,1600.0,13150.0,0.2425,0.1529,0.0743,เช่าอพาร์ตเมนต์ชานเมือง,ผ่อนบัตรเครดิต & สินเชื่อ
ACC_0499,USER_0139,32000.0,628.39,5092.2,0.1591,0.2637,17260.97,0,0,Paycheck-to-Paycheck Spender,มนุษย์เงินเดือนชนเดือน (สภาพคล่องจำกัดปลายเดือน),"First Jobber รายได้ 18,000–35,000 บาท ใช้ชีวิตเดือนชนเดือน ต้องการระบบออมเงินอัตโนมัติแบบไม่ต้องจดบันทึก และสามารถดึงเงินคืนเข้าบัญชีหลักได้ทันที 100% เมื่อถึงกำหนดจ่ายค่าเช่าหรือบิล",0.06,MODERATE,FLEXIBLE,8100.0,3650.0,2590.0,2800.0,14340.0,0.2531,0.1141,0.0809,เช่าคอนโดติดรถไฟฟ้า,ผ่อนสมาร์ตโฟน & แท็บเล็ต
ACC_0500,USER_0140,36000.0,657.37,7012.6,0.1948,0.1846,13098.87,0,0,Paycheck-to-Paycheck Spender,มนุษย์เงินเดือนชนเดือน (สภาพคล่องจำกัดปลายเดือน),"First Jobber รายได้ 18,000–35,000 บาท ใช้ชีวิตเดือนชนเดือน ต้องการระบบออมเงินอัตโนมัติแบบไม่ต้องจดบันทึก และสามารถดึงเงินคืนเข้าบัญชีหลักได้ทันที 100% เมื่อถึงกำหนดจ่ายค่าเช่าหรือบิล",0.06,MODERATE,FLEXIBLE,10780.0,3000.0,2060.0,3500.0,15840.0,0.2994,0.0833,0.0572,เช่าอพาร์ตเมนต์ชานเมือง,ผ่อนบัตรเครดิต & สินเชื่อ
ACC_0501,USER_0141,20000.0,626.85,2363.0,0.1182,0.2403,5320.4,0,1,High-Yield Seeker Novice,ผู้แสวงหาผลตอบแทนสูง (มีเงินเก็บ ต้องการดอกเบี้ยสูง),"First Jobber รายได้ 24,000–45,000 บาท มีเงินเก็บก้อนแรก 30,000–100,000 บาท มองหาผลตอบแทนดอกเบี้ยสูง ป้องกันความเสี่ยงจากการหลอกลงทุนด้วย Protected Vault Protocol",0.12,HIGH,MAXIMUM,3630.0,0.0,1470.0,7800.0,5100.0,0.1815,0.0,0.0735,เช่าห้องพักสไตล์มินิมอล,ไม่มีหนี้ผ่อนชำระ
ACC_0502,USER_0142,32000.0,590.19,5216.2,0.163,0.231,3424.73,0,0,Paycheck-to-Paycheck Spender,มนุษย์เงินเดือนชนเดือน (สภาพคล่องจำกัดปลายเดือน),"First Jobber รายได้ 18,000–35,000 บาท ใช้ชีวิตเดือนชนเดือน ต้องการระบบออมเงินอัตโนมัติแบบไม่ต้องจดบันทึก และสามารถดึงเงินคืนเข้าบัญชีหลักได้ทันที 100% เมื่อถึงกำหนดจ่ายค่าเช่าหรือบิล",0.06,MODERATE,FLEXIBLE,9400.0,4240.0,1340.0,3200.0,14980.0,0.2938,0.1325,0.0419,เช่าอพาร์ตเมนต์ชานเมือง,ผ่อนค่างวดรถมอเตอร์ไซค์
ACC_0503,USER_0143,20000.0,555.86,3182.8,0.1591,0.2491,2333.1,0,1,High-Yield Seeker Novice,ผู้แสวงหาผลตอบแทนสูง (มีเงินเก็บ ต้องการดอกเบี้ยสูง),"First Jobber รายได้ 24,000–45,000 บาท มีเงินเก็บก้อนแรก 30,000–100,000 บาท มองหาผลตอบแทนดอกเบี้ยสูง ป้องกันความเสี่ยงจากการหลอกลงทุนด้วย Protected Vault Protocol",0.12,HIGH,MAXIMUM,4330.0,0.0,1370.0,5000.0,5700.0,0.2165,0.0,0.0685,พักกับครอบครัว/ที่บ้าน,ไม่มีหนี้ผ่อนชำระ
ACC_0504,USER_0144,24000.0,646.22,4385.6,0.1827,0.2538,14979.85,0,1,High-Yield Seeker Novice,ผู้แสวงหาผลตอบแทนสูง (มีเงินเก็บ ต้องการดอกเบี้ยสูง),"First Jobber รายได้ 24,000–45,000 บาท มีเงินเก็บก้อนแรก 30,000–100,000 บาท มองหาผลตอบแทนดอกเบี้ยสูง ป้องกันความเสี่ยงจากการหลอกลงทุนด้วย Protected Vault Protocol",0.12,HIGH,MAXIMUM,4190.0,1200.0,1300.0,9400.0,6690.0,0.1746,0.05,0.0542,เช่าห้องพักสไตล์มินิมอล,ผ่อนอุปกรณ์ไอที/คอมพิวเตอร์
ACC_0505,USER_0145,28000.0,569.23,2675.4,0.0956,0.2739,15609.89,0,0,Paycheck-to-Paycheck Spender,มนุษย์เงินเดือนชนเดือน (สภาพคล่องจำกัดปลายเดือน),"First Jobber รายได้ 18,000–35,000 บาท ใช้ชีวิตเดือนชนเดือน ต้องการระบบออมเงินอัตโนมัติแบบไม่ต้องจดบันทึก และสามารถดึงเงินคืนเข้าบัญชีหลักได้ทันที 100% เมื่อถึงกำหนดจ่ายค่าเช่าหรือบิล",0.06,MODERATE,FLEXIBLE,7860.0,4010.0,2070.0,2900.0,13940.0,0.2807,0.1432,0.0739,ผ่อนห้องชุดคอนโดมิเนียม,ผ่อนหนี้ กยศ.
ACC_0506,USER_0146,24000.0,662.61,5697.8,0.2374,0.293,15566.21,0,1,High-Yield Seeker Novice,ผู้แสวงหาผลตอบแทนสูง (มีเงินเก็บ ต้องการดอกเบี้ยสูง),"First Jobber รายได้ 24,000–45,000 บาท มีเงินเก็บก้อนแรก 30,000–100,000 บาท มองหาผลตอบแทนดอกเบี้ยสูง ป้องกันความเสี่ยงจากการหลอกลงทุนด้วย Protected Vault Protocol",0.12,HIGH,MAXIMUM,3610.0,0.0,1440.0,9800.0,5050.0,0.1504,0.0,0.06,พักกับครอบครัว/ที่บ้าน,ไม่มีหนี้ผ่อนชำระ
ACC_0507,USER_0147,28000.0,574.36,3452.8,0.1233,0.2275,2243.2,0,0,Paycheck-to-Paycheck Spender,มนุษย์เงินเดือนชนเดือน (สภาพคล่องจำกัดปลายเดือน),"First Jobber รายได้ 18,000–35,000 บาท ใช้ชีวิตเดือนชนเดือน ต้องการระบบออมเงินอัตโนมัติแบบไม่ต้องจดบันทึก และสามารถดึงเงินคืนเข้าบัญชีหลักได้ทันที 100% เมื่อถึงกำหนดจ่ายค่าเช่าหรือบิล",0.06,MODERATE,FLEXIBLE,6920.0,3560.0,2580.0,2000.0,13060.0,0.2471,0.1271,0.0921,เช่าอพาร์ตเมนต์ชานเมือง,ผ่อนสมาร์ตโฟน & แท็บเล็ต
ACC_0508,USER_0148,36000.0,617.58,8278.4,0.23,0.2494,7207.12,0,0,Paycheck-to-Paycheck Spender,มนุษย์เงินเดือนชนเดือน (สภาพคล่องจำกัดปลายเดือน),"First Jobber รายได้ 18,000–35,000 บาท ใช้ชีวิตเดือนชนเดือน ต้องการระบบออมเงินอัตโนมัติแบบไม่ต้องจดบันทึก และสามารถดึงเงินคืนเข้าบัญชีหลักได้ทันที 100% เมื่อถึงกำหนดจ่ายค่าเช่าหรือบิล",0.06,MODERATE,FLEXIBLE,11130.0,2890.0,1350.0,2700.0,15370.0,0.3092,0.0803,0.0375,ผ่อนห้องชุดคอนโดมิเนียม,ผ่อนค่างวดรถมอเตอร์ไซค์
ACC_0509,USER_0149,36000.0,594.36,8872.8,0.2465,0.2962,14093.97,0,0,Paycheck-to-Paycheck Spender,มนุษย์เงินเดือนชนเดือน (สภาพคล่องจำกัดปลายเดือน),"First Jobber รายได้ 18,000–35,000 บาท ใช้ชีวิตเดือนชนเดือน ต้องการระบบออมเงินอัตโนมัติแบบไม่ต้องจดบันทึก และสามารถดึงเงินคืนเข้าบัญชีหลักได้ทันที 100% เมื่อถึงกำหนดจ่ายค่าเช่าหรือบิล",0.06,MODERATE,FLEXIBLE,8780.0,4570.0,1890.0,2400.0,15240.0,0.2439,0.1269,0.0525,ผ่อนห้องชุดคอนโดมิเนียม,ผ่อนค่างวดรถมอเตอร์ไซค์
ACC_0510,USER_0000,32000.0,618.08,5188.4,0.1621,0.2973,10957.38,0,0,Paycheck-to-Paycheck Spender,มนุษย์เงินเดือนชนเดือน (สภาพคล่องจำกัดปลายเดือน),"First Jobber รายได้ 18,000–35,000 บาท ใช้ชีวิตเดือนชนเดือน ต้องการระบบออมเงินอัตโนมัติแบบไม่ต้องจดบันทึก และสามารถดึงเงินคืนเข้าบัญชีหลักได้ทันที 100% เมื่อถึงกำหนดจ่ายค่าเช่าหรือบิล",0.06,MODERATE,FLEXIBLE,8540.0,3990.0,1920.0,2700.0,14450.0,0.2669,0.1247,0.06,เช่าคอนโดติดรถไฟฟ้า,ผ่อนสมาร์ตโฟน & แท็บเล็ต
ACC_0511,USER_0001,36000.0,684.7,5876.0,0.1632,0.206,6309.8,0,0,Paycheck-to-Paycheck Spender,มนุษย์เงินเดือนชนเดือน (สภาพคล่องจำกัดปลายเดือน),"First Jobber รายได้ 18,000–35,000 บาท ใช้ชีวิตเดือนชนเดือน ต้องการระบบออมเงินอัตโนมัติแบบไม่ต้องจดบันทึก และสามารถดึงเงินคืนเข้าบัญชีหลักได้ทันที 100% เมื่อถึงกำหนดจ่ายค่าเช่าหรือบิล",0.06,MODERATE,FLEXIBLE,10990.0,3060.0,2380.0,3200.0,16430.0,0.3053,0.085,0.0661,เช่าคอนโดติดรถไฟฟ้า,ผ่อนสมาร์ตโฟน & แท็บเล็ต
ACC_0512,USER_0002,36000.0,624.9,7872.0,0.2187,0.2983,3716.73,0,0,Paycheck-to-Paycheck Spender,มนุษย์เงินเดือนชนเดือน (สภาพคล่องจำกัดปลายเดือน),"First Jobber รายได้ 18,000–35,000 บาท ใช้ชีวิตเดือนชนเดือน ต้องการระบบออมเงินอัตโนมัติแบบไม่ต้องจดบันทึก และสามารถดึงเงินคืนเข้าบัญชีหลักได้ทันที 100% เมื่อถึงกำหนดจ่ายค่าเช่าหรือบิล",0.06,MODERATE,FLEXIBLE,9590.0,4460.0,1580.0,2300.0,15630.0,0.2664,0.1239,0.0439,เช่าอพาร์ตเมนต์ชานเมือง,ผ่อนสมาร์ตโฟน & แท็บเล็ต
ACC_0513,USER_0003,20000.0,656.66,1566.8,0.0783,0.1687,3583.56,0,1,High-Yield Seeker Novice,ผู้แสวงหาผลตอบแทนสูง (มีเงินเก็บ ต้องการดอกเบี้ยสูง),"First Jobber รายได้ 24,000–45,000 บาท มีเงินเก็บก้อนแรก 30,000–100,000 บาท มองหาผลตอบแทนดอกเบี้ยสูง ป้องกันความเสี่ยงจากการหลอกลงทุนด้วย Protected Vault Protocol",0.12,HIGH,MAXIMUM,3240.0,1000.0,1060.0,9000.0,5300.0,0.162,0.05,0.053,เช่าห้องพักสไตล์มินิมอล,ผ่อนสมาร์ตโฟน 0%
ACC_0514,USER_0004,24000.0,558.39,850.0,0.0354,0.2291,9642.43,0,0,Paycheck-to-Paycheck Spender,มนุษย์เงินเดือนชนเดือน (สภาพคล่องจำกัดปลายเดือน),"First Jobber รายได้ 18,000–35,000 บาท ใช้ชีวิตเดือนชนเดือน ต้องการระบบออมเงินอัตโนมัติแบบไม่ต้องจดบันทึก และสามารถดึงเงินคืนเข้าบัญชีหลักได้ทันที 100% เมื่อถึงกำหนดจ่ายค่าเช่าหรือบิล",0.06,MODERATE,FLEXIBLE,7390.0,3300.0,1340.0,2900.0,12030.0,0.3079,0.1375,0.0558,เช่าอพาร์ตเมนต์ชานเมือง,ผ่อนหนี้ กยศ.
ACC_0515,USER_0005,24000.0,610.2,4436.0,0.1848,0.251,9912.99,0,1,High-Yield Seeker Novice,ผู้แสวงหาผลตอบแทนสูง (มีเงินเก็บ ต้องการดอกเบี้ยสูง),"First Jobber รายได้ 24,000–45,000 บาท มีเงินเก็บก้อนแรก 30,000–100,000 บาท มองหาผลตอบแทนดอกเบี้ยสูง ป้องกันความเสี่ยงจากการหลอกลงทุนด้วย Protected Vault Protocol",0.12,HIGH,MAXIMUM,4230.0,2160.0,970.0,6600.0,7360.0,0.1762,0.09,0.0404,เช่าอพาร์ตเมนต์ราคาประหยัด,ผ่อนอุปกรณ์ไอที/คอมพิวเตอร์
ACC_0516,USER_0006,32000.0,564.54,4499.2,0.1406,0.1501,14985.06,0,0,Paycheck-to-Paycheck Spender,มนุษย์เงินเดือนชนเดือน (สภาพคล่องจำกัดปลายเดือน),"First Jobber รายได้ 18,000–35,000 บาท ใช้ชีวิตเดือนชนเดือน ต้องการระบบออมเงินอัตโนมัติแบบไม่ต้องจดบันทึก และสามารถดึงเงินคืนเข้าบัญชีหลักได้ทันที 100% เมื่อถึงกำหนดจ่ายค่าเช่าหรือบิล",0.06,MODERATE,FLEXIBLE,9860.0,4710.0,1640.0,2800.0,16210.0,0.3081,0.1472,0.0512,เช่าคอนโดติดรถไฟฟ้า,ผ่อนบัตรเครดิต & สินเชื่อ
ACC_0517,USER_0007,28000.0,596.23,850.0,0.0304,0.2589,8475.65,0,0,Paycheck-to-Paycheck Spender,มนุษย์เงินเดือนชนเดือน (สภาพคล่องจำกัดปลายเดือน),"First Jobber รายได้ 18,000–35,000 บาท ใช้ชีวิตเดือนชนเดือน ต้องการระบบออมเงินอัตโนมัติแบบไม่ต้องจดบันทึก และสามารถดึงเงินคืนเข้าบัญชีหลักได้ทันที 100% เมื่อถึงกำหนดจ่ายค่าเช่าหรือบิล",0.06,MODERATE,FLEXIBLE,8170.0,4910.0,2240.0,3200.0,15320.0,0.2918,0.1754,0.08,เช่าอพาร์ตเมนต์ชานเมือง,ผ่อนหนี้ กยศ.
ACC_0518,USER_0008,36000.0,523.34,7813.2,0.217,0.1147,2244.99,0,0,Paycheck-to-Paycheck Spender,มนุษย์เงินเดือนชนเดือน (สภาพคล่องจำกัดปลายเดือน),"First Jobber รายได้ 18,000–35,000 บาท ใช้ชีวิตเดือนชนเดือน ต้องการระบบออมเงินอัตโนมัติแบบไม่ต้องจดบันทึก และสามารถดึงเงินคืนเข้าบัญชีหลักได้ทันที 100% เมื่อถึงกำหนดจ่ายค่าเช่าหรือบิล",0.06,MODERATE,FLEXIBLE,10500.0,5870.0,1350.0,3200.0,17720.0,0.2917,0.1631,0.0375,เช่าอพาร์ตเมนต์ชานเมือง,ผ่อนสมาร์ตโฟน & แท็บเล็ต
ACC_0519,USER_0009,24000.0,630.06,4208.8,0.1754,0.2827,11895.61,0,1,High-Yield Seeker Novice,ผู้แสวงหาผลตอบแทนสูง (มีเงินเก็บ ต้องการดอกเบี้ยสูง),"First Jobber รายได้ 24,000–45,000 บาท มีเงินเก็บก้อนแรก 30,000–100,000 บาท มองหาผลตอบแทนดอกเบี้ยสูง ป้องกันความเสี่ยงจากการหลอกลงทุนด้วย Protected Vault Protocol",0.12,HIGH,MAXIMUM,4640.0,1200.0,1350.0,5000.0,7190.0,0.1933,0.05,0.0562,เช่าอพาร์ตเมนต์ราคาประหยัด,ผ่อนอุปกรณ์ไอที/คอมพิวเตอร์
ACC_0520,USER_0010,32000.0,578.04,4369.2,0.1365,0.1621,9070.7,0,0,Paycheck-to-Paycheck Spender,มนุษย์เงินเดือนชนเดือน (สภาพคล่องจำกัดปลายเดือน),"First Jobber รายได้ 18,000–35,000 บาท ใช้ชีวิตเดือนชนเดือน ต้องการระบบออมเงินอัตโนมัติแบบไม่ต้องจดบันทึก และสามารถดึงเงินคืนเข้าบัญชีหลักได้ทันที 100% เมื่อถึงกำหนดจ่ายค่าเช่าหรือบิล",0.06,MODERATE,FLEXIBLE,8800.0,5440.0,1830.0,2100.0,16070.0,0.275,0.17,0.0572,เช่าคอนโดติดรถไฟฟ้า,ผ่อนหนี้ กยศ.
ACC_0521,USER_0011,36000.0,603.13,7177.4,0.1994,0.2661,13299.46,0,0,Paycheck-to-Paycheck Spender,มนุษย์เงินเดือนชนเดือน (สภาพคล่องจำกัดปลายเดือน),"First Jobber รายได้ 18,000–35,000 บาท ใช้ชีวิตเดือนชนเดือน ต้องการระบบออมเงินอัตโนมัติแบบไม่ต้องจดบันทึก และสามารถดึงเงินคืนเข้าบัญชีหลักได้ทันที 100% เมื่อถึงกำหนดจ่ายค่าเช่าหรือบิล",0.06,MODERATE,FLEXIBLE,9410.0,5210.0,2140.0,3300.0,16760.0,0.2614,0.1447,0.0594,เช่าคอนโดติดรถไฟฟ้า,ผ่อนสมาร์ตโฟน & แท็บเล็ต
ACC_0522,USER_0012,24000.0,681.45,5111.0,0.213,0.2616,6098.86,0,1,High-Yield Seeker Novice,ผู้แสวงหาผลตอบแทนสูง (มีเงินเก็บ ต้องการดอกเบี้ยสูง),"First Jobber รายได้ 24,000–45,000 บาท มีเงินเก็บก้อนแรก 30,000–100,000 บาท มองหาผลตอบแทนดอกเบี้ยสูง ป้องกันความเสี่ยงจากการหลอกลงทุนด้วย Protected Vault Protocol",0.12,HIGH,MAXIMUM,4320.0,0.0,940.0,5300.0,5260.0,0.18,0.0,0.0392,เช่าอพาร์ตเมนต์ราคาประหยัด,ไม่มีหนี้ผ่อนชำระ
ACC_0523,USER_0013,24000.0,583.76,6044.8,0.2519,0.2787,2540.85,0,1,High-Yield Seeker Novice,ผู้แสวงหาผลตอบแทนสูง (มีเงินเก็บ ต้องการดอกเบี้ยสูง),"First Jobber รายได้ 24,000–45,000 บาท มีเงินเก็บก้อนแรก 30,000–100,000 บาท มองหาผลตอบแทนดอกเบี้ยสูง ป้องกันความเสี่ยงจากการหลอกลงทุนด้วย Protected Vault Protocol",0.12,HIGH,MAXIMUM,4750.0,0.0,1530.0,4900.0,6280.0,0.1979,0.0,0.0638,พักกับครอบครัว/ที่บ้าน,ไม่มีหนี้ผ่อนชำระ
ACC_0524,USER_0014,36000.0,602.34,10753.2,0.2987,0.2675,11898.99,0,0,Paycheck-to-Paycheck Spender,มนุษย์เงินเดือนชนเดือน (สภาพคล่องจำกัดปลายเดือน),"First Jobber รายได้ 18,000–35,000 บาท ใช้ชีวิตเดือนชนเดือน ต้องการระบบออมเงินอัตโนมัติแบบไม่ต้องจดบันทึก และสามารถดึงเงินคืนเข้าบัญชีหลักได้ทันที 100% เมื่อถึงกำหนดจ่ายค่าเช่าหรือบิล",0.06,MODERATE,FLEXIBLE,8430.0,2920.0,1850.0,2100.0,13200.0,0.2342,0.0811,0.0514,เช่าคอนโดติดรถไฟฟ้า,ผ่อนหนี้ กยศ.
ACC_0525,USER_0015,28000.0,580.14,4797.2,0.1713,0.2627,14004.51,0,0,Paycheck-to-Paycheck Spender,มนุษย์เงินเดือนชนเดือน (สภาพคล่องจำกัดปลายเดือน),"First Jobber รายได้ 18,000–35,000 บาท ใช้ชีวิตเดือนชนเดือน ต้องการระบบออมเงินอัตโนมัติแบบไม่ต้องจดบันทึก และสามารถดึงเงินคืนเข้าบัญชีหลักได้ทันที 100% เมื่อถึงกำหนดจ่ายค่าเช่าหรือบิล",0.06,MODERATE,FLEXIBLE,7780.0,2360.0,1460.0,2600.0,11600.0,0.2779,0.0843,0.0521,ผ่อนห้องชุดคอนโดมิเนียม,ผ่อนบัตรเครดิต & สินเชื่อ
ACC_0526,USER_0016,20000.0,620.72,1135.6,0.0568,0.189,3229.59,0,1,High-Yield Seeker Novice,ผู้แสวงหาผลตอบแทนสูง (มีเงินเก็บ ต้องการดอกเบี้ยสูง),"First Jobber รายได้ 24,000–45,000 บาท มีเงินเก็บก้อนแรก 30,000–100,000 บาท มองหาผลตอบแทนดอกเบี้ยสูง ป้องกันความเสี่ยงจากการหลอกลงทุนด้วย Protected Vault Protocol",0.12,HIGH,MAXIMUM,3970.0,1000.0,1480.0,8300.0,6450.0,0.1985,0.05,0.074,พักกับครอบครัว/ที่บ้าน,ผ่อนอุปกรณ์ไอที/คอมพิวเตอร์
ACC_0527,USER_0017,28000.0,619.41,2861.8,0.1022,0.2586,17883.72,0,0,Paycheck-to-Paycheck Spender,มนุษย์เงินเดือนชนเดือน (สภาพคล่องจำกัดปลายเดือน),"First Jobber รายได้ 18,000–35,000 บาท ใช้ชีวิตเดือนชนเดือน ต้องการระบบออมเงินอัตโนมัติแบบไม่ต้องจดบันทึก และสามารถดึงเงินคืนเข้าบัญชีหลักได้ทันที 100% เมื่อถึงกำหนดจ่ายค่าเช่าหรือบิล",0.06,MODERATE,FLEXIBLE,8040.0,3010.0,1700.0,3100.0,12750.0,0.2871,0.1075,0.0607,เช่าอพาร์ตเมนต์ชานเมือง,ผ่อนค่างวดรถมอเตอร์ไซค์
ACC_0528,USER_0018,36000.0,653.75,3585.0,0.0996,0.2491,6537.26,0,0,Paycheck-to-Paycheck Spender,มนุษย์เงินเดือนชนเดือน (สภาพคล่องจำกัดปลายเดือน),"First Jobber รายได้ 18,000–35,000 บาท ใช้ชีวิตเดือนชนเดือน ต้องการระบบออมเงินอัตโนมัติแบบไม่ต้องจดบันทึก และสามารถดึงเงินคืนเข้าบัญชีหลักได้ทันที 100% เมื่อถึงกำหนดจ่ายค่าเช่าหรือบิล",0.06,MODERATE,FLEXIBLE,10880.0,5970.0,2490.0,2400.0,19340.0,0.3022,0.1658,0.0692,ผ่อนห้องชุดคอนโดมิเนียม,ผ่อนค่างวดรถมอเตอร์ไซค์
ACC_0529,USER_0019,28000.0,634.7,4496.0,0.1606,0.2931,5608.42,0,0,Paycheck-to-Paycheck Spender,มนุษย์เงินเดือนชนเดือน (สภาพคล่องจำกัดปลายเดือน),"First Jobber รายได้ 18,000–35,000 บาท ใช้ชีวิตเดือนชนเดือน ต้องการระบบออมเงินอัตโนมัติแบบไม่ต้องจดบันทึก และสามารถดึงเงินคืนเข้าบัญชีหลักได้ทันที 100% เมื่อถึงกำหนดจ่ายค่าเช่าหรือบิล",0.06,MODERATE,FLEXIBLE,6190.0,3280.0,1340.0,2300.0,10810.0,0.2211,0.1171,0.0479,ผ่อนห้องชุดคอนโดมิเนียม,ผ่อนสมาร์ตโฟน & แท็บเล็ต
ACC_0530,USER_0020,36000.0,618.23,9195.4,0.2554,0.2217,14951.48,0,0,Paycheck-to-Paycheck Spender,มนุษย์เงินเดือนชนเดือน (สภาพคล่องจำกัดปลายเดือน),"First Jobber รายได้ 18,000–35,000 บาท ใช้ชีวิตเดือนชนเดือน ต้องการระบบออมเงินอัตโนมัติแบบไม่ต้องจดบันทึก และสามารถดึงเงินคืนเข้าบัญชีหลักได้ทันที 100% เมื่อถึงกำหนดจ่ายค่าเช่าหรือบิล",0.06,MODERATE,FLEXIBLE,8520.0,4430.0,1490.0,3300.0,14440.0,0.2367,0.1231,0.0414,เช่าคอนโดติดรถไฟฟ้า,ผ่อนหนี้ กยศ.
ACC_0531,USER_0021,24000.0,627.86,6452.8,0.2689,0.2491,13036.93,0,1,High-Yield Seeker Novice,ผู้แสวงหาผลตอบแทนสูง (มีเงินเก็บ ต้องการดอกเบี้ยสูง),"First Jobber รายได้ 24,000–45,000 บาท มีเงินเก็บก้อนแรก 30,000–100,000 บาท มองหาผลตอบแทนดอกเบี้ยสูง ป้องกันความเสี่ยงจากการหลอกลงทุนด้วย Protected Vault Protocol",0.12,HIGH,MAXIMUM,3660.0,0.0,1330.0,8000.0,4990.0,0.1525,0.0,0.0554,เช่าอพาร์ตเมนต์ราคาประหยัด,ไม่มีหนี้ผ่อนชำระ
ACC_0532,USER_0022,32000.0,629.9,3972.0,0.1241,0.258,8541.99,0,0,Paycheck-to-Paycheck Spender,มนุษย์เงินเดือนชนเดือน (สภาพคล่องจำกัดปลายเดือน),"First Jobber รายได้ 18,000–35,000 บาท ใช้ชีวิตเดือนชนเดือน ต้องการระบบออมเงินอัตโนมัติแบบไม่ต้องจดบันทึก และสามารถดึงเงินคืนเข้าบัญชีหลักได้ทันที 100% เมื่อถึงกำหนดจ่ายค่าเช่าหรือบิล",0.06,MODERATE,FLEXIBLE,8270.0,5090.0,2070.0,1700.0,15430.0,0.2584,0.1591,0.0647,เช่าคอนโดติดรถไฟฟ้า,ผ่อนค่างวดรถมอเตอร์ไซค์
ACC_0533,USER_0023,20000.0,565.35,3723.0,0.1862,0.2316,16184.72,0,1,High-Yield Seeker Novice,ผู้แสวงหาผลตอบแทนสูง (มีเงินเก็บ ต้องการดอกเบี้ยสูง),"First Jobber รายได้ 24,000–45,000 บาท มีเงินเก็บก้อนแรก 30,000–100,000 บาท มองหาผลตอบแทนดอกเบี้ยสูง ป้องกันความเสี่ยงจากการหลอกลงทุนด้วย Protected Vault Protocol",0.12,HIGH,MAXIMUM,3380.0,0.0,1590.0,7000.0,4970.0,0.169,0.0,0.0795,เช่าห้องพักสไตล์มินิมอล,ไม่มีหนี้ผ่อนชำระ
ACC_0534,USER_0024,36000.0,559.35,10413.0,0.2892,0.2444,4769.99,0,0,Paycheck-to-Paycheck Spender,มนุษย์เงินเดือนชนเดือน (สภาพคล่องจำกัดปลายเดือน),"First Jobber รายได้ 18,000–35,000 บาท ใช้ชีวิตเดือนชนเดือน ต้องการระบบออมเงินอัตโนมัติแบบไม่ต้องจดบันทึก และสามารถดึงเงินคืนเข้าบัญชีหลักได้ทันที 100% เมื่อถึงกำหนดจ่ายค่าเช่าหรือบิล",0.06,MODERATE,FLEXIBLE,8430.0,4630.0,1340.0,2500.0,14400.0,0.2342,0.1286,0.0372,ผ่อนห้องชุดคอนโดมิเนียม,ผ่อนบัตรเครดิต & สินเชื่อ
ACC_0535,USER_0025,28000.0,683.89,3392.2,0.1212,0.2573,7794.56,0,0,Paycheck-to-Paycheck Spender,มนุษย์เงินเดือนชนเดือน (สภาพคล่องจำกัดปลายเดือน),"First Jobber รายได้ 18,000–35,000 บาท ใช้ชีวิตเดือนชนเดือน ต้องการระบบออมเงินอัตโนมัติแบบไม่ต้องจดบันทึก และสามารถดึงเงินคืนเข้าบัญชีหลักได้ทันที 100% เมื่อถึงกำหนดจ่ายค่าเช่าหรือบิล",0.06,MODERATE,FLEXIBLE,7240.0,2350.0,1340.0,2300.0,10930.0,0.2586,0.0839,0.0479,เช่าอพาร์ตเมนต์ชานเมือง,ผ่อนหนี้ กยศ.
ACC_0536,USER_0026,36000.0,684.13,6817.4,0.1894,0.2337,2127.35,0,0,Paycheck-to-Paycheck Spender,มนุษย์เงินเดือนชนเดือน (สภาพคล่องจำกัดปลายเดือน),"First Jobber รายได้ 18,000–35,000 บาท ใช้ชีวิตเดือนชนเดือน ต้องการระบบออมเงินอัตโนมัติแบบไม่ต้องจดบันทึก และสามารถดึงเงินคืนเข้าบัญชีหลักได้ทันที 100% เมื่อถึงกำหนดจ่ายค่าเช่าหรือบิล",0.06,MODERATE,FLEXIBLE,8000.0,5600.0,1900.0,2100.0,15500.0,0.2222,0.1556,0.0528,เช่าคอนโดติดรถไฟฟ้า,ผ่อนสมาร์ตโฟน & แท็บเล็ต
ACC_0537,USER_0027,24000.0,596.07,5248.6,0.2187,0.2222,8360.14,0,1,High-Yield Seeker Novice,ผู้แสวงหาผลตอบแทนสูง (มีเงินเก็บ ต้องการดอกเบี้ยสูง),"First Jobber รายได้ 24,000–45,000 บาท มีเงินเก็บก้อนแรก 30,000–100,000 บาท มองหาผลตอบแทนดอกเบี้ยสูง ป้องกันความเสี่ยงจากการหลอกลงทุนด้วย Protected Vault Protocol",0.12,HIGH,MAXIMUM,3580.0,2160.0,1090.0,9400.0,6830.0,0.1492,0.09,0.0454,พักกับครอบครัว/ที่บ้าน,ผ่อนอุปกรณ์ไอที/คอมพิวเตอร์
ACC_0538,USER_0028,28000.0,585.07,4028.6,0.1439,0.2098,14518.61,0,0,Paycheck-to-Paycheck Spender,มนุษย์เงินเดือนชนเดือน (สภาพคล่องจำกัดปลายเดือน),"First Jobber รายได้ 18,000–35,000 บาท ใช้ชีวิตเดือนชนเดือน ต้องการระบบออมเงินอัตโนมัติแบบไม่ต้องจดบันทึก และสามารถดึงเงินคืนเข้าบัญชีหลักได้ทันที 100% เมื่อถึงกำหนดจ่ายค่าเช่าหรือบิล",0.06,MODERATE,FLEXIBLE,7690.0,2490.0,2090.0,1800.0,12270.0,0.2746,0.0889,0.0746,เช่าคอนโดติดรถไฟฟ้า,ผ่อนบัตรเครดิต & สินเชื่อ
ACC_0539,USER_0029,24000.0,600.09,3988.2,0.1662,0.3235,3782.11,0,1,High-Yield Seeker Novice,ผู้แสวงหาผลตอบแทนสูง (มีเงินเก็บ ต้องการดอกเบี้ยสูง),"First Jobber รายได้ 24,000–45,000 บาท มีเงินเก็บก้อนแรก 30,000–100,000 บาท มองหาผลตอบแทนดอกเบี้ยสูง ป้องกันความเสี่ยงจากการหลอกลงทุนด้วย Protected Vault Protocol",0.12,HIGH,MAXIMUM,5220.0,1200.0,1590.0,7100.0,8010.0,0.2175,0.05,0.0662,เช่าห้องพักสไตล์มินิมอล,ผ่อนอุปกรณ์ไอที/คอมพิวเตอร์
ACC_0540,USER_0030,28000.0,652.24,3005.2,0.1073,0.2188,13470.11,0,0,Paycheck-to-Paycheck Spender,มนุษย์เงินเดือนชนเดือน (สภาพคล่องจำกัดปลายเดือน),"First Jobber รายได้ 18,000–35,000 บาท ใช้ชีวิตเดือนชนเดือน ต้องการระบบออมเงินอัตโนมัติแบบไม่ต้องจดบันทึก และสามารถดึงเงินคืนเข้าบัญชีหลักได้ทันที 100% เมื่อถึงกำหนดจ่ายค่าเช่าหรือบิล",0.06,MODERATE,FLEXIBLE,6630.0,2930.0,2390.0,2200.0,11950.0,0.2368,0.1046,0.0854,เช่าอพาร์ตเมนต์ชานเมือง,ผ่อนค่างวดรถมอเตอร์ไซค์
ACC_0541,USER_0031,36000.0,554.28,8964.4,0.249,0.2492,10331.15,0,0,Paycheck-to-Paycheck Spender,มนุษย์เงินเดือนชนเดือน (สภาพคล่องจำกัดปลายเดือน),"First Jobber รายได้ 18,000–35,000 บาท ใช้ชีวิตเดือนชนเดือน ต้องการระบบออมเงินอัตโนมัติแบบไม่ต้องจดบันทึก และสามารถดึงเงินคืนเข้าบัญชีหลักได้ทันที 100% เมื่อถึงกำหนดจ่ายค่าเช่าหรือบิล",0.06,MODERATE,FLEXIBLE,10470.0,3520.0,1960.0,2900.0,15950.0,0.2908,0.0978,0.0544,เช่าคอนโดติดรถไฟฟ้า,ผ่อนค่างวดรถมอเตอร์ไซค์
ACC_0542,USER_0032,28000.0,599.66,2236.8,0.0799,0.2195,3314.29,0,0,Paycheck-to-Paycheck Spender,มนุษย์เงินเดือนชนเดือน (สภาพคล่องจำกัดปลายเดือน),"First Jobber รายได้ 18,000–35,000 บาท ใช้ชีวิตเดือนชนเดือน ต้องการระบบออมเงินอัตโนมัติแบบไม่ต้องจดบันทึก และสามารถดึงเงินคืนเข้าบัญชีหลักได้ทันที 100% เมื่อถึงกำหนดจ่ายค่าเช่าหรือบิล",0.06,MODERATE,FLEXIBLE,8490.0,3770.0,1510.0,2700.0,13770.0,0.3032,0.1346,0.0539,เช่าคอนโดติดรถไฟฟ้า,ผ่อนหนี้ กยศ.
ACC_0543,USER_0033,36000.0,645.28,7244.4,0.2012,0.174,17956.4,0,0,Paycheck-to-Paycheck Spender,มนุษย์เงินเดือนชนเดือน (สภาพคล่องจำกัดปลายเดือน),"First Jobber รายได้ 18,000–35,000 บาท ใช้ชีวิตเดือนชนเดือน ต้องการระบบออมเงินอัตโนมัติแบบไม่ต้องจดบันทึก และสามารถดึงเงินคืนเข้าบัญชีหลักได้ทันที 100% เมื่อถึงกำหนดจ่ายค่าเช่าหรือบิล",0.06,MODERATE,FLEXIBLE,8460.0,5820.0,1570.0,3100.0,15850.0,0.235,0.1617,0.0436,ผ่อนห้องชุดคอนโดมิเนียม,ผ่อนค่างวดรถมอเตอร์ไซค์
ACC_0544,USER_0034,36000.0,584.73,8925.4,0.2479,0.2935,8610.57,0,0,Paycheck-to-Paycheck Spender,มนุษย์เงินเดือนชนเดือน (สภาพคล่องจำกัดปลายเดือน),"First Jobber รายได้ 18,000–35,000 บาท ใช้ชีวิตเดือนชนเดือน ต้องการระบบออมเงินอัตโนมัติแบบไม่ต้องจดบันทึก และสามารถดึงเงินคืนเข้าบัญชีหลักได้ทันที 100% เมื่อถึงกำหนดจ่ายค่าเช่าหรือบิล",0.06,MODERATE,FLEXIBLE,9000.0,4050.0,2330.0,2400.0,15380.0,0.25,0.1125,0.0647,ผ่อนห้องชุดคอนโดมิเนียม,ผ่อนบัตรเครดิต & สินเชื่อ
ACC_0545,USER_0035,28000.0,546.1,3658.0,0.1306,0.181,3380.91,0,0,Paycheck-to-Paycheck Spender,มนุษย์เงินเดือนชนเดือน (สภาพคล่องจำกัดปลายเดือน),"First Jobber รายได้ 18,000–35,000 บาท ใช้ชีวิตเดือนชนเดือน ต้องการระบบออมเงินอัตโนมัติแบบไม่ต้องจดบันทึก และสามารถดึงเงินคืนเข้าบัญชีหลักได้ทันที 100% เมื่อถึงกำหนดจ่ายค่าเช่าหรือบิล",0.06,MODERATE,FLEXIBLE,6570.0,4630.0,2220.0,3300.0,13420.0,0.2346,0.1654,0.0793,ผ่อนห้องชุดคอนโดมิเนียม,ผ่อนค่างวดรถมอเตอร์ไซค์
ACC_0546,USER_0036,36000.0,605.64,7037.2,0.1955,0.2611,3454.58,0,0,Paycheck-to-Paycheck Spender,มนุษย์เงินเดือนชนเดือน (สภาพคล่องจำกัดปลายเดือน),"First Jobber รายได้ 18,000–35,000 บาท ใช้ชีวิตเดือนชนเดือน ต้องการระบบออมเงินอัตโนมัติแบบไม่ต้องจดบันทึก และสามารถดึงเงินคืนเข้าบัญชีหลักได้ทันที 100% เมื่อถึงกำหนดจ่ายค่าเช่าหรือบิล",0.06,MODERATE,FLEXIBLE,10050.0,5040.0,1760.0,2400.0,16850.0,0.2792,0.14,0.0489,เช่าอพาร์ตเมนต์ชานเมือง,ผ่อนบัตรเครดิต & สินเชื่อ
ACC_0547,USER_0037,24000.0,601.5,6290.0,0.2621,0.2094,15819.73,0,1,High-Yield Seeker Novice,ผู้แสวงหาผลตอบแทนสูง (มีเงินเก็บ ต้องการดอกเบี้ยสูง),"First Jobber รายได้ 24,000–45,000 บาท มีเงินเก็บก้อนแรก 30,000–100,000 บาท มองหาผลตอบแทนดอกเบี้ยสูง ป้องกันความเสี่ยงจากการหลอกลงทุนด้วย Protected Vault Protocol",0.12,HIGH,MAXIMUM,4790.0,0.0,890.0,8200.0,5680.0,0.1996,0.0,0.0371,เช่าห้องพักสไตล์มินิมอล,ไม่มีหนี้ผ่อนชำระ
ACC_0548,USER_0038,20000.0,595.73,1125.4,0.0563,0.2054,9179.76,0,1,High-Yield Seeker Novice,ผู้แสวงหาผลตอบแทนสูง (มีเงินเก็บ ต้องการดอกเบี้ยสูง),"First Jobber รายได้ 24,000–45,000 บาท มีเงินเก็บก้อนแรก 30,000–100,000 บาท มองหาผลตอบแทนดอกเบี้ยสูง ป้องกันความเสี่ยงจากการหลอกลงทุนด้วย Protected Vault Protocol",0.12,HIGH,MAXIMUM,4200.0,1800.0,960.0,7000.0,6960.0,0.21,0.09,0.048,พักกับครอบครัว/ที่บ้าน,ผ่อนสมาร์ตโฟน 0%
ACC_0549,USER_0039,32000.0,594.74,5985.2,0.187,0.2524,2773.92,0,0,Paycheck-to-Paycheck Spender,มนุษย์เงินเดือนชนเดือน (สภาพคล่องจำกัดปลายเดือน),"First Jobber รายได้ 18,000–35,000 บาท ใช้ชีวิตเดือนชนเดือน ต้องการระบบออมเงินอัตโนมัติแบบไม่ต้องจดบันทึก และสามารถดึงเงินคืนเข้าบัญชีหลักได้ทันที 100% เมื่อถึงกำหนดจ่ายค่าเช่าหรือบิล",0.06,MODERATE,FLEXIBLE,8010.0,4130.0,1980.0,2600.0,14120.0,0.2503,0.1291,0.0619,ผ่อนห้องชุดคอนโดมิเนียม,ผ่อนหนี้ กยศ.
ACC_0550,USER_0040,24000.0,681.58,2568.4,0.107,0.2289,7879.42,0,1,High-Yield Seeker Novice,ผู้แสวงหาผลตอบแทนสูง (มีเงินเก็บ ต้องการดอกเบี้ยสูง),"First Jobber รายได้ 24,000–45,000 บาท มีเงินเก็บก้อนแรก 30,000–100,000 บาท มองหาผลตอบแทนดอกเบี้ยสูง ป้องกันความเสี่ยงจากการหลอกลงทุนด้วย Protected Vault Protocol",0.12,HIGH,MAXIMUM,4520.0,2160.0,1120.0,8500.0,7800.0,0.1883,0.09,0.0467,เช่าห้องพักสไตล์มินิมอล,ผ่อนอุปกรณ์ไอที/คอมพิวเตอร์
ACC_0551,USER_0041,28000.0,584.79,3304.2,0.118,0.2801,12241.02,0,0,Paycheck-to-Paycheck Spender,มนุษย์เงินเดือนชนเดือน (สภาพคล่องจำกัดปลายเดือน),"First Jobber รายได้ 18,000–35,000 บาท ใช้ชีวิตเดือนชนเดือน ต้องการระบบออมเงินอัตโนมัติแบบไม่ต้องจดบันทึก และสามารถดึงเงินคืนเข้าบัญชีหลักได้ทันที 100% เมื่อถึงกำหนดจ่ายค่าเช่าหรือบิล",0.06,MODERATE,FLEXIBLE,7440.0,3480.0,2080.0,2700.0,13000.0,0.2657,0.1243,0.0743,ผ่อนห้องชุดคอนโดมิเนียม,ผ่อนบัตรเครดิต & สินเชื่อ
ACC_0552,USER_0042,36000.0,629.39,5922.2,0.1645,0.1914,2949.48,0,0,Paycheck-to-Paycheck Spender,มนุษย์เงินเดือนชนเดือน (สภาพคล่องจำกัดปลายเดือน),"First Jobber รายได้ 18,000–35,000 บาท ใช้ชีวิตเดือนชนเดือน ต้องการระบบออมเงินอัตโนมัติแบบไม่ต้องจดบันทึก และสามารถดึงเงินคืนเข้าบัญชีหลักได้ทันที 100% เมื่อถึงกำหนดจ่ายค่าเช่าหรือบิล",0.06,MODERATE,FLEXIBLE,9640.0,6470.0,1380.0,1500.0,17490.0,0.2678,0.1797,0.0383,เช่าคอนโดติดรถไฟฟ้า,ผ่อนบัตรเครดิต & สินเชื่อ
ACC_0553,USER_0043,20000.0,554.81,4543.8,0.2272,0.2122,16285.02,0,1,High-Yield Seeker Novice,ผู้แสวงหาผลตอบแทนสูง (มีเงินเก็บ ต้องการดอกเบี้ยสูง),"First Jobber รายได้ 24,000–45,000 บาท มีเงินเก็บก้อนแรก 30,000–100,000 บาท มองหาผลตอบแทนดอกเบี้ยสูง ป้องกันความเสี่ยงจากการหลอกลงทุนด้วย Protected Vault Protocol",0.12,HIGH,MAXIMUM,3280.0,0.0,1080.0,5900.0,4360.0,0.164,0.0,0.054,เช่าห้องพักสไตล์มินิมอล,ไม่มีหนี้ผ่อนชำระ
ACC_0554,USER_0044,32000.0,593.95,4381.0,0.1369,0.2257,9000.07,0,0,Paycheck-to-Paycheck Spender,มนุษย์เงินเดือนชนเดือน (สภาพคล่องจำกัดปลายเดือน),"First Jobber รายได้ 18,000–35,000 บาท ใช้ชีวิตเดือนชนเดือน ต้องการระบบออมเงินอัตโนมัติแบบไม่ต้องจดบันทึก และสามารถดึงเงินคืนเข้าบัญชีหลักได้ทันที 100% เมื่อถึงกำหนดจ่ายค่าเช่าหรือบิล",0.06,MODERATE,FLEXIBLE,8670.0,4570.0,2500.0,1500.0,15740.0,0.2709,0.1428,0.0781,เช่าอพาร์ตเมนต์ชานเมือง,ผ่อนบัตรเครดิต & สินเชื่อ
ACC_0555,USER_0045,32000.0,681.27,3894.6,0.1217,0.2552,13485.35,0,0,Paycheck-to-Paycheck Spender,มนุษย์เงินเดือนชนเดือน (สภาพคล่องจำกัดปลายเดือน),"First Jobber รายได้ 18,000–35,000 บาท ใช้ชีวิตเดือนชนเดือน ต้องการระบบออมเงินอัตโนมัติแบบไม่ต้องจดบันทึก และสามารถดึงเงินคืนเข้าบัญชีหลักได้ทันที 100% เมื่อถึงกำหนดจ่ายค่าเช่าหรือบิล",0.06,MODERATE,FLEXIBLE,7140.0,5350.0,1990.0,2800.0,14480.0,0.2231,0.1672,0.0622,เช่าคอนโดติดรถไฟฟ้า,ผ่อนค่างวดรถมอเตอร์ไซค์
ACC_0556,USER_0046,28000.0,571.24,2695.2,0.0963,0.2158,15282.06,0,0,Paycheck-to-Paycheck Spender,มนุษย์เงินเดือนชนเดือน (สภาพคล่องจำกัดปลายเดือน),"First Jobber รายได้ 18,000–35,000 บาท ใช้ชีวิตเดือนชนเดือน ต้องการระบบออมเงินอัตโนมัติแบบไม่ต้องจดบันทึก และสามารถดึงเงินคืนเข้าบัญชีหลักได้ทันที 100% เมื่อถึงกำหนดจ่ายค่าเช่าหรือบิล",0.06,MODERATE,FLEXIBLE,8460.0,3170.0,2250.0,2600.0,13880.0,0.3021,0.1132,0.0804,เช่าอพาร์ตเมนต์ชานเมือง,ผ่อนหนี้ กยศ.
ACC_0557,USER_0047,36000.0,580.43,6711.4,0.1864,0.2215,16553.11,0,0,Paycheck-to-Paycheck Spender,มนุษย์เงินเดือนชนเดือน (สภาพคล่องจำกัดปลายเดือน),"First Jobber รายได้ 18,000–35,000 บาท ใช้ชีวิตเดือนชนเดือน ต้องการระบบออมเงินอัตโนมัติแบบไม่ต้องจดบันทึก และสามารถดึงเงินคืนเข้าบัญชีหลักได้ทันที 100% เมื่อถึงกำหนดจ่ายค่าเช่าหรือบิล",0.06,MODERATE,FLEXIBLE,11490.0,3600.0,2590.0,1700.0,17680.0,0.3192,0.1,0.0719,เช่าอพาร์ตเมนต์ชานเมือง,ผ่อนหนี้ กยศ.
ACC_0558,USER_0048,24000.0,609.46,7050.8,0.2938,0.2578,3944.44,0,1,High-Yield Seeker Novice,ผู้แสวงหาผลตอบแทนสูง (มีเงินเก็บ ต้องการดอกเบี้ยสูง),"First Jobber รายได้ 24,000–45,000 บาท มีเงินเก็บก้อนแรก 30,000–100,000 บาท มองหาผลตอบแทนดอกเบี้ยสูง ป้องกันความเสี่ยงจากการหลอกลงทุนด้วย Protected Vault Protocol",0.12,HIGH,MAXIMUM,3440.0,0.0,1320.0,4900.0,4760.0,0.1433,0.0,0.055,เช่าห้องพักสไตล์มินิมอล,ไม่มีหนี้ผ่อนชำระ
ACC_0559,USER_0049,36000.0,618.64,5187.2,0.1441,0.2469,10924.36,0,0,Paycheck-to-Paycheck Spender,มนุษย์เงินเดือนชนเดือน (สภาพคล่องจำกัดปลายเดือน),"First Jobber รายได้ 18,000–35,000 บาท ใช้ชีวิตเดือนชนเดือน ต้องการระบบออมเงินอัตโนมัติแบบไม่ต้องจดบันทึก และสามารถดึงเงินคืนเข้าบัญชีหลักได้ทันที 100% เมื่อถึงกำหนดจ่ายค่าเช่าหรือบิล",0.06,MODERATE,FLEXIBLE,10630.0,5650.0,2160.0,3000.0,18440.0,0.2953,0.1569,0.06,ผ่อนห้องชุดคอนโดมิเนียม,ผ่อนสมาร์ตโฟน & แท็บเล็ต
ACC_0560,USER_0050,36000.0,621.09,8718.2,0.2422,0.2838,15279.58,0,0,Paycheck-to-Paycheck Spender,มนุษย์เงินเดือนชนเดือน (สภาพคล่องจำกัดปลายเดือน),"First Jobber รายได้ 18,000–35,000 บาท ใช้ชีวิตเดือนชนเดือน ต้องการระบบออมเงินอัตโนมัติแบบไม่ต้องจดบันทึก และสามารถดึงเงินคืนเข้าบัญชีหลักได้ทันที 100% เมื่อถึงกำหนดจ่ายค่าเช่าหรือบิล",0.06,MODERATE,FLEXIBLE,8300.0,4320.0,2240.0,2100.0,14860.0,0.2306,0.12,0.0622,เช่าอพาร์ตเมนต์ชานเมือง,ผ่อนหนี้ กยศ.
ACC_0561,USER_0051,20000.0,630.72,3545.6,0.1773,0.1649,17282.97,0,1,High-Yield Seeker Novice,ผู้แสวงหาผลตอบแทนสูง (มีเงินเก็บ ต้องการดอกเบี้ยสูง),"First Jobber รายได้ 24,000–45,000 บาท มีเงินเก็บก้อนแรก 30,000–100,000 บาท มองหาผลตอบแทนดอกเบี้ยสูง ป้องกันความเสี่ยงจากการหลอกลงทุนด้วย Protected Vault Protocol",0.12,HIGH,MAXIMUM,2910.0,0.0,930.0,8900.0,3840.0,0.1455,0.0,0.0465,เช่าห้องพักสไตล์มินิมอล,ไม่มีหนี้ผ่อนชำระ
ACC_0562,USER_0052,28000.0,637.32,3453.6,0.1233,0.1736,2570.39,0,0,Paycheck-to-Paycheck Spender,มนุษย์เงินเดือนชนเดือน (สภาพคล่องจำกัดปลายเดือน),"First Jobber รายได้ 18,000–35,000 บาท ใช้ชีวิตเดือนชนเดือน ต้องการระบบออมเงินอัตโนมัติแบบไม่ต้องจดบันทึก และสามารถดึงเงินคืนเข้าบัญชีหลักได้ทันที 100% เมื่อถึงกำหนดจ่ายค่าเช่าหรือบิล",0.06,MODERATE,FLEXIBLE,8110.0,2260.0,1430.0,3200.0,11800.0,0.2896,0.0807,0.0511,เช่าอพาร์ตเมนต์ชานเมือง,ผ่อนค่างวดรถมอเตอร์ไซค์
ACC_0563,USER_0053,28000.0,664.2,2026.0,0.0724,0.2227,14913.45,0,0,Paycheck-to-Paycheck Spender,มนุษย์เงินเดือนชนเดือน (สภาพคล่องจำกัดปลายเดือน),"First Jobber รายได้ 18,000–35,000 บาท ใช้ชีวิตเดือนชนเดือน ต้องการระบบออมเงินอัตโนมัติแบบไม่ต้องจดบันทึก และสามารถดึงเงินคืนเข้าบัญชีหลักได้ทันที 100% เมื่อถึงกำหนดจ่ายค่าเช่าหรือบิล",0.06,MODERATE,FLEXIBLE,6480.0,4600.0,1610.0,2500.0,12690.0,0.2314,0.1643,0.0575,เช่าอพาร์ตเมนต์ชานเมือง,ผ่อนสมาร์ตโฟน & แท็บเล็ต
ACC_0564,USER_0054,32000.0,566.37,5102.6,0.1595,0.2022,6836.79,0,0,Paycheck-to-Paycheck Spender,มนุษย์เงินเดือนชนเดือน (สภาพคล่องจำกัดปลายเดือน),"First Jobber รายได้ 18,000–35,000 บาท ใช้ชีวิตเดือนชนเดือน ต้องการระบบออมเงินอัตโนมัติแบบไม่ต้องจดบันทึก และสามารถดึงเงินคืนเข้าบัญชีหลักได้ทันที 100% เมื่อถึงกำหนดจ่ายค่าเช่าหรือบิล",0.06,MODERATE,FLEXIBLE,9310.0,4690.0,1570.0,3200.0,15570.0,0.2909,0.1466,0.0491,ผ่อนห้องชุดคอนโดมิเนียม,ผ่อนค่างวดรถมอเตอร์ไซค์
ACC_0565,USER_0055,24000.0,573.3,2614.0,0.1089,0.2168,13252.99,0,0,Paycheck-to-Paycheck Spender,มนุษย์เงินเดือนชนเดือน (สภาพคล่องจำกัดปลายเดือน),"First Jobber รายได้ 18,000–35,000 บาท ใช้ชีวิตเดือนชนเดือน ต้องการระบบออมเงินอัตโนมัติแบบไม่ต้องจดบันทึก และสามารถดึงเงินคืนเข้าบัญชีหลักได้ทันที 100% เมื่อถึงกำหนดจ่ายค่าเช่าหรือบิล",0.06,MODERATE,FLEXIBLE,5980.0,2290.0,1650.0,1500.0,9920.0,0.2492,0.0954,0.0688,ผ่อนห้องชุดคอนโดมิเนียม,ผ่อนบัตรเครดิต & สินเชื่อ
ACC_0566,USER_0056,24000.0,537.15,7267.0,0.3028,0.2243,12279.37,0,1,High-Yield Seeker Novice,ผู้แสวงหาผลตอบแทนสูง (มีเงินเก็บ ต้องการดอกเบี้ยสูง),"First Jobber รายได้ 24,000–45,000 บาท มีเงินเก็บก้อนแรก 30,000–100,000 บาท มองหาผลตอบแทนดอกเบี้ยสูง ป้องกันความเสี่ยงจากการหลอกลงทุนด้วย Protected Vault Protocol",0.12,HIGH,MAXIMUM,4980.0,0.0,1010.0,4700.0,5990.0,0.2075,0.0,0.0421,เช่าอพาร์ตเมนต์ราคาประหยัด,ไม่มีหนี้ผ่อนชำระ
ACC_0567,USER_0057,28000.0,546.6,4398.0,0.1571,0.2374,6876.51,0,0,Paycheck-to-Paycheck Spender,มนุษย์เงินเดือนชนเดือน (สภาพคล่องจำกัดปลายเดือน),"First Jobber รายได้ 18,000–35,000 บาท ใช้ชีวิตเดือนชนเดือน ต้องการระบบออมเงินอัตโนมัติแบบไม่ต้องจดบันทึก และสามารถดึงเงินคืนเข้าบัญชีหลักได้ทันที 100% เมื่อถึงกำหนดจ่ายค่าเช่าหรือบิล",0.06,MODERATE,FLEXIBLE,7160.0,4050.0,1460.0,3300.0,12670.0,0.2557,0.1446,0.0521,ผ่อนห้องชุดคอนโดมิเนียม,ผ่อนค่างวดรถมอเตอร์ไซค์
ACC_0568,USER_0058,36000.0,633.13,6697.4,0.186,0.2531,6921.78,0,0,Paycheck-to-Paycheck Spender,มนุษย์เงินเดือนชนเดือน (สภาพคล่องจำกัดปลายเดือน),"First Jobber รายได้ 18,000–35,000 บาท ใช้ชีวิตเดือนชนเดือน ต้องการระบบออมเงินอัตโนมัติแบบไม่ต้องจดบันทึก และสามารถดึงเงินคืนเข้าบัญชีหลักได้ทันที 100% เมื่อถึงกำหนดจ่ายค่าเช่าหรือบิล",0.06,MODERATE,FLEXIBLE,9540.0,4990.0,2110.0,1600.0,16640.0,0.265,0.1386,0.0586,เช่าอพาร์ตเมนต์ชานเมือง,ผ่อนสมาร์ตโฟน & แท็บเล็ต
ACC_0569,USER_0059,24000.0,602.32,6623.6,0.276,0.2398,16017.81,0,1,High-Yield Seeker Novice,ผู้แสวงหาผลตอบแทนสูง (มีเงินเก็บ ต้องการดอกเบี้ยสูง),"First Jobber รายได้ 24,000–45,000 บาท มีเงินเก็บก้อนแรก 30,000–100,000 บาท มองหาผลตอบแทนดอกเบี้ยสูง ป้องกันความเสี่ยงจากการหลอกลงทุนด้วย Protected Vault Protocol",0.12,HIGH,MAXIMUM,4250.0,0.0,1080.0,6100.0,5330.0,0.1771,0.0,0.045,พักกับครอบครัว/ที่บ้าน,ไม่มีหนี้ผ่อนชำระ
ACC_0570,USER_0060,20000.0,607.84,2783.2,0.1392,0.2331,9233.45,0,1,High-Yield Seeker Novice,ผู้แสวงหาผลตอบแทนสูง (มีเงินเก็บ ต้องการดอกเบี้ยสูง),"First Jobber รายได้ 24,000–45,000 บาท มีเงินเก็บก้อนแรก 30,000–100,000 บาท มองหาผลตอบแทนดอกเบี้ยสูง ป้องกันความเสี่ยงจากการหลอกลงทุนด้วย Protected Vault Protocol",0.12,HIGH,MAXIMUM,3630.0,0.0,1430.0,6000.0,5060.0,0.1815,0.0,0.0715,เช่าอพาร์ตเมนต์ราคาประหยัด,ไม่มีหนี้ผ่อนชำระ
ACC_0571,USER_0061,32000.0,572.95,5241.0,0.1638,0.2057,4702.01,0,0,Paycheck-to-Paycheck Spender,มนุษย์เงินเดือนชนเดือน (สภาพคล่องจำกัดปลายเดือน),"First Jobber รายได้ 18,000–35,000 บาท ใช้ชีวิตเดือนชนเดือน ต้องการระบบออมเงินอัตโนมัติแบบไม่ต้องจดบันทึก และสามารถดึงเงินคืนเข้าบัญชีหลักได้ทันที 100% เมื่อถึงกำหนดจ่ายค่าเช่าหรือบิล",0.06,MODERATE,FLEXIBLE,7550.0,5380.0,2370.0,2900.0,15300.0,0.2359,0.1681,0.0741,เช่าคอนโดติดรถไฟฟ้า,ผ่อนค่างวดรถมอเตอร์ไซค์
ACC_0572,USER_0062,28000.0,670.92,3211.6,0.1147,0.218,10186.16,0,0,Paycheck-to-Paycheck Spender,มนุษย์เงินเดือนชนเดือน (สภาพคล่องจำกัดปลายเดือน),"First Jobber รายได้ 18,000–35,000 บาท ใช้ชีวิตเดือนชนเดือน ต้องการระบบออมเงินอัตโนมัติแบบไม่ต้องจดบันทึก และสามารถดึงเงินคืนเข้าบัญชีหลักได้ทันที 100% เมื่อถึงกำหนดจ่ายค่าเช่าหรือบิล",0.06,MODERATE,FLEXIBLE,7290.0,2530.0,1550.0,3100.0,11370.0,0.2604,0.0904,0.0554,เช่าอพาร์ตเมนต์ชานเมือง,ผ่อนค่างวดรถมอเตอร์ไซค์
ACC_0573,USER_0063,32000.0,581.58,3938.4,0.1231,0.266,9512.64,0,0,Paycheck-to-Paycheck Spender,มนุษย์เงินเดือนชนเดือน (สภาพคล่องจำกัดปลายเดือน),"First Jobber รายได้ 18,000–35,000 บาท ใช้ชีวิตเดือนชนเดือน ต้องการระบบออมเงินอัตโนมัติแบบไม่ต้องจดบันทึก และสามารถดึงเงินคืนเข้าบัญชีหลักได้ทันที 100% เมื่อถึงกำหนดจ่ายค่าเช่าหรือบิล",0.06,MODERATE,FLEXIBLE,8940.0,5430.0,2060.0,2400.0,16430.0,0.2794,0.1697,0.0644,เช่าอพาร์ตเมนต์ชานเมือง,ผ่อนบัตรเครดิต & สินเชื่อ
ACC_0574,USER_0064,28000.0,662.49,980.2,0.035,0.2736,10920.9,0,0,Paycheck-to-Paycheck Spender,มนุษย์เงินเดือนชนเดือน (สภาพคล่องจำกัดปลายเดือน),"First Jobber รายได้ 18,000–35,000 บาท ใช้ชีวิตเดือนชนเดือน ต้องการระบบออมเงินอัตโนมัติแบบไม่ต้องจดบันทึก และสามารถดึงเงินคืนเข้าบัญชีหลักได้ทันที 100% เมื่อถึงกำหนดจ่ายค่าเช่าหรือบิล",0.06,MODERATE,FLEXIBLE,8790.0,2470.0,2510.0,3200.0,13770.0,0.3139,0.0882,0.0896,ผ่อนห้องชุดคอนโดมิเนียม,ผ่อนหนี้ กยศ.
ACC_0575,USER_0065,24000.0,567.52,4769.6,0.1987,0.3006,12345.17,0,1,High-Yield Seeker Novice,ผู้แสวงหาผลตอบแทนสูง (มีเงินเก็บ ต้องการดอกเบี้ยสูง),"First Jobber รายได้ 24,000–45,000 บาท มีเงินเก็บก้อนแรก 30,000–100,000 บาท มองหาผลตอบแทนดอกเบี้ยสูง ป้องกันความเสี่ยงจากการหลอกลงทุนด้วย Protected Vault Protocol",0.12,HIGH,MAXIMUM,4440.0,2160.0,1280.0,9500.0,7880.0,0.185,0.09,0.0533,เช่าอพาร์ตเมนต์ราคาประหยัด,ผ่อนสมาร์ตโฟน 0%
ACC_0576,USER_0066,32000.0,640.66,4506.8,0.1408,0.2795,12140.17,0,0,Paycheck-to-Paycheck Spender,มนุษย์เงินเดือนชนเดือน (สภาพคล่องจำกัดปลายเดือน),"First Jobber รายได้ 18,000–35,000 บาท ใช้ชีวิตเดือนชนเดือน ต้องการระบบออมเงินอัตโนมัติแบบไม่ต้องจดบันทึก และสามารถดึงเงินคืนเข้าบัญชีหลักได้ทันที 100% เมื่อถึงกำหนดจ่ายค่าเช่าหรือบิล",0.06,MODERATE,FLEXIBLE,8390.0,3770.0,2520.0,2900.0,14680.0,0.2622,0.1178,0.0788,เช่าคอนโดติดรถไฟฟ้า,ผ่อนสมาร์ตโฟน & แท็บเล็ต
ACC_0577,USER_0067,20000.0,557.06,4438.8,0.2219,0.1738,13359.43,0,1,High-Yield Seeker Novice,ผู้แสวงหาผลตอบแทนสูง (มีเงินเก็บ ต้องการดอกเบี้ยสูง),"First Jobber รายได้ 24,000–45,000 บาท มีเงินเก็บก้อนแรก 30,000–100,000 บาท มองหาผลตอบแทนดอกเบี้ยสูง ป้องกันความเสี่ยงจากการหลอกลงทุนด้วย Protected Vault Protocol",0.12,HIGH,MAXIMUM,2870.0,0.0,1550.0,9100.0,4420.0,0.1435,0.0,0.0775,เช่าอพาร์ตเมนต์ราคาประหยัด,ไม่มีหนี้ผ่อนชำระ
ACC_0578,USER_0068,32000.0,691.61,5797.8,0.1812,0.2699,16061.03,0,0,Paycheck-to-Paycheck Spender,มนุษย์เงินเดือนชนเดือน (สภาพคล่องจำกัดปลายเดือน),"First Jobber รายได้ 18,000–35,000 บาท ใช้ชีวิตเดือนชนเดือน ต้องการระบบออมเงินอัตโนมัติแบบไม่ต้องจดบันทึก และสามารถดึงเงินคืนเข้าบัญชีหลักได้ทันที 100% เมื่อถึงกำหนดจ่ายค่าเช่าหรือบิล",0.06,MODERATE,FLEXIBLE,7050.0,3090.0,2230.0,2800.0,12370.0,0.2203,0.0966,0.0697,เช่าคอนโดติดรถไฟฟ้า,ผ่อนค่างวดรถมอเตอร์ไซค์
ACC_0579,USER_0069,28000.0,620.73,850.0,0.0304,0.2781,8653.19,0,0,Paycheck-to-Paycheck Spender,มนุษย์เงินเดือนชนเดือน (สภาพคล่องจำกัดปลายเดือน),"First Jobber รายได้ 18,000–35,000 บาท ใช้ชีวิตเดือนชนเดือน ต้องการระบบออมเงินอัตโนมัติแบบไม่ต้องจดบันทึก และสามารถดึงเงินคืนเข้าบัญชีหลักได้ทันที 100% เมื่อถึงกำหนดจ่ายค่าเช่าหรือบิล",0.06,MODERATE,FLEXIBLE,8290.0,4900.0,2210.0,2100.0,15400.0,0.2961,0.175,0.0789,เช่าคอนโดติดรถไฟฟ้า,ผ่อนค่างวดรถมอเตอร์ไซค์
ACC_0580,USER_0070,28000.0,561.11,3027.8,0.1081,0.2697,14222.08,0,0,Paycheck-to-Paycheck Spender,มนุษย์เงินเดือนชนเดือน (สภาพคล่องจำกัดปลายเดือน),"First Jobber รายได้ 18,000–35,000 บาท ใช้ชีวิตเดือนชนเดือน ต้องการระบบออมเงินอัตโนมัติแบบไม่ต้องจดบันทึก และสามารถดึงเงินคืนเข้าบัญชีหลักได้ทันที 100% เมื่อถึงกำหนดจ่ายค่าเช่าหรือบิล",0.06,MODERATE,FLEXIBLE,8350.0,4040.0,1360.0,2200.0,13750.0,0.2982,0.1443,0.0486,ผ่อนห้องชุดคอนโดมิเนียม,ผ่อนค่างวดรถมอเตอร์ไซค์
ACC_0581,USER_0071,32000.0,637.3,3924.0,0.1226,0.1937,3875.19,0,0,Paycheck-to-Paycheck Spender,มนุษย์เงินเดือนชนเดือน (สภาพคล่องจำกัดปลายเดือน),"First Jobber รายได้ 18,000–35,000 บาท ใช้ชีวิตเดือนชนเดือน ต้องการระบบออมเงินอัตโนมัติแบบไม่ต้องจดบันทึก และสามารถดึงเงินคืนเข้าบัญชีหลักได้ทันที 100% เมื่อถึงกำหนดจ่ายค่าเช่าหรือบิล",0.06,MODERATE,FLEXIBLE,9810.0,4080.0,1440.0,2800.0,15330.0,0.3066,0.1275,0.045,ผ่อนห้องชุดคอนโดมิเนียม,ผ่อนค่างวดรถมอเตอร์ไซค์
ACC_0582,USER_0072,32000.0,638.68,5326.4,0.1664,0.2109,15608.81,0,0,Paycheck-to-Paycheck Spender,มนุษย์เงินเดือนชนเดือน (สภาพคล่องจำกัดปลายเดือน),"First Jobber รายได้ 18,000–35,000 บาท ใช้ชีวิตเดือนชนเดือน ต้องการระบบออมเงินอัตโนมัติแบบไม่ต้องจดบันทึก และสามารถดึงเงินคืนเข้าบัญชีหลักได้ทันที 100% เมื่อถึงกำหนดจ่ายค่าเช่าหรือบิล",0.06,MODERATE,FLEXIBLE,7050.0,5310.0,1540.0,2600.0,13900.0,0.2203,0.1659,0.0481,ผ่อนห้องชุดคอนโดมิเนียม,ผ่อนสมาร์ตโฟน & แท็บเล็ต
ACC_0583,USER_0073,28000.0,645.23,2355.4,0.0841,0.2815,4060.43,0,0,Paycheck-to-Paycheck Spender,มนุษย์เงินเดือนชนเดือน (สภาพคล่องจำกัดปลายเดือน),"First Jobber รายได้ 18,000–35,000 บาท ใช้ชีวิตเดือนชนเดือน ต้องการระบบออมเงินอัตโนมัติแบบไม่ต้องจดบันทึก และสามารถดึงเงินคืนเข้าบัญชีหลักได้ทันที 100% เมื่อถึงกำหนดจ่ายค่าเช่าหรือบิล",0.06,MODERATE,FLEXIBLE,6750.0,4080.0,1910.0,3300.0,12740.0,0.2411,0.1457,0.0682,เช่าคอนโดติดรถไฟฟ้า,ผ่อนค่างวดรถมอเตอร์ไซค์
ACC_0584,USER_0074,24000.0,613.66,4796.8,0.1999,0.2086,7645.21,0,1,High-Yield Seeker Novice,ผู้แสวงหาผลตอบแทนสูง (มีเงินเก็บ ต้องการดอกเบี้ยสูง),"First Jobber รายได้ 24,000–45,000 บาท มีเงินเก็บก้อนแรก 30,000–100,000 บาท มองหาผลตอบแทนดอกเบี้ยสูง ป้องกันความเสี่ยงจากการหลอกลงทุนด้วย Protected Vault Protocol",0.12,HIGH,MAXIMUM,4660.0,1200.0,1070.0,5300.0,6930.0,0.1942,0.05,0.0446,เช่าอพาร์ตเมนต์ราคาประหยัด,ผ่อนอุปกรณ์ไอที/คอมพิวเตอร์
ACC_0585,USER_0075,20000.0,554.35,3603.0,0.1802,0.2257,6606.04,0,1,High-Yield Seeker Novice,ผู้แสวงหาผลตอบแทนสูง (มีเงินเก็บ ต้องการดอกเบี้ยสูง),"First Jobber รายได้ 24,000–45,000 บาท มีเงินเก็บก้อนแรก 30,000–100,000 บาท มองหาผลตอบแทนดอกเบี้ยสูง ป้องกันความเสี่ยงจากการหลอกลงทุนด้วย Protected Vault Protocol",0.12,HIGH,MAXIMUM,3980.0,0.0,1330.0,6700.0,5310.0,0.199,0.0,0.0665,พักกับครอบครัว/ที่บ้าน,ไม่มีหนี้ผ่อนชำระ
ACC_0586,USER_0076,36000.0,582.86,7952.8,0.2209,0.2365,4952.41,0,0,Paycheck-to-Paycheck Spender,มนุษย์เงินเดือนชนเดือน (สภาพคล่องจำกัดปลายเดือน),"First Jobber รายได้ 18,000–35,000 บาท ใช้ชีวิตเดือนชนเดือน ต้องการระบบออมเงินอัตโนมัติแบบไม่ต้องจดบันทึก และสามารถดึงเงินคืนเข้าบัญชีหลักได้ทันที 100% เมื่อถึงกำหนดจ่ายค่าเช่าหรือบิล",0.06,MODERATE,FLEXIBLE,8640.0,6080.0,1670.0,2200.0,16390.0,0.24,0.1689,0.0464,เช่าคอนโดติดรถไฟฟ้า,ผ่อนบัตรเครดิต & สินเชื่อ
ACC_0587,USER_0077,36000.0,637.7,8536.0,0.2371,0.2955,9277.5,0,0,Paycheck-to-Paycheck Spender,มนุษย์เงินเดือนชนเดือน (สภาพคล่องจำกัดปลายเดือน),"First Jobber รายได้ 18,000–35,000 บาท ใช้ชีวิตเดือนชนเดือน ต้องการระบบออมเงินอัตโนมัติแบบไม่ต้องจดบันทึก และสามารถดึงเงินคืนเข้าบัญชีหลักได้ทันที 100% เมื่อถึงกำหนดจ่ายค่าเช่าหรือบิล",0.06,MODERATE,FLEXIBLE,8320.0,4740.0,1650.0,3200.0,14710.0,0.2311,0.1317,0.0458,เช่าอพาร์ตเมนต์ชานเมือง,ผ่อนบัตรเครดิต & สินเชื่อ
ACC_0588,USER_0078,20000.0,614.68,3436.4,0.1718,0.257,5562.06,0,1,High-Yield Seeker Novice,ผู้แสวงหาผลตอบแทนสูง (มีเงินเก็บ ต้องการดอกเบี้ยสูง),"First Jobber รายได้ 24,000–45,000 บาท มีเงินเก็บก้อนแรก 30,000–100,000 บาท มองหาผลตอบแทนดอกเบี้ยสูง ป้องกันความเสี่ยงจากการหลอกลงทุนด้วย Protected Vault Protocol",0.12,HIGH,MAXIMUM,3410.0,0.0,860.0,5200.0,4270.0,0.1705,0.0,0.043,พักกับครอบครัว/ที่บ้าน,ไม่มีหนี้ผ่อนชำระ
ACC_0589,USER_0079,36000.0,553.41,9641.8,0.2678,0.2785,3503.58,0,0,Paycheck-to-Paycheck Spender,มนุษย์เงินเดือนชนเดือน (สภาพคล่องจำกัดปลายเดือน),"First Jobber รายได้ 18,000–35,000 บาท ใช้ชีวิตเดือนชนเดือน ต้องการระบบออมเงินอัตโนมัติแบบไม่ต้องจดบันทึก และสามารถดึงเงินคืนเข้าบัญชีหลักได้ทันที 100% เมื่อถึงกำหนดจ่ายค่าเช่าหรือบิล",0.06,MODERATE,FLEXIBLE,8030.0,5530.0,1730.0,3300.0,15290.0,0.2231,0.1536,0.0481,เช่าคอนโดติดรถไฟฟ้า,ผ่อนหนี้ กยศ.
ACC_0590,USER_0080,36000.0,607.42,7921.6,0.22,0.2005,15094.46,0,0,Paycheck-to-Paycheck Spender,มนุษย์เงินเดือนชนเดือน (สภาพคล่องจำกัดปลายเดือน),"First Jobber รายได้ 18,000–35,000 บาท ใช้ชีวิตเดือนชนเดือน ต้องการระบบออมเงินอัตโนมัติแบบไม่ต้องจดบันทึก และสามารถดึงเงินคืนเข้าบัญชีหลักได้ทันที 100% เมื่อถึงกำหนดจ่ายค่าเช่าหรือบิล",0.06,MODERATE,FLEXIBLE,11080.0,3030.0,1820.0,3000.0,15930.0,0.3078,0.0842,0.0506,ผ่อนห้องชุดคอนโดมิเนียม,ผ่อนค่างวดรถมอเตอร์ไซค์
ACC_0591,USER_0081,20000.0,634.91,3121.8,0.1561,0.2753,11017.72,0,1,High-Yield Seeker Novice,ผู้แสวงหาผลตอบแทนสูง (มีเงินเก็บ ต้องการดอกเบี้ยสูง),"First Jobber รายได้ 24,000–45,000 บาท มีเงินเก็บก้อนแรก 30,000–100,000 บาท มองหาผลตอบแทนดอกเบี้ยสูง ป้องกันความเสี่ยงจากการหลอกลงทุนด้วย Protected Vault Protocol",0.12,HIGH,MAXIMUM,3230.0,0.0,950.0,9200.0,4180.0,0.1615,0.0,0.0475,พักกับครอบครัว/ที่บ้าน,ไม่มีหนี้ผ่อนชำระ
ACC_0592,USER_0082,28000.0,613.24,2775.2,0.0991,0.2405,4044.68,0,0,Paycheck-to-Paycheck Spender,มนุษย์เงินเดือนชนเดือน (สภาพคล่องจำกัดปลายเดือน),"First Jobber รายได้ 18,000–35,000 บาท ใช้ชีวิตเดือนชนเดือน ต้องการระบบออมเงินอัตโนมัติแบบไม่ต้องจดบันทึก และสามารถดึงเงินคืนเข้าบัญชีหลักได้ทันที 100% เมื่อถึงกำหนดจ่ายค่าเช่าหรือบิล",0.06,MODERATE,FLEXIBLE,6210.0,4400.0,2350.0,1700.0,12960.0,0.2218,0.1571,0.0839,เช่าอพาร์ตเมนต์ชานเมือง,ผ่อนหนี้ กยศ.
ACC_0593,USER_0083,36000.0,626.15,9247.0,0.2569,0.1898,3886.42,0,0,Paycheck-to-Paycheck Spender,มนุษย์เงินเดือนชนเดือน (สภาพคล่องจำกัดปลายเดือน),"First Jobber รายได้ 18,000–35,000 บาท ใช้ชีวิตเดือนชนเดือน ต้องการระบบออมเงินอัตโนมัติแบบไม่ต้องจดบันทึก และสามารถดึงเงินคืนเข้าบัญชีหลักได้ทันที 100% เมื่อถึงกำหนดจ่ายค่าเช่าหรือบิล",0.06,MODERATE,FLEXIBLE,7980.0,3940.0,2310.0,2500.0,14230.0,0.2217,0.1094,0.0642,เช่าคอนโดติดรถไฟฟ้า,ผ่อนสมาร์ตโฟน & แท็บเล็ต
ACC_0594,USER_0084,32000.0,614.24,4305.2,0.1345,0.1863,5584.28,0,0,Paycheck-to-Paycheck Spender,มนุษย์เงินเดือนชนเดือน (สภาพคล่องจำกัดปลายเดือน),"First Jobber รายได้ 18,000–35,000 บาท ใช้ชีวิตเดือนชนเดือน ต้องการระบบออมเงินอัตโนมัติแบบไม่ต้องจดบันทึก และสามารถดึงเงินคืนเข้าบัญชีหลักได้ทันที 100% เมื่อถึงกำหนดจ่ายค่าเช่าหรือบิล",0.06,MODERATE,FLEXIBLE,8870.0,4380.0,2160.0,2600.0,15410.0,0.2772,0.1369,0.0675,ผ่อนห้องชุดคอนโดมิเนียม,ผ่อนหนี้ กยศ.
ACC_0595,USER_0085,24000.0,595.74,5075.2,0.2115,0.2645,10326.3,0,1,High-Yield Seeker Novice,ผู้แสวงหาผลตอบแทนสูง (มีเงินเก็บ ต้องการดอกเบี้ยสูง),"First Jobber รายได้ 24,000–45,000 บาท มีเงินเก็บก้อนแรก 30,000–100,000 บาท มองหาผลตอบแทนดอกเบี้ยสูง ป้องกันความเสี่ยงจากการหลอกลงทุนด้วย Protected Vault Protocol",0.12,HIGH,MAXIMUM,3410.0,2160.0,1440.0,8800.0,7010.0,0.1421,0.09,0.06,เช่าห้องพักสไตล์มินิมอล,ผ่อนอุปกรณ์ไอที/คอมพิวเตอร์
ACC_0596,USER_0086,24000.0,540.99,5990.2,0.2496,0.2156,4412.6,0,1,High-Yield Seeker Novice,ผู้แสวงหาผลตอบแทนสูง (มีเงินเก็บ ต้องการดอกเบี้ยสูง),"First Jobber รายได้ 24,000–45,000 บาท มีเงินเก็บก้อนแรก 30,000–100,000 บาท มองหาผลตอบแทนดอกเบี้ยสูง ป้องกันความเสี่ยงจากการหลอกลงทุนด้วย Protected Vault Protocol",0.12,HIGH,MAXIMUM,3650.0,2160.0,1380.0,9700.0,7190.0,0.1521,0.09,0.0575,พักกับครอบครัว/ที่บ้าน,ผ่อนอุปกรณ์ไอที/คอมพิวเตอร์
ACC_0597,USER_0087,36000.0,584.67,9426.6,0.2619,0.2073,13337.38,0,0,Paycheck-to-Paycheck Spender,มนุษย์เงินเดือนชนเดือน (สภาพคล่องจำกัดปลายเดือน),"First Jobber รายได้ 18,000–35,000 บาท ใช้ชีวิตเดือนชนเดือน ต้องการระบบออมเงินอัตโนมัติแบบไม่ต้องจดบันทึก และสามารถดึงเงินคืนเข้าบัญชีหลักได้ทันที 100% เมื่อถึงกำหนดจ่ายค่าเช่าหรือบิล",0.06,MODERATE,FLEXIBLE,9620.0,3090.0,2170.0,2700.0,14880.0,0.2672,0.0858,0.0603,เช่าคอนโดติดรถไฟฟ้า,ผ่อนหนี้ กยศ.
ACC_0598,USER_0088,24000.0,554.85,4613.0,0.1922,0.193,14774.7,0,1,High-Yield Seeker Novice,ผู้แสวงหาผลตอบแทนสูง (มีเงินเก็บ ต้องการดอกเบี้ยสูง),"First Jobber รายได้ 24,000–45,000 บาท มีเงินเก็บก้อนแรก 30,000–100,000 บาท มองหาผลตอบแทนดอกเบี้ยสูง ป้องกันความเสี่ยงจากการหลอกลงทุนด้วย Protected Vault Protocol",0.12,HIGH,MAXIMUM,4870.0,2160.0,1260.0,9800.0,8290.0,0.2029,0.09,0.0525,พักกับครอบครัว/ที่บ้าน,ผ่อนสมาร์ตโฟน 0%
ACC_0599,USER_0089,36000.0,641.46,6910.8,0.192,0.2874,13230.77,0,0,Paycheck-to-Paycheck Spender,มนุษย์เงินเดือนชนเดือน (สภาพคล่องจำกัดปลายเดือน),"First Jobber รายได้ 18,000–35,000 บาท ใช้ชีวิตเดือนชนเดือน ต้องการระบบออมเงินอัตโนมัติแบบไม่ต้องจดบันทึก และสามารถดึงเงินคืนเข้าบัญชีหลักได้ทันที 100% เมื่อถึงกำหนดจ่ายค่าเช่าหรือบิล",0.06,MODERATE,FLEXIBLE,8660.0,5490.0,2110.0,3300.0,16260.0,0.2406,0.1525,0.0586,เช่าคอนโดติดรถไฟฟ้า,ผ่อนสมาร์ตโฟน & แท็บเล็ต
ACC_0600,USER_0090,20000.0,682.37,1462.6,0.0731,0.2155,2517.88,0,1,High-Yield Seeker Novice,ผู้แสวงหาผลตอบแทนสูง (มีเงินเก็บ ต้องการดอกเบี้ยสูง),"First Jobber รายได้ 24,000–45,000 บาท มีเงินเก็บก้อนแรก 30,000–100,000 บาท มองหาผลตอบแทนดอกเบี้ยสูง ป้องกันความเสี่ยงจากการหลอกลงทุนด้วย Protected Vault Protocol",0.12,HIGH,MAXIMUM,3300.0,0.0,1590.0,7400.0,4890.0,0.165,0.0,0.0795,เช่าอพาร์ตเมนต์ราคาประหยัด,ไม่มีหนี้ผ่อนชำระ
ACC_0601,USER_0091,32000.0,564.01,6189.8,0.1934,0.2859,4217.71,0,0,Paycheck-to-Paycheck Spender,มนุษย์เงินเดือนชนเดือน (สภาพคล่องจำกัดปลายเดือน),"First Jobber รายได้ 18,000–35,000 บาท ใช้ชีวิตเดือนชนเดือน ต้องการระบบออมเงินอัตโนมัติแบบไม่ต้องจดบันทึก และสามารถดึงเงินคืนเข้าบัญชีหลักได้ทันที 100% เมื่อถึงกำหนดจ่ายค่าเช่าหรือบิล",0.06,MODERATE,FLEXIBLE,7560.0,4620.0,2350.0,3400.0,14530.0,0.2362,0.1444,0.0734,เช่าอพาร์ตเมนต์ชานเมือง,ผ่อนค่างวดรถมอเตอร์ไซค์
ACC_0602,USER_0092,32000.0,577.47,5430.6,0.1697,0.2468,9536.64,0,0,Paycheck-to-Paycheck Spender,มนุษย์เงินเดือนชนเดือน (สภาพคล่องจำกัดปลายเดือน),"First Jobber รายได้ 18,000–35,000 บาท ใช้ชีวิตเดือนชนเดือน ต้องการระบบออมเงินอัตโนมัติแบบไม่ต้องจดบันทึก และสามารถดึงเงินคืนเข้าบัญชีหลักได้ทันที 100% เมื่อถึงกำหนดจ่ายค่าเช่าหรือบิล",0.06,MODERATE,FLEXIBLE,9360.0,4280.0,1380.0,2900.0,15020.0,0.2925,0.1338,0.0431,เช่าอพาร์ตเมนต์ชานเมือง,ผ่อนบัตรเครดิต & สินเชื่อ
ACC_0603,USER_0093,20000.0,647.18,1746.4,0.0873,0.2868,3032.03,0,1,High-Yield Seeker Novice,ผู้แสวงหาผลตอบแทนสูง (มีเงินเก็บ ต้องการดอกเบี้ยสูง),"First Jobber รายได้ 24,000–45,000 บาท มีเงินเก็บก้อนแรก 30,000–100,000 บาท มองหาผลตอบแทนดอกเบี้ยสูง ป้องกันความเสี่ยงจากการหลอกลงทุนด้วย Protected Vault Protocol",0.12,HIGH,MAXIMUM,4290.0,0.0,1020.0,4700.0,5310.0,0.2145,0.0,0.051,เช่าห้องพักสไตล์มินิมอล,ไม่มีหนี้ผ่อนชำระ
ACC_0604,USER_0094,20000.0,629.01,2059.8,0.103,0.2197,6671.92,0,1,High-Yield Seeker Novice,ผู้แสวงหาผลตอบแทนสูง (มีเงินเก็บ ต้องการดอกเบี้ยสูง),"First Jobber รายได้ 24,000–45,000 บาท มีเงินเก็บก้อนแรก 30,000–100,000 บาท มองหาผลตอบแทนดอกเบี้ยสูง ป้องกันความเสี่ยงจากการหลอกลงทุนด้วย Protected Vault Protocol",0.12,HIGH,MAXIMUM,4330.0,0.0,1030.0,7300.0,5360.0,0.2165,0.0,0.0515,เช่าห้องพักสไตล์มินิมอล,ไม่มีหนี้ผ่อนชำระ
ACC_0605,USER_0095,20000.0,598.3,1144.0,0.0572,0.2141,7850.56,0,1,High-Yield Seeker Novice,ผู้แสวงหาผลตอบแทนสูง (มีเงินเก็บ ต้องการดอกเบี้ยสูง),"First Jobber รายได้ 24,000–45,000 บาท มีเงินเก็บก้อนแรก 30,000–100,000 บาท มองหาผลตอบแทนดอกเบี้ยสูง ป้องกันความเสี่ยงจากการหลอกลงทุนด้วย Protected Vault Protocol",0.12,HIGH,MAXIMUM,4340.0,1000.0,1550.0,8700.0,6890.0,0.217,0.05,0.0775,พักกับครอบครัว/ที่บ้าน,ผ่อนอุปกรณ์ไอที/คอมพิวเตอร์
ACC_0606,USER_0096,24000.0,599.79,7024.2,0.2927,0.1925,5814.13,0,1,High-Yield Seeker Novice,ผู้แสวงหาผลตอบแทนสูง (มีเงินเก็บ ต้องการดอกเบี้ยสูง),"First Jobber รายได้ 24,000–45,000 บาท มีเงินเก็บก้อนแรก 30,000–100,000 บาท มองหาผลตอบแทนดอกเบี้ยสูง ป้องกันความเสี่ยงจากการหลอกลงทุนด้วย Protected Vault Protocol",0.12,HIGH,MAXIMUM,3710.0,0.0,1270.0,9300.0,4980.0,0.1546,0.0,0.0529,เช่าห้องพักสไตล์มินิมอล,ไม่มีหนี้ผ่อนชำระ
ACC_0607,USER_0097,28000.0,584.78,2824.4,0.1009,0.2013,16786.31,0,0,Paycheck-to-Paycheck Spender,มนุษย์เงินเดือนชนเดือน (สภาพคล่องจำกัดปลายเดือน),"First Jobber รายได้ 18,000–35,000 บาท ใช้ชีวิตเดือนชนเดือน ต้องการระบบออมเงินอัตโนมัติแบบไม่ต้องจดบันทึก และสามารถดึงเงินคืนเข้าบัญชีหลักได้ทันที 100% เมื่อถึงกำหนดจ่ายค่าเช่าหรือบิล",0.06,MODERATE,FLEXIBLE,6300.0,4600.0,2580.0,3100.0,13480.0,0.225,0.1643,0.0921,ผ่อนห้องชุดคอนโดมิเนียม,ผ่อนหนี้ กยศ.
ACC_0608,USER_0098,36000.0,605.27,7204.6,0.2001,0.2741,13364.31,0,0,Paycheck-to-Paycheck Spender,มนุษย์เงินเดือนชนเดือน (สภาพคล่องจำกัดปลายเดือน),"First Jobber รายได้ 18,000–35,000 บาท ใช้ชีวิตเดือนชนเดือน ต้องการระบบออมเงินอัตโนมัติแบบไม่ต้องจดบันทึก และสามารถดึงเงินคืนเข้าบัญชีหลักได้ทันที 100% เมื่อถึงกำหนดจ่ายค่าเช่าหรือบิล",0.06,MODERATE,FLEXIBLE,8790.0,6340.0,1560.0,3400.0,16690.0,0.2442,0.1761,0.0433,ผ่อนห้องชุดคอนโดมิเนียม,ผ่อนสมาร์ตโฟน & แท็บเล็ต
ACC_0609,USER_0099,20000.0,607.81,3013.8,0.1507,0.2185,13854.95,0,1,High-Yield Seeker Novice,ผู้แสวงหาผลตอบแทนสูง (มีเงินเก็บ ต้องการดอกเบี้ยสูง),"First Jobber รายได้ 24,000–45,000 บาท มีเงินเก็บก้อนแรก 30,000–100,000 บาท มองหาผลตอบแทนดอกเบี้ยสูง ป้องกันความเสี่ยงจากการหลอกลงทุนด้วย Protected Vault Protocol",0.12,HIGH,MAXIMUM,3640.0,0.0,1190.0,9600.0,4830.0,0.182,0.0,0.0595,เช่าอพาร์ตเมนต์ราคาประหยัด,ไม่มีหนี้ผ่อนชำระ
ACC_0610,USER_0100,24000.0,624.73,5215.4,0.2173,0.2188,7418.7,0,1,High-Yield Seeker Novice,ผู้แสวงหาผลตอบแทนสูง (มีเงินเก็บ ต้องการดอกเบี้ยสูง),"First Jobber รายได้ 24,000–45,000 บาท มีเงินเก็บก้อนแรก 30,000–100,000 บาท มองหาผลตอบแทนดอกเบี้ยสูง ป้องกันความเสี่ยงจากการหลอกลงทุนด้วย Protected Vault Protocol",0.12,HIGH,MAXIMUM,3500.0,1200.0,1590.0,5500.0,6290.0,0.1458,0.05,0.0662,เช่าอพาร์ตเมนต์ราคาประหยัด,ผ่อนสมาร์ตโฟน 0%
ACC_0611,USER_0101,36000.0,595.56,4068.8,0.113,0.2358,6900.94,0,0,Paycheck-to-Paycheck Spender,มนุษย์เงินเดือนชนเดือน (สภาพคล่องจำกัดปลายเดือน),"First Jobber รายได้ 18,000–35,000 บาท ใช้ชีวิตเดือนชนเดือน ต้องการระบบออมเงินอัตโนมัติแบบไม่ต้องจดบันทึก และสามารถดึงเงินคืนเข้าบัญชีหลักได้ทันที 100% เมื่อถึงกำหนดจ่ายค่าเช่าหรือบิล",0.06,MODERATE,FLEXIBLE,11190.0,6280.0,2550.0,2500.0,20020.0,0.3108,0.1744,0.0708,เช่าอพาร์ตเมนต์ชานเมือง,ผ่อนสมาร์ตโฟน & แท็บเล็ต
ACC_0612,USER_0102,20000.0,594.44,2891.2,0.1446,0.2124,4295.55,0,1,High-Yield Seeker Novice,ผู้แสวงหาผลตอบแทนสูง (มีเงินเก็บ ต้องการดอกเบี้ยสูง),"First Jobber รายได้ 24,000–45,000 บาท มีเงินเก็บก้อนแรก 30,000–100,000 บาท มองหาผลตอบแทนดอกเบี้ยสูง ป้องกันความเสี่ยงจากการหลอกลงทุนด้วย Protected Vault Protocol",0.12,HIGH,MAXIMUM,4010.0,0.0,1210.0,8500.0,5220.0,0.2005,0.0,0.0605,เช่าอพาร์ตเมนต์ราคาประหยัด,ไม่มีหนี้ผ่อนชำระ
ACC_0613,USER_0103,32000.0,667.23,4525.4,0.1414,0.2975,14607.93,0,0,Paycheck-to-Paycheck Spender,มนุษย์เงินเดือนชนเดือน (สภาพคล่องจำกัดปลายเดือน),"First Jobber รายได้ 18,000–35,000 บาท ใช้ชีวิตเดือนชนเดือน ต้องการระบบออมเงินอัตโนมัติแบบไม่ต้องจดบันทึก และสามารถดึงเงินคืนเข้าบัญชีหลักได้ทันที 100% เมื่อถึงกำหนดจ่ายค่าเช่าหรือบิล",0.06,MODERATE,FLEXIBLE,7780.0,4030.0,2320.0,3400.0,14130.0,0.2431,0.1259,0.0725,เช่าอพาร์ตเมนต์ชานเมือง,ผ่อนสมาร์ตโฟน & แท็บเล็ต
ACC_0614,USER_0104,24000.0,585.08,4618.4,0.1924,0.1956,15463.14,0,1,High-Yield Seeker Novice,ผู้แสวงหาผลตอบแทนสูง (มีเงินเก็บ ต้องการดอกเบี้ยสูง),"First Jobber รายได้ 24,000–45,000 บาท มีเงินเก็บก้อนแรก 30,000–100,000 บาท มองหาผลตอบแทนดอกเบี้ยสูง ป้องกันความเสี่ยงจากการหลอกลงทุนด้วย Protected Vault Protocol",0.12,HIGH,MAXIMUM,5000.0,1200.0,1480.0,8800.0,7680.0,0.2083,0.05,0.0617,พักกับครอบครัว/ที่บ้าน,ผ่อนสมาร์ตโฟน 0%
ACC_0615,USER_0105,28000.0,641.08,2658.4,0.0949,0.2287,17245.79,0,0,Paycheck-to-Paycheck Spender,มนุษย์เงินเดือนชนเดือน (สภาพคล่องจำกัดปลายเดือน),"First Jobber รายได้ 18,000–35,000 บาท ใช้ชีวิตเดือนชนเดือน ต้องการระบบออมเงินอัตโนมัติแบบไม่ต้องจดบันทึก และสามารถดึงเงินคืนเข้าบัญชีหลักได้ทันที 100% เมื่อถึงกำหนดจ่ายค่าเช่าหรือบิล",0.06,MODERATE,FLEXIBLE,7940.0,2860.0,1720.0,3200.0,12520.0,0.2836,0.1021,0.0614,ผ่อนห้องชุดคอนโดมิเนียม,ผ่อนสมาร์ตโฟน & แท็บเล็ต
ACC_0616,USER_0106,20000.0,541.29,4474.2,0.2237,0.2314,14338.95,0,1,High-Yield Seeker Novice,ผู้แสวงหาผลตอบแทนสูง (มีเงินเก็บ ต้องการดอกเบี้ยสูง),"First Jobber รายได้ 24,000–45,000 บาท มีเงินเก็บก้อนแรก 30,000–100,000 บาท มองหาผลตอบแทนดอกเบี้ยสูง ป้องกันความเสี่ยงจากการหลอกลงทุนด้วย Protected Vault Protocol",0.12,HIGH,MAXIMUM,3490.0,0.0,1210.0,8100.0,4700.0,0.1745,0.0,0.0605,พักกับครอบครัว/ที่บ้าน,ไม่มีหนี้ผ่อนชำระ
ACC_0617,USER_0107,24000.0,633.8,4644.0,0.1935,0.19,14012.16,0,1,High-Yield Seeker Novice,ผู้แสวงหาผลตอบแทนสูง (มีเงินเก็บ ต้องการดอกเบี้ยสูง),"First Jobber รายได้ 24,000–45,000 บาท มีเงินเก็บก้อนแรก 30,000–100,000 บาท มองหาผลตอบแทนดอกเบี้ยสูง ป้องกันความเสี่ยงจากการหลอกลงทุนด้วย Protected Vault Protocol",0.12,HIGH,MAXIMUM,5090.0,0.0,1590.0,9800.0,6680.0,0.2121,0.0,0.0662,เช่าห้องพักสไตล์มินิมอล,ไม่มีหนี้ผ่อนชำระ
ACC_0618,USER_0108,24000.0,601.94,6181.2,0.2576,0.2526,2717.17,0,1,High-Yield Seeker Novice,ผู้แสวงหาผลตอบแทนสูง (มีเงินเก็บ ต้องการดอกเบี้ยสูง),"First Jobber รายได้ 24,000–45,000 บาท มีเงินเก็บก้อนแรก 30,000–100,000 บาท มองหาผลตอบแทนดอกเบี้ยสูง ป้องกันความเสี่ยงจากการหลอกลงทุนด้วย Protected Vault Protocol",0.12,HIGH,MAXIMUM,3450.0,1200.0,1130.0,6700.0,5780.0,0.1438,0.05,0.0471,เช่าห้องพักสไตล์มินิมอล,ผ่อนอุปกรณ์ไอที/คอมพิวเตอร์
ACC_0619,USER_0109,24000.0,632.0,2800.0,0.1167,0.2678,5293.77,0,1,High-Yield Seeker Novice,ผู้แสวงหาผลตอบแทนสูง (มีเงินเก็บ ต้องการดอกเบี้ยสูง),"First Jobber รายได้ 24,000–45,000 บาท มีเงินเก็บก้อนแรก 30,000–100,000 บาท มองหาผลตอบแทนดอกเบี้ยสูง ป้องกันความเสี่ยงจากการหลอกลงทุนด้วย Protected Vault Protocol",0.12,HIGH,MAXIMUM,5120.0,2160.0,1280.0,6500.0,8560.0,0.2133,0.09,0.0533,พักกับครอบครัว/ที่บ้าน,ผ่อนสมาร์ตโฟน 0%
ACC_0620,USER_0110,24000.0,571.45,7611.0,0.3171,0.1423,14903.69,0,1,High-Yield Seeker Novice,ผู้แสวงหาผลตอบแทนสูง (มีเงินเก็บ ต้องการดอกเบี้ยสูง),"First Jobber รายได้ 24,000–45,000 บาท มีเงินเก็บก้อนแรก 30,000–100,000 บาท มองหาผลตอบแทนดอกเบี้ยสูง ป้องกันความเสี่ยงจากการหลอกลงทุนด้วย Protected Vault Protocol",0.12,HIGH,MAXIMUM,3840.0,0.0,1120.0,8100.0,4960.0,0.16,0.0,0.0467,พักกับครอบครัว/ที่บ้าน,ไม่มีหนี้ผ่อนชำระ
ACC_0621,USER_0111,36000.0,594.49,4330.2,0.1203,0.2843,6664.12,0,0,Paycheck-to-Paycheck Spender,มนุษย์เงินเดือนชนเดือน (สภาพคล่องจำกัดปลายเดือน),"First Jobber รายได้ 18,000–35,000 บาท ใช้ชีวิตเดือนชนเดือน ต้องการระบบออมเงินอัตโนมัติแบบไม่ต้องจดบันทึก และสามารถดึงเงินคืนเข้าบัญชีหลักได้ทันที 100% เมื่อถึงกำหนดจ่ายค่าเช่าหรือบิล",0.06,MODERATE,FLEXIBLE,11170.0,6040.0,2570.0,1600.0,19780.0,0.3103,0.1678,0.0714,ผ่อนห้องชุดคอนโดมิเนียม,ผ่อนหนี้ กยศ.
ACC_0622,USER_0112,20000.0,584.21,2745.8,0.1373,0.2607,12570.51,0,1,High-Yield Seeker Novice,ผู้แสวงหาผลตอบแทนสูง (มีเงินเก็บ ต้องการดอกเบี้ยสูง),"First Jobber รายได้ 24,000–45,000 บาท มีเงินเก็บก้อนแรก 30,000–100,000 บาท มองหาผลตอบแทนดอกเบี้ยสูง ป้องกันความเสี่ยงจากการหลอกลงทุนด้วย Protected Vault Protocol",0.12,HIGH,MAXIMUM,4000.0,0.0,1570.0,5300.0,5570.0,0.2,0.0,0.0785,เช่าห้องพักสไตล์มินิมอล,ไม่มีหนี้ผ่อนชำระ
ACC_0623,USER_0113,36000.0,569.47,9220.6,0.2561,0.1481,13259.69,0,0,Paycheck-to-Paycheck Spender,มนุษย์เงินเดือนชนเดือน (สภาพคล่องจำกัดปลายเดือน),"First Jobber รายได้ 18,000–35,000 บาท ใช้ชีวิตเดือนชนเดือน ต้องการระบบออมเงินอัตโนมัติแบบไม่ต้องจดบันทึก และสามารถดึงเงินคืนเข้าบัญชีหลักได้ทันที 100% เมื่อถึงกำหนดจ่ายค่าเช่าหรือบิล",0.06,MODERATE,FLEXIBLE,8730.0,4430.0,2230.0,2600.0,15390.0,0.2425,0.1231,0.0619,เช่าคอนโดติดรถไฟฟ้า,ผ่อนหนี้ กยศ.
ACC_0624,USER_0114,28000.0,683.55,1179.0,0.0421,0.2601,3684.17,0,0,Paycheck-to-Paycheck Spender,มนุษย์เงินเดือนชนเดือน (สภาพคล่องจำกัดปลายเดือน),"First Jobber รายได้ 18,000–35,000 บาท ใช้ชีวิตเดือนชนเดือน ต้องการระบบออมเงินอัตโนมัติแบบไม่ต้องจดบันทึก และสามารถดึงเงินคืนเข้าบัญชีหลักได้ทันที 100% เมื่อถึงกำหนดจ่ายค่าเช่าหรือบิล",0.06,MODERATE,FLEXIBLE,7070.0,4590.0,1490.0,2400.0,13150.0,0.2525,0.1639,0.0532,ผ่อนห้องชุดคอนโดมิเนียม,ผ่อนหนี้ กยศ.
ACC_0625,USER_0115,36000.0,584.84,6723.2,0.1868,0.256,6200.36,0,0,Paycheck-to-Paycheck Spender,มนุษย์เงินเดือนชนเดือน (สภาพคล่องจำกัดปลายเดือน),"First Jobber รายได้ 18,000–35,000 บาท ใช้ชีวิตเดือนชนเดือน ต้องการระบบออมเงินอัตโนมัติแบบไม่ต้องจดบันทึก และสามารถดึงเงินคืนเข้าบัญชีหลักได้ทันที 100% เมื่อถึงกำหนดจ่ายค่าเช่าหรือบิล",0.06,MODERATE,FLEXIBLE,10970.0,4320.0,2290.0,3100.0,17580.0,0.3047,0.12,0.0636,ผ่อนห้องชุดคอนโดมิเนียม,ผ่อนสมาร์ตโฟน & แท็บเล็ต
ACC_0626,USER_0116,28000.0,648.89,2852.2,0.1019,0.1849,2219.16,0,0,Paycheck-to-Paycheck Spender,มนุษย์เงินเดือนชนเดือน (สภาพคล่องจำกัดปลายเดือน),"First Jobber รายได้ 18,000–35,000 บาท ใช้ชีวิตเดือนชนเดือน ต้องการระบบออมเงินอัตโนมัติแบบไม่ต้องจดบันทึก และสามารถดึงเงินคืนเข้าบัญชีหลักได้ทันที 100% เมื่อถึงกำหนดจ่ายค่าเช่าหรือบิล",0.06,MODERATE,FLEXIBLE,6730.0,3900.0,1540.0,2200.0,12170.0,0.2404,0.1393,0.055,ผ่อนห้องชุดคอนโดมิเนียม,ผ่อนสมาร์ตโฟน & แท็บเล็ต
ACC_0627,USER_0117,32000.0,645.56,7208.8,0.2253,0.2135,5402.92,0,0,Paycheck-to-Paycheck Spender,มนุษย์เงินเดือนชนเดือน (สภาพคล่องจำกัดปลายเดือน),"First Jobber รายได้ 18,000–35,000 บาท ใช้ชีวิตเดือนชนเดือน ต้องการระบบออมเงินอัตโนมัติแบบไม่ต้องจดบันทึก และสามารถดึงเงินคืนเข้าบัญชีหลักได้ทันที 100% เมื่อถึงกำหนดจ่ายค่าเช่าหรือบิล",0.06,MODERATE,FLEXIBLE,7700.0,2790.0,1390.0,3400.0,11880.0,0.2406,0.0872,0.0434,เช่าคอนโดติดรถไฟฟ้า,ผ่อนบัตรเครดิต & สินเชื่อ
ACC_0628,USER_0118,20000.0,568.59,2688.2,0.1344,0.1878,3215.91,0,1,High-Yield Seeker Novice,ผู้แสวงหาผลตอบแทนสูง (มีเงินเก็บ ต้องการดอกเบี้ยสูง),"First Jobber รายได้ 24,000–45,000 บาท มีเงินเก็บก้อนแรก 30,000–100,000 บาท มองหาผลตอบแทนดอกเบี้ยสูง ป้องกันความเสี่ยงจากการหลอกลงทุนด้วย Protected Vault Protocol",0.12,HIGH,MAXIMUM,3460.0,1000.0,1480.0,6300.0,5940.0,0.173,0.05,0.074,พักกับครอบครัว/ที่บ้าน,ผ่อนสมาร์ตโฟน 0%
ACC_0629,USER_0119,36000.0,656.37,5432.6,0.1509,0.2589,17183.06,0,0,Paycheck-to-Paycheck Spender,มนุษย์เงินเดือนชนเดือน (สภาพคล่องจำกัดปลายเดือน),"First Jobber รายได้ 18,000–35,000 บาท ใช้ชีวิตเดือนชนเดือน ต้องการระบบออมเงินอัตโนมัติแบบไม่ต้องจดบันทึก และสามารถดึงเงินคืนเข้าบัญชีหลักได้ทันที 100% เมื่อถึงกำหนดจ่ายค่าเช่าหรือบิล",0.06,MODERATE,FLEXIBLE,10700.0,5240.0,1500.0,3300.0,17440.0,0.2972,0.1456,0.0417,ผ่อนห้องชุดคอนโดมิเนียม,ผ่อนบัตรเครดิต & สินเชื่อ
ACC_0630,USER_0120,24000.0,607.87,7062.6,0.2943,0.2958,2857.62,0,1,High-Yield Seeker Novice,ผู้แสวงหาผลตอบแทนสูง (มีเงินเก็บ ต้องการดอกเบี้ยสูง),"First Jobber รายได้ 24,000–45,000 บาท มีเงินเก็บก้อนแรก 30,000–100,000 บาท มองหาผลตอบแทนดอกเบี้ยสูง ป้องกันความเสี่ยงจากการหลอกลงทุนด้วย Protected Vault Protocol",0.12,HIGH,MAXIMUM,3900.0,0.0,880.0,5200.0,4780.0,0.1625,0.0,0.0367,พักกับครอบครัว/ที่บ้าน,ไม่มีหนี้ผ่อนชำระ
ACC_0631,USER_0121,28000.0,604.03,2999.4,0.1071,0.2518,11999.05,0,0,Paycheck-to-Paycheck Spender,มนุษย์เงินเดือนชนเดือน (สภาพคล่องจำกัดปลายเดือน),"First Jobber รายได้ 18,000–35,000 บาท ใช้ชีวิตเดือนชนเดือน ต้องการระบบออมเงินอัตโนมัติแบบไม่ต้องจดบันทึก และสามารถดึงเงินคืนเข้าบัญชีหลักได้ทันที 100% เมื่อถึงกำหนดจ่ายค่าเช่าหรือบิล",0.06,MODERATE,FLEXIBLE,7650.0,3890.0,1380.0,2200.0,12920.0,0.2732,0.1389,0.0493,เช่าคอนโดติดรถไฟฟ้า,ผ่อนสมาร์ตโฟน & แท็บเล็ต
ACC_0632,USER_0122,20000.0,600.8,4004.0,0.2002,0.21,15304.84,0,1,High-Yield Seeker Novice,ผู้แสวงหาผลตอบแทนสูง (มีเงินเก็บ ต้องการดอกเบี้ยสูง),"First Jobber รายได้ 24,000–45,000 บาท มีเงินเก็บก้อนแรก 30,000–100,000 บาท มองหาผลตอบแทนดอกเบี้ยสูง ป้องกันความเสี่ยงจากการหลอกลงทุนด้วย Protected Vault Protocol",0.12,HIGH,MAXIMUM,3120.0,0.0,860.0,6900.0,3980.0,0.156,0.0,0.043,เช่าอพาร์ตเมนต์ราคาประหยัด,ไม่มีหนี้ผ่อนชำระ
ACC_0633,USER_0123,20000.0,590.5,4230.0,0.2115,0.3029,5271.18,0,1,High-Yield Seeker Novice,ผู้แสวงหาผลตอบแทนสูง (มีเงินเก็บ ต้องการดอกเบี้ยสูง),"First Jobber รายได้ 24,000–45,000 บาท มีเงินเก็บก้อนแรก 30,000–100,000 บาท มองหาผลตอบแทนดอกเบี้ยสูง ป้องกันความเสี่ยงจากการหลอกลงทุนด้วย Protected Vault Protocol",0.12,HIGH,MAXIMUM,2880.0,0.0,1080.0,8500.0,3960.0,0.144,0.0,0.054,เช่าอพาร์ตเมนต์ราคาประหยัด,ไม่มีหนี้ผ่อนชำระ
ACC_0634,USER_0124,24000.0,612.0,5090.0,0.2121,0.2457,16173.15,0,1,High-Yield Seeker Novice,ผู้แสวงหาผลตอบแทนสูง (มีเงินเก็บ ต้องการดอกเบี้ยสูง),"First Jobber รายได้ 24,000–45,000 บาท มีเงินเก็บก้อนแรก 30,000–100,000 บาท มองหาผลตอบแทนดอกเบี้ยสูง ป้องกันความเสี่ยงจากการหลอกลงทุนด้วย Protected Vault Protocol",0.12,HIGH,MAXIMUM,4160.0,1200.0,1310.0,9400.0,6670.0,0.1733,0.05,0.0546,เช่าห้องพักสไตล์มินิมอล,ผ่อนสมาร์ตโฟน 0%
ACC_0635,USER_0125,24000.0,591.8,7374.0,0.3073,0.2653,15771.8,0,1,High-Yield Seeker Novice,ผู้แสวงหาผลตอบแทนสูง (มีเงินเก็บ ต้องการดอกเบี้ยสูง),"First Jobber รายได้ 24,000–45,000 บาท มีเงินเก็บก้อนแรก 30,000–100,000 บาท มองหาผลตอบแทนดอกเบี้ยสูง ป้องกันความเสี่ยงจากการหลอกลงทุนด้วย Protected Vault Protocol",0.12,HIGH,MAXIMUM,3850.0,0.0,940.0,6400.0,4790.0,0.1604,0.0,0.0392,เช่าอพาร์ตเมนต์ราคาประหยัด,ไม่มีหนี้ผ่อนชำระ
ACC_0636,USER_0126,36000.0,635.18,3766.4,0.1046,0.2451,9131.35,0,0,Paycheck-to-Paycheck Spender,มนุษย์เงินเดือนชนเดือน (สภาพคล่องจำกัดปลายเดือน),"First Jobber รายได้ 18,000–35,000 บาท ใช้ชีวิตเดือนชนเดือน ต้องการระบบออมเงินอัตโนมัติแบบไม่ต้องจดบันทึก และสามารถดึงเงินคืนเข้าบัญชีหลักได้ทันที 100% เมื่อถึงกำหนดจ่ายค่าเช่าหรือบิล",0.06,MODERATE,FLEXIBLE,10820.0,6430.0,2280.0,2300.0,19530.0,0.3006,0.1786,0.0633,เช่าคอนโดติดรถไฟฟ้า,ผ่อนค่างวดรถมอเตอร์ไซค์
ACC_0637,USER_0127,36000.0,624.64,8037.2,0.2233,0.2277,9207.18,0,0,Paycheck-to-Paycheck Spender,มนุษย์เงินเดือนชนเดือน (สภาพคล่องจำกัดปลายเดือน),"First Jobber รายได้ 18,000–35,000 บาท ใช้ชีวิตเดือนชนเดือน ต้องการระบบออมเงินอัตโนมัติแบบไม่ต้องจดบันทึก และสามารถดึงเงินคืนเข้าบัญชีหลักได้ทันที 100% เมื่อถึงกำหนดจ่ายค่าเช่าหรือบิล",0.06,MODERATE,FLEXIBLE,10300.0,3160.0,2010.0,2900.0,15470.0,0.2861,0.0878,0.0558,ผ่อนห้องชุดคอนโดมิเนียม,ผ่อนสมาร์ตโฟน & แท็บเล็ต
ACC_0638,USER_0128,28000.0,598.24,1275.2,0.0455,0.2462,9058.39,0,0,Paycheck-to-Paycheck Spender,มนุษย์เงินเดือนชนเดือน (สภาพคล่องจำกัดปลายเดือน),"First Jobber รายได้ 18,000–35,000 บาท ใช้ชีวิตเดือนชนเดือน ต้องการระบบออมเงินอัตโนมัติแบบไม่ต้องจดบันทึก และสามารถดึงเงินคืนเข้าบัญชีหลักได้ทันที 100% เมื่อถึงกำหนดจ่ายค่าเช่าหรือบิล",0.06,MODERATE,FLEXIBLE,8350.0,3870.0,2540.0,1600.0,14760.0,0.2982,0.1382,0.0907,เช่าคอนโดติดรถไฟฟ้า,ผ่อนบัตรเครดิต & สินเชื่อ
ACC_0639,USER_0129,32000.0,554.95,6201.0,0.1938,0.1878,8633.34,0,0,Paycheck-to-Paycheck Spender,มนุษย์เงินเดือนชนเดือน (สภาพคล่องจำกัดปลายเดือน),"First Jobber รายได้ 18,000–35,000 บาท ใช้ชีวิตเดือนชนเดือน ต้องการระบบออมเงินอัตโนมัติแบบไม่ต้องจดบันทึก และสามารถดึงเงินคืนเข้าบัญชีหลักได้ทันที 100% เมื่อถึงกำหนดจ่ายค่าเช่าหรือบิล",0.06,MODERATE,FLEXIBLE,8960.0,3510.0,2230.0,3000.0,14700.0,0.28,0.1097,0.0697,เช่าอพาร์ตเมนต์ชานเมือง,ผ่อนบัตรเครดิต & สินเชื่อ
ACC_0640,USER_0130,36000.0,608.24,7575.2,0.2104,0.2334,9847.49,0,0,Paycheck-to-Paycheck Spender,มนุษย์เงินเดือนชนเดือน (สภาพคล่องจำกัดปลายเดือน),"First Jobber รายได้ 18,000–35,000 บาท ใช้ชีวิตเดือนชนเดือน ต้องการระบบออมเงินอัตโนมัติแบบไม่ต้องจดบันทึก และสามารถดึงเงินคืนเข้าบัญชีหลักได้ทันที 100% เมื่อถึงกำหนดจ่ายค่าเช่าหรือบิล",0.06,MODERATE,FLEXIBLE,9770.0,4710.0,1780.0,3400.0,16260.0,0.2714,0.1308,0.0494,เช่าอพาร์ตเมนต์ชานเมือง,ผ่อนค่างวดรถมอเตอร์ไซค์
ACC_0641,USER_0131,36000.0,629.17,9276.6,0.2577,0.1841,4772.49,0,0,Paycheck-to-Paycheck Spender,มนุษย์เงินเดือนชนเดือน (สภาพคล่องจำกัดปลายเดือน),"First Jobber รายได้ 18,000–35,000 บาท ใช้ชีวิตเดือนชนเดือน ต้องการระบบออมเงินอัตโนมัติแบบไม่ต้องจดบันทึก และสามารถดึงเงินคืนเข้าบัญชีหลักได้ทันที 100% เมื่อถึงกำหนดจ่ายค่าเช่าหรือบิล",0.06,MODERATE,FLEXIBLE,8570.0,3230.0,2340.0,1700.0,14140.0,0.2381,0.0897,0.065,เช่าอพาร์ตเมนต์ชานเมือง,ผ่อนหนี้ กยศ.
ACC_0642,USER_0132,28000.0,651.34,1893.2,0.0676,0.223,10577.79,0,0,Paycheck-to-Paycheck Spender,มนุษย์เงินเดือนชนเดือน (สภาพคล่องจำกัดปลายเดือน),"First Jobber รายได้ 18,000–35,000 บาท ใช้ชีวิตเดือนชนเดือน ต้องการระบบออมเงินอัตโนมัติแบบไม่ต้องจดบันทึก และสามารถดึงเงินคืนเข้าบัญชีหลักได้ทันที 100% เมื่อถึงกำหนดจ่ายค่าเช่าหรือบิล",0.06,MODERATE,FLEXIBLE,8540.0,3200.0,1340.0,1600.0,13080.0,0.305,0.1143,0.0479,เช่าคอนโดติดรถไฟฟ้า,ผ่อนบัตรเครดิต & สินเชื่อ
ACC_0643,USER_0133,24000.0,613.19,5796.2,0.2415,0.2151,10901.54,0,1,High-Yield Seeker Novice,ผู้แสวงหาผลตอบแทนสูง (มีเงินเก็บ ต้องการดอกเบี้ยสูง),"First Jobber รายได้ 24,000–45,000 บาท มีเงินเก็บก้อนแรก 30,000–100,000 บาท มองหาผลตอบแทนดอกเบี้ยสูง ป้องกันความเสี่ยงจากการหลอกลงทุนด้วย Protected Vault Protocol",0.12,HIGH,MAXIMUM,3770.0,1200.0,970.0,5200.0,5940.0,0.1571,0.05,0.0404,เช่าห้องพักสไตล์มินิมอล,ผ่อนอุปกรณ์ไอที/คอมพิวเตอร์
ACC_0644,USER_0134,36000.0,634.65,6507.0,0.1808,0.1775,10891.73,0,0,Paycheck-to-Paycheck Spender,มนุษย์เงินเดือนชนเดือน (สภาพคล่องจำกัดปลายเดือน),"First Jobber รายได้ 18,000–35,000 บาท ใช้ชีวิตเดือนชนเดือน ต้องการระบบออมเงินอัตโนมัติแบบไม่ต้องจดบันทึก และสามารถดึงเงินคืนเข้าบัญชีหลักได้ทันที 100% เมื่อถึงกำหนดจ่ายค่าเช่าหรือบิล",0.06,MODERATE,FLEXIBLE,10340.0,4450.0,2010.0,2100.0,16800.0,0.2872,0.1236,0.0558,เช่าอพาร์ตเมนต์ชานเมือง,ผ่อนหนี้ กยศ.
ACC_0645,USER_0135,32000.0,702.93,3001.4,0.0938,0.2481,14975.0,0,0,Paycheck-to-Paycheck Spender,มนุษย์เงินเดือนชนเดือน (สภาพคล่องจำกัดปลายเดือน),"First Jobber รายได้ 18,000–35,000 บาท ใช้ชีวิตเดือนชนเดือน ต้องการระบบออมเงินอัตโนมัติแบบไม่ต้องจดบันทึก และสามารถดึงเงินคืนเข้าบัญชีหลักได้ทันที 100% เมื่อถึงกำหนดจ่ายค่าเช่าหรือบิล",0.06,MODERATE,FLEXIBLE,8660.0,3800.0,2480.0,1500.0,14940.0,0.2706,0.1188,0.0775,ผ่อนห้องชุดคอนโดมิเนียม,ผ่อนค่างวดรถมอเตอร์ไซค์
ACC_0646,USER_0136,32000.0,593.33,5483.4,0.1714,0.252,17513.22,0,0,Paycheck-to-Paycheck Spender,มนุษย์เงินเดือนชนเดือน (สภาพคล่องจำกัดปลายเดือน),"First Jobber รายได้ 18,000–35,000 บาท ใช้ชีวิตเดือนชนเดือน ต้องการระบบออมเงินอัตโนมัติแบบไม่ต้องจดบันทึก และสามารถดึงเงินคืนเข้าบัญชีหลักได้ทันที 100% เมื่อถึงกำหนดจ่ายค่าเช่าหรือบิล",0.06,MODERATE,FLEXIBLE,7440.0,5110.0,2100.0,3200.0,14650.0,0.2325,0.1597,0.0656,ผ่อนห้องชุดคอนโดมิเนียม,ผ่อนค่างวดรถมอเตอร์ไซค์
ACC_0647,USER_0137,36000.0,592.73,7315.4,0.2032,0.1771,8820.14,0,0,Paycheck-to-Paycheck Spender,มนุษย์เงินเดือนชนเดือน (สภาพคล่องจำกัดปลายเดือน),"First Jobber รายได้ 18,000–35,000 บาท ใช้ชีวิตเดือนชนเดือน ต้องการระบบออมเงินอัตโนมัติแบบไม่ต้องจดบันทึก และสามารถดึงเงินคืนเข้าบัญชีหลักได้ทันที 100% เมื่อถึงกำหนดจ่ายค่าเช่าหรือบิล",0.06,MODERATE,FLEXIBLE,9930.0,4680.0,2220.0,2600.0,16830.0,0.2758,0.13,0.0617,ผ่อนห้องชุดคอนโดมิเนียม,ผ่อนบัตรเครดิต & สินเชื่อ
ACC_0648,USER_0138,28000.0,614.53,1469.4,0.0525,0.2031,8391.37,0,0,Paycheck-to-Paycheck Spender,มนุษย์เงินเดือนชนเดือน (สภาพคล่องจำกัดปลายเดือน),"First Jobber รายได้ 18,000–35,000 บาท ใช้ชีวิตเดือนชนเดือน ต้องการระบบออมเงินอัตโนมัติแบบไม่ต้องจดบันทึก และสามารถดึงเงินคืนเข้าบัญชีหลักได้ทันที 100% เมื่อถึงกำหนดจ่ายค่าเช่าหรือบิล",0.06,MODERATE,FLEXIBLE,7570.0,4250.0,2420.0,1900.0,14240.0,0.2704,0.1518,0.0864,เช่าอพาร์ตเมนต์ชานเมือง,ผ่อนหนี้ กยศ.
ACC_0649,USER_0139,32000.0,628.39,3612.2,0.1129,0.2637,2929.77,0,0,Paycheck-to-Paycheck Spender,มนุษย์เงินเดือนชนเดือน (สภาพคล่องจำกัดปลายเดือน),"First Jobber รายได้ 18,000–35,000 บาท ใช้ชีวิตเดือนชนเดือน ต้องการระบบออมเงินอัตโนมัติแบบไม่ต้องจดบันทึก และสามารถดึงเงินคืนเข้าบัญชีหลักได้ทันที 100% เมื่อถึงกำหนดจ่ายค่าเช่าหรือบิล",0.06,MODERATE,FLEXIBLE,10090.0,3290.0,2440.0,3100.0,15820.0,0.3153,0.1028,0.0762,ผ่อนห้องชุดคอนโดมิเนียม,ผ่อนค่างวดรถมอเตอร์ไซค์
ACC_0650,USER_0140,36000.0,657.37,6302.6,0.1751,0.1846,16079.02,0,0,Paycheck-to-Paycheck Spender,มนุษย์เงินเดือนชนเดือน (สภาพคล่องจำกัดปลายเดือน),"First Jobber รายได้ 18,000–35,000 บาท ใช้ชีวิตเดือนชนเดือน ต้องการระบบออมเงินอัตโนมัติแบบไม่ต้องจดบันทึก และสามารถดึงเงินคืนเข้าบัญชีหลักได้ทันที 100% เมื่อถึงกำหนดจ่ายค่าเช่าหรือบิล",0.06,MODERATE,FLEXIBLE,10170.0,4020.0,2360.0,2500.0,16550.0,0.2825,0.1117,0.0656,ผ่อนห้องชุดคอนโดมิเนียม,ผ่อนสมาร์ตโฟน & แท็บเล็ต
ACC_0651,USER_0141,20000.0,626.85,2193.0,0.1096,0.2403,7189.55,0,1,High-Yield Seeker Novice,ผู้แสวงหาผลตอบแทนสูง (มีเงินเก็บ ต้องการดอกเบี้ยสูง),"First Jobber รายได้ 24,000–45,000 บาท มีเงินเก็บก้อนแรก 30,000–100,000 บาท มองหาผลตอบแทนดอกเบี้ยสูง ป้องกันความเสี่ยงจากการหลอกลงทุนด้วย Protected Vault Protocol",0.12,HIGH,MAXIMUM,3800.0,0.0,1470.0,9500.0,5270.0,0.19,0.0,0.0735,พักกับครอบครัว/ที่บ้าน,ไม่มีหนี้ผ่อนชำระ
ACC_0652,USER_0142,32000.0,590.19,7746.2,0.2421,0.231,8756.68,0,0,Paycheck-to-Paycheck Spender,มนุษย์เงินเดือนชนเดือน (สภาพคล่องจำกัดปลายเดือน),"First Jobber รายได้ 18,000–35,000 บาท ใช้ชีวิตเดือนชนเดือน ต้องการระบบออมเงินอัตโนมัติแบบไม่ต้องจดบันทึก และสามารถดึงเงินคืนเข้าบัญชีหลักได้ทันที 100% เมื่อถึงกำหนดจ่ายค่าเช่าหรือบิล",0.06,MODERATE,FLEXIBLE,7830.0,3080.0,1540.0,1500.0,12450.0,0.2447,0.0962,0.0481,เช่าคอนโดติดรถไฟฟ้า,ผ่อนหนี้ กยศ.
ACC_0653,USER_0143,20000.0,555.86,4222.8,0.2111,0.2491,9872.71,0,1,High-Yield Seeker Novice,ผู้แสวงหาผลตอบแทนสูง (มีเงินเก็บ ต้องการดอกเบี้ยสูง),"First Jobber รายได้ 24,000–45,000 บาท มีเงินเก็บก้อนแรก 30,000–100,000 บาท มองหาผลตอบแทนดอกเบี้ยสูง ป้องกันความเสี่ยงจากการหลอกลงทุนด้วย Protected Vault Protocol",0.12,HIGH,MAXIMUM,3110.0,0.0,1550.0,6900.0,4660.0,0.1555,0.0,0.0775,พักกับครอบครัว/ที่บ้าน,ไม่มีหนี้ผ่อนชำระ
ACC_0654,USER_0144,24000.0,646.22,5435.6,0.2265,0.2538,8367.5,0,1,High-Yield Seeker Novice,ผู้แสวงหาผลตอบแทนสูง (มีเงินเก็บ ต้องการดอกเบี้ยสูง),"First Jobber รายได้ 24,000–45,000 บาท มีเงินเก็บก้อนแรก 30,000–100,000 บาท มองหาผลตอบแทนดอกเบี้ยสูง ป้องกันความเสี่ยงจากการหลอกลงทุนด้วย Protected Vault Protocol",0.12,HIGH,MAXIMUM,4520.0,0.0,1120.0,5000.0,5640.0,0.1883,0.0,0.0467,เช่าห้องพักสไตล์มินิมอล,ไม่มีหนี้ผ่อนชำระ
ACC_0655,USER_0145,28000.0,569.23,3995.4,0.1427,0.2739,5201.38,0,0,Paycheck-to-Paycheck Spender,มนุษย์เงินเดือนชนเดือน (สภาพคล่องจำกัดปลายเดือน),"First Jobber รายได้ 18,000–35,000 บาท ใช้ชีวิตเดือนชนเดือน ต้องการระบบออมเงินอัตโนมัติแบบไม่ต้องจดบันทึก และสามารถดึงเงินคืนเข้าบัญชีหลักได้ทันที 100% เมื่อถึงกำหนดจ่ายค่าเช่าหรือบิล",0.06,MODERATE,FLEXIBLE,8080.0,3170.0,1370.0,2200.0,12620.0,0.2886,0.1132,0.0489,เช่าคอนโดติดรถไฟฟ้า,ผ่อนบัตรเครดิต & สินเชื่อ
ACC_0656,USER_0146,24000.0,662.61,3737.8,0.1557,0.293,6950.44,0,1,High-Yield Seeker Novice,ผู้แสวงหาผลตอบแทนสูง (มีเงินเก็บ ต้องการดอกเบี้ยสูง),"First Jobber รายได้ 24,000–45,000 บาท มีเงินเก็บก้อนแรก 30,000–100,000 บาท มองหาผลตอบแทนดอกเบี้ยสูง ป้องกันความเสี่ยงจากการหลอกลงทุนด้วย Protected Vault Protocol",0.12,HIGH,MAXIMUM,4870.0,1200.0,940.0,8800.0,7010.0,0.2029,0.05,0.0392,พักกับครอบครัว/ที่บ้าน,ผ่อนสมาร์ตโฟน 0%
ACC_0657,USER_0147,28000.0,574.36,5392.8,0.1926,0.2275,8083.94,0,0,Paycheck-to-Paycheck Spender,มนุษย์เงินเดือนชนเดือน (สภาพคล่องจำกัดปลายเดือน),"First Jobber รายได้ 18,000–35,000 บาท ใช้ชีวิตเดือนชนเดือน ต้องการระบบออมเงินอัตโนมัติแบบไม่ต้องจดบันทึก และสามารถดึงเงินคืนเข้าบัญชีหลักได้ทันที 100% เมื่อถึงกำหนดจ่ายค่าเช่าหรือบิล",0.06,MODERATE,FLEXIBLE,6440.0,3020.0,1660.0,2400.0,11120.0,0.23,0.1079,0.0593,เช่าคอนโดติดรถไฟฟ้า,ผ่อนค่างวดรถมอเตอร์ไซค์
ACC_0658,USER_0148,36000.0,617.58,9208.4,0.2558,0.2494,12503.65,0,0,Paycheck-to-Paycheck Spender,มนุษย์เงินเดือนชนเดือน (สภาพคล่องจำกัดปลายเดือน),"First Jobber รายได้ 18,000–35,000 บาท ใช้ชีวิตเดือนชนเดือน ต้องการระบบออมเงินอัตโนมัติแบบไม่ต้องจดบันทึก และสามารถดึงเงินคืนเข้าบัญชีหลักได้ทันที 100% เมื่อถึงกำหนดจ่ายค่าเช่าหรือบิล",0.06,MODERATE,FLEXIBLE,8160.0,4750.0,1530.0,3400.0,14440.0,0.2267,0.1319,0.0425,เช่าคอนโดติดรถไฟฟ้า,ผ่อนค่างวดรถมอเตอร์ไซค์
ACC_0659,USER_0149,36000.0,594.36,6982.8,0.194,0.2962,10992.46,0,0,Paycheck-to-Paycheck Spender,มนุษย์เงินเดือนชนเดือน (สภาพคล่องจำกัดปลายเดือน),"First Jobber รายได้ 18,000–35,000 บาท ใช้ชีวิตเดือนชนเดือน ต้องการระบบออมเงินอัตโนมัติแบบไม่ต้องจดบันทึก และสามารถดึงเงินคืนเข้าบัญชีหลักได้ทันที 100% เมื่อถึงกำหนดจ่ายค่าเช่าหรือบิล",0.06,MODERATE,FLEXIBLE,9370.0,5540.0,2220.0,2300.0,17130.0,0.2603,0.1539,0.0617,ผ่อนห้องชุดคอนโดมิเนียม,ผ่อนบัตรเครดิต & สินเชื่อ
ACC_0660,USER_0000,32000.0,618.08,6348.4,0.1984,0.2973,13122.61,0,0,Paycheck-to-Paycheck Spender,มนุษย์เงินเดือนชนเดือน (สภาพคล่องจำกัดปลายเดือน),"First Jobber รายได้ 18,000–35,000 บาท ใช้ชีวิตเดือนชนเดือน ต้องการระบบออมเงินอัตโนมัติแบบไม่ต้องจดบันทึก และสามารถดึงเงินคืนเข้าบัญชีหลักได้ทันที 100% เมื่อถึงกำหนดจ่ายค่าเช่าหรือบิล",0.06,MODERATE,FLEXIBLE,8310.0,3410.0,1570.0,2500.0,13290.0,0.2597,0.1066,0.0491,เช่าอพาร์ตเมนต์ชานเมือง,ผ่อนค่างวดรถมอเตอร์ไซค์
ACC_0661,USER_0001,36000.0,684.7,5556.0,0.1543,0.206,7156.56,0,0,Paycheck-to-Paycheck Spender,มนุษย์เงินเดือนชนเดือน (สภาพคล่องจำกัดปลายเดือน),"First Jobber รายได้ 18,000–35,000 บาท ใช้ชีวิตเดือนชนเดือน ต้องการระบบออมเงินอัตโนมัติแบบไม่ต้องจดบันทึก และสามารถดึงเงินคืนเข้าบัญชีหลักได้ทันที 100% เมื่อถึงกำหนดจ่ายค่าเช่าหรือบิล",0.06,MODERATE,FLEXIBLE,9900.0,5360.0,1490.0,2700.0,16750.0,0.275,0.1489,0.0414,ผ่อนห้องชุดคอนโดมิเนียม,ผ่อนบัตรเครดิต & สินเชื่อ
ACC_0662,USER_0002,36000.0,624.9,7262.0,0.2017,0.2983,2565.85,0,0,Paycheck-to-Paycheck Spender,มนุษย์เงินเดือนชนเดือน (สภาพคล่องจำกัดปลายเดือน),"First Jobber รายได้ 18,000–35,000 บาท ใช้ชีวิตเดือนชนเดือน ต้องการระบบออมเงินอัตโนมัติแบบไม่ต้องจดบันทึก และสามารถดึงเงินคืนเข้าบัญชีหลักได้ทันที 100% เมื่อถึงกำหนดจ่ายค่าเช่าหรือบิล",0.06,MODERATE,FLEXIBLE,11250.0,3130.0,1860.0,2900.0,16240.0,0.3125,0.0869,0.0517,ผ่อนห้องชุดคอนโดมิเนียม,ผ่อนค่างวดรถมอเตอร์ไซค์
ACC_0663,USER_0003,20000.0,656.66,2586.8,0.1293,0.1687,10091.16,0,1,High-Yield Seeker Novice,ผู้แสวงหาผลตอบแทนสูง (มีเงินเก็บ ต้องการดอกเบี้ยสูง),"First Jobber รายได้ 24,000–45,000 บาท มีเงินเก็บก้อนแรก 30,000–100,000 บาท มองหาผลตอบแทนดอกเบี้ยสูง ป้องกันความเสี่ยงจากการหลอกลงทุนด้วย Protected Vault Protocol",0.12,HIGH,MAXIMUM,2950.0,0.0,1330.0,8400.0,4280.0,0.1475,0.0,0.0665,พักกับครอบครัว/ที่บ้าน,ไม่มีหนี้ผ่อนชำระ
ACC_0664,USER_0004,24000.0,558.39,1192.2,0.0497,0.2291,7097.44,0,0,Paycheck-to-Paycheck Spender,มนุษย์เงินเดือนชนเดือน (สภาพคล่องจำกัดปลายเดือน),"First Jobber รายได้ 18,000–35,000 บาท ใช้ชีวิตเดือนชนเดือน ต้องการระบบออมเงินอัตโนมัติแบบไม่ต้องจดบันทึก และสามารถดึงเงินคืนเข้าบัญชีหลักได้ทันที 100% เมื่อถึงกำหนดจ่ายค่าเช่าหรือบิล",0.06,MODERATE,FLEXIBLE,5880.0,3540.0,2220.0,2700.0,11640.0,0.245,0.1475,0.0925,เช่าคอนโดติดรถไฟฟ้า,ผ่อนหนี้ กยศ.
ACC_0665,USER_0005,24000.0,610.2,6416.0,0.2673,0.251,10944.66,0,1,High-Yield Seeker Novice,ผู้แสวงหาผลตอบแทนสูง (มีเงินเก็บ ต้องการดอกเบี้ยสูง),"First Jobber รายได้ 24,000–45,000 บาท มีเงินเก็บก้อนแรก 30,000–100,000 บาท มองหาผลตอบแทนดอกเบี้ยสูง ป้องกันความเสี่ยงจากการหลอกลงทุนด้วย Protected Vault Protocol",0.12,HIGH,MAXIMUM,3880.0,0.0,1500.0,9700.0,5380.0,0.1617,0.0,0.0625,พักกับครอบครัว/ที่บ้าน,ไม่มีหนี้ผ่อนชำระ
ACC_0666,USER_0006,32000.0,564.54,6129.2,0.1915,0.1501,13206.99,0,0,Paycheck-to-Paycheck Spender,มนุษย์เงินเดือนชนเดือน (สภาพคล่องจำกัดปลายเดือน),"First Jobber รายได้ 18,000–35,000 บาท ใช้ชีวิตเดือนชนเดือน ต้องการระบบออมเงินอัตโนมัติแบบไม่ต้องจดบันทึก และสามารถดึงเงินคืนเข้าบัญชีหลักได้ทันที 100% เมื่อถึงกำหนดจ่ายค่าเช่าหรือบิล",0.06,MODERATE,FLEXIBLE,8480.0,4520.0,1580.0,3400.0,14580.0,0.265,0.1412,0.0494,เช่าคอนโดติดรถไฟฟ้า,ผ่อนหนี้ กยศ.
ACC_0667,USER_0007,28000.0,596.23,1975.4,0.0706,0.2589,9785.77,0,0,Paycheck-to-Paycheck Spender,มนุษย์เงินเดือนชนเดือน (สภาพคล่องจำกัดปลายเดือน),"First Jobber รายได้ 18,000–35,000 บาท ใช้ชีวิตเดือนชนเดือน ต้องการระบบออมเงินอัตโนมัติแบบไม่ต้องจดบันทึก และสามารถดึงเงินคืนเข้าบัญชีหลักได้ทันที 100% เมื่อถึงกำหนดจ่ายค่าเช่าหรือบิล",0.06,MODERATE,FLEXIBLE,8320.0,3990.0,1790.0,1600.0,14100.0,0.2971,0.1425,0.0639,เช่าคอนโดติดรถไฟฟ้า,ผ่อนบัตรเครดิต & สินเชื่อ
ACC_0668,USER_0008,36000.0,523.34,7973.2,0.2215,0.1147,13724.22,0,0,Paycheck-to-Paycheck Spender,มนุษย์เงินเดือนชนเดือน (สภาพคล่องจำกัดปลายเดือน),"First Jobber รายได้ 18,000–35,000 บาท ใช้ชีวิตเดือนชนเดือน ต้องการระบบออมเงินอัตโนมัติแบบไม่ต้องจดบันทึก และสามารถดึงเงินคืนเข้าบัญชีหลักได้ทันที 100% เมื่อถึงกำหนดจ่ายค่าเช่าหรือบิล",0.06,MODERATE,FLEXIBLE,9310.0,6250.0,2000.0,3400.0,17560.0,0.2586,0.1736,0.0556,เช่าอพาร์ตเมนต์ชานเมือง,ผ่อนค่างวดรถมอเตอร์ไซค์
ACC_0669,USER_0009,24000.0,630.06,4048.8,0.1687,0.2827,11494.34,0,1,High-Yield Seeker Novice,ผู้แสวงหาผลตอบแทนสูง (มีเงินเก็บ ต้องการดอกเบี้ยสูง),"First Jobber รายได้ 24,000–45,000 บาท มีเงินเก็บก้อนแรก 30,000–100,000 บาท มองหาผลตอบแทนดอกเบี้ยสูง ป้องกันความเสี่ยงจากการหลอกลงทุนด้วย Protected Vault Protocol",0.12,HIGH,MAXIMUM,4750.0,1200.0,1400.0,5700.0,7350.0,0.1979,0.05,0.0583,พักกับครอบครัว/ที่บ้าน,ผ่อนสมาร์ตโฟน 0%
ACC_0670,USER_0010,32000.0,578.04,5139.2,0.1606,0.1621,2909.16,0,0,Paycheck-to-Paycheck Spender,มนุษย์เงินเดือนชนเดือน (สภาพคล่องจำกัดปลายเดือน),"First Jobber รายได้ 18,000–35,000 บาท ใช้ชีวิตเดือนชนเดือน ต้องการระบบออมเงินอัตโนมัติแบบไม่ต้องจดบันทึก และสามารถดึงเงินคืนเข้าบัญชีหลักได้ทันที 100% เมื่อถึงกำหนดจ่ายค่าเช่าหรือบิล",0.06,MODERATE,FLEXIBLE,8630.0,4940.0,1730.0,3300.0,15300.0,0.2697,0.1544,0.0541,เช่าคอนโดติดรถไฟฟ้า,ผ่อนหนี้ กยศ.
ACC_0671,USER_0011,36000.0,603.13,4767.4,0.1324,0.2661,13883.08,0,0,Paycheck-to-Paycheck Spender,มนุษย์เงินเดือนชนเดือน (สภาพคล่องจำกัดปลายเดือน),"First Jobber รายได้ 18,000–35,000 บาท ใช้ชีวิตเดือนชนเดือน ต้องการระบบออมเงินอัตโนมัติแบบไม่ต้องจดบันทึก และสามารถดึงเงินคืนเข้าบัญชีหลักได้ทันที 100% เมื่อถึงกำหนดจ่ายค่าเช่าหรือบิล",0.06,MODERATE,FLEXIBLE,10830.0,5980.0,2360.0,2500.0,19170.0,0.3008,0.1661,0.0656,ผ่อนห้องชุดคอนโดมิเนียม,ผ่อนสมาร์ตโฟน & แท็บเล็ต
ACC_0672,USER_0012,24000.0,681.45,3841.0,0.16,0.2616,15278.87,0,1,High-Yield Seeker Novice,ผู้แสวงหาผลตอบแทนสูง (มีเงินเก็บ ต้องการดอกเบี้ยสูง),"First Jobber รายได้ 24,000–45,000 บาท มีเงินเก็บก้อนแรก 30,000–100,000 บาท มองหาผลตอบแทนดอกเบี้ยสูง ป้องกันความเสี่ยงจากการหลอกลงทุนด้วย Protected Vault Protocol",0.12,HIGH,MAXIMUM,5270.0,0.0,1260.0,8200.0,6530.0,0.2196,0.0,0.0525,พักกับครอบครัว/ที่บ้าน,ไม่มีหนี้ผ่อนชำระ
ACC_0673,USER_0013,24000.0,583.76,6594.8,0.2748,0.2787,5015.46,0,1,High-Yield Seeker Novice,ผู้แสวงหาผลตอบแทนสูง (มีเงินเก็บ ต้องการดอกเบี้ยสูง),"First Jobber รายได้ 24,000–45,000 บาท มีเงินเก็บก้อนแรก 30,000–100,000 บาท มองหาผลตอบแทนดอกเบี้ยสูง ป้องกันความเสี่ยงจากการหลอกลงทุนด้วย Protected Vault Protocol",0.12,HIGH,MAXIMUM,4730.0,0.0,1000.0,9300.0,5730.0,0.1971,0.0,0.0417,เช่าอพาร์ตเมนต์ราคาประหยัด,ไม่มีหนี้ผ่อนชำระ
ACC_0674,USER_0014,36000.0,602.34,10443.2,0.2901,0.2675,6544.76,0,0,Paycheck-to-Paycheck Spender,มนุษย์เงินเดือนชนเดือน (สภาพคล่องจำกัดปลายเดือน),"First Jobber รายได้ 18,000–35,000 บาท ใช้ชีวิตเดือนชนเดือน ต้องการระบบออมเงินอัตโนมัติแบบไม่ต้องจดบันทึก และสามารถดึงเงินคืนเข้าบัญชีหลักได้ทันที 100% เมื่อถึงกำหนดจ่ายค่าเช่าหรือบิล",0.06,MODERATE,FLEXIBLE,8030.0,4160.0,1320.0,1700.0,13510.0,0.2231,0.1156,0.0367,เช่าอพาร์ตเมนต์ชานเมือง,ผ่อนค่างวดรถมอเตอร์ไซค์
ACC_0675,USER_0015,28000.0,580.14,4237.2,0.1513,0.2627,10235.12,0,0,Paycheck-to-Paycheck Spender,มนุษย์เงินเดือนชนเดือน (สภาพคล่องจำกัดปลายเดือน),"First Jobber รายได้ 18,000–35,000 บาท ใช้ชีวิตเดือนชนเดือน ต้องการระบบออมเงินอัตโนมัติแบบไม่ต้องจดบันทึก และสามารถดึงเงินคืนเข้าบัญชีหลักได้ทันที 100% เมื่อถึงกำหนดจ่ายค่าเช่าหรือบิล",0.06,MODERATE,FLEXIBLE,7150.0,3430.0,1580.0,2700.0,12160.0,0.2554,0.1225,0.0564,เช่าอพาร์ตเมนต์ชานเมือง,ผ่อนสมาร์ตโฟน & แท็บเล็ต
ACC_0676,USER_0016,20000.0,620.72,850.0,0.0425,0.189,17951.67,0,1,High-Yield Seeker Novice,ผู้แสวงหาผลตอบแทนสูง (มีเงินเก็บ ต้องการดอกเบี้ยสูง),"First Jobber รายได้ 24,000–45,000 บาท มีเงินเก็บก้อนแรก 30,000–100,000 บาท มองหาผลตอบแทนดอกเบี้ยสูง ป้องกันความเสี่ยงจากการหลอกลงทุนด้วย Protected Vault Protocol",0.12,HIGH,MAXIMUM,4320.0,1000.0,1450.0,9000.0,6770.0,0.216,0.05,0.0725,เช่าอพาร์ตเมนต์ราคาประหยัด,ผ่อนสมาร์ตโฟน 0%
ACC_0677,USER_0017,28000.0,619.41,3031.8,0.1083,0.2586,6088.28,0,0,Paycheck-to-Paycheck Spender,มนุษย์เงินเดือนชนเดือน (สภาพคล่องจำกัดปลายเดือน),"First Jobber รายได้ 18,000–35,000 บาท ใช้ชีวิตเดือนชนเดือน ต้องการระบบออมเงินอัตโนมัติแบบไม่ต้องจดบันทึก และสามารถดึงเงินคืนเข้าบัญชีหลักได้ทันที 100% เมื่อถึงกำหนดจ่ายค่าเช่าหรือบิล",0.06,MODERATE,FLEXIBLE,7680.0,2800.0,2100.0,3000.0,12580.0,0.2743,0.1,0.075,ผ่อนห้องชุดคอนโดมิเนียม,ผ่อนสมาร์ตโฟน & แท็บเล็ต
ACC_0678,USER_0018,36000.0,653.75,6445.0,0.179,0.2491,10350.25,0,0,Paycheck-to-Paycheck Spender,มนุษย์เงินเดือนชนเดือน (สภาพคล่องจำกัดปลายเดือน),"First Jobber รายได้ 18,000–35,000 บาท ใช้ชีวิตเดือนชนเดือน ต้องการระบบออมเงินอัตโนมัติแบบไม่ต้องจดบันทึก และสามารถดึงเงินคืนเข้าบัญชีหลักได้ทันที 100% เมื่อถึงกำหนดจ่ายค่าเช่าหรือบิล",0.06,MODERATE,FLEXIBLE,8970.0,5650.0,1860.0,1900.0,16480.0,0.2492,0.1569,0.0517,ผ่อนห้องชุดคอนโดมิเนียม,ผ่อนบัตรเครดิต & สินเชื่อ
ACC_0679,USER_0019,28000.0,634.7,1066.0,0.0381,0.2931,17583.28,0,0,Paycheck-to-Paycheck Spender,มนุษย์เงินเดือนชนเดือน (สภาพคล่องจำกัดปลายเดือน),"First Jobber รายได้ 18,000–35,000 บาท ใช้ชีวิตเดือนชนเดือน ต้องการระบบออมเงินอัตโนมัติแบบไม่ต้องจดบันทึก และสามารถดึงเงินคืนเข้าบัญชีหลักได้ทันที 100% เมื่อถึงกำหนดจ่ายค่าเช่าหรือบิล",0.06,MODERATE,FLEXIBLE,7090.0,4660.0,2490.0,3200.0,14240.0,0.2532,0.1664,0.0889,เช่าอพาร์ตเมนต์ชานเมือง,ผ่อนค่างวดรถมอเตอร์ไซค์
ACC_0680,USER_0020,36000.0,618.23,6085.4,0.169,0.2217,9469.57,0,0,Paycheck-to-Paycheck Spender,มนุษย์เงินเดือนชนเดือน (สภาพคล่องจำกัดปลายเดือน),"First Jobber รายได้ 18,000–35,000 บาท ใช้ชีวิตเดือนชนเดือน ต้องการระบบออมเงินอัตโนมัติแบบไม่ต้องจดบันทึก และสามารถดึงเงินคืนเข้าบัญชีหลักได้ทันที 100% เมื่อถึงกำหนดจ่ายค่าเช่าหรือบิล",0.06,MODERATE,FLEXIBLE,10750.0,4360.0,2440.0,2800.0,17550.0,0.2986,0.1211,0.0678,เช่าอพาร์ตเมนต์ชานเมือง,ผ่อนสมาร์ตโฟน & แท็บเล็ต
ACC_0681,USER_0021,24000.0,627.86,6162.8,0.2568,0.2491,4033.12,0,1,High-Yield Seeker Novice,ผู้แสวงหาผลตอบแทนสูง (มีเงินเก็บ ต้องการดอกเบี้ยสูง),"First Jobber รายได้ 24,000–45,000 บาท มีเงินเก็บก้อนแรก 30,000–100,000 บาท มองหาผลตอบแทนดอกเบี้ยสูง ป้องกันความเสี่ยงจากการหลอกลงทุนด้วย Protected Vault Protocol",0.12,HIGH,MAXIMUM,4320.0,0.0,960.0,8800.0,5280.0,0.18,0.0,0.04,พักกับครอบครัว/ที่บ้าน,ไม่มีหนี้ผ่อนชำระ
ACC_0682,USER_0022,32000.0,629.9,4342.0,0.1357,0.258,8636.48,0,0,Paycheck-to-Paycheck Spender,มนุษย์เงินเดือนชนเดือน (สภาพคล่องจำกัดปลายเดือน),"First Jobber รายได้ 18,000–35,000 บาท ใช้ชีวิตเดือนชนเดือน ต้องการระบบออมเงินอัตโนมัติแบบไม่ต้องจดบันทึก และสามารถดึงเงินคืนเข้าบัญชีหลักได้ทันที 100% เมื่อถึงกำหนดจ่ายค่าเช่าหรือบิล",0.06,MODERATE,FLEXIBLE,9680.0,3500.0,1880.0,1500.0,15060.0,0.3025,0.1094,0.0588,เช่าอพาร์ตเมนต์ชานเมือง,ผ่อนค่างวดรถมอเตอร์ไซค์
ACC_0683,USER_0023,20000.0,565.35,4373.0,0.2186,0.2316,5801.36,0,1,High-Yield Seeker Novice,ผู้แสวงหาผลตอบแทนสูง (มีเงินเก็บ ต้องการดอกเบี้ยสูง),"First Jobber รายได้ 24,000–45,000 บาท มีเงินเก็บก้อนแรก 30,000–100,000 บาท มองหาผลตอบแทนดอกเบี้ยสูง ป้องกันความเสี่ยงจากการหลอกลงทุนด้วย Protected Vault Protocol",0.12,HIGH,MAXIMUM,3450.0,0.0,870.0,5700.0,4320.0,0.1725,0.0,0.0435,เช่าห้องพักสไตล์มินิมอล,ไม่มีหนี้ผ่อนชำระ
ACC_0684,USER_0024,36000.0,559.35,7643.0,0.2123,0.2444,13818.43,0,0,Paycheck-to-Paycheck Spender,มนุษย์เงินเดือนชนเดือน (สภาพคล่องจำกัดปลายเดือน),"First Jobber รายได้ 18,000–35,000 บาท ใช้ชีวิตเดือนชนเดือน ต้องการระบบออมเงินอัตโนมัติแบบไม่ต้องจดบันทึก และสามารถดึงเงินคืนเข้าบัญชีหลักได้ทันที 100% เมื่อถึงกำหนดจ่ายค่าเช่าหรือบิล",0.06,MODERATE,FLEXIBLE,10670.0,4350.0,2150.0,2000.0,17170.0,0.2964,0.1208,0.0597,เช่าอพาร์ตเมนต์ชานเมือง,ผ่อนบัตรเครดิต & สินเชื่อ
ACC_0685,USER_0025,28000.0,683.89,3732.2,0.1333,0.2573,11300.29,0,0,Paycheck-to-Paycheck Spender,มนุษย์เงินเดือนชนเดือน (สภาพคล่องจำกัดปลายเดือน),"First Jobber รายได้ 18,000–35,000 บาท ใช้ชีวิตเดือนชนเดือน ต้องการระบบออมเงินอัตโนมัติแบบไม่ต้องจดบันทึก และสามารถดึงเงินคืนเข้าบัญชีหลักได้ทันที 100% เมื่อถึงกำหนดจ่ายค่าเช่าหรือบิล",0.06,MODERATE,FLEXIBLE,6610.0,2440.0,1540.0,2800.0,10590.0,0.2361,0.0871,0.055,ผ่อนห้องชุดคอนโดมิเนียม,ผ่อนหนี้ กยศ.
ACC_0686,USER_0026,36000.0,684.13,4677.4,0.1299,0.2337,7167.14,0,0,Paycheck-to-Paycheck Spender,มนุษย์เงินเดือนชนเดือน (สภาพคล่องจำกัดปลายเดือน),"First Jobber รายได้ 18,000–35,000 บาท ใช้ชีวิตเดือนชนเดือน ต้องการระบบออมเงินอัตโนมัติแบบไม่ต้องจดบันทึก และสามารถดึงเงินคืนเข้าบัญชีหลักได้ทันที 100% เมื่อถึงกำหนดจ่ายค่าเช่าหรือบิล",0.06,MODERATE,FLEXIBLE,10850.0,5350.0,1440.0,2100.0,17640.0,0.3014,0.1486,0.04,ผ่อนห้องชุดคอนโดมิเนียม,ผ่อนค่างวดรถมอเตอร์ไซค์
ACC_0687,USER_0027,24000.0,596.07,6248.6,0.2604,0.2222,3724.69,0,1,High-Yield Seeker Novice,ผู้แสวงหาผลตอบแทนสูง (มีเงินเก็บ ต้องการดอกเบี้ยสูง),"First Jobber รายได้ 24,000–45,000 บาท มีเงินเก็บก้อนแรก 30,000–100,000 บาท มองหาผลตอบแทนดอกเบี้ยสูง ป้องกันความเสี่ยงจากการหลอกลงทุนด้วย Protected Vault Protocol",0.12,HIGH,MAXIMUM,4420.0,0.0,1410.0,4900.0,5830.0,0.1842,0.0,0.0588,เช่าห้องพักสไตล์มินิมอล,ไม่มีหนี้ผ่อนชำระ
ACC_0688,USER_0028,28000.0,585.07,2628.6,0.0939,0.2098,12969.92,0,0,Paycheck-to-Paycheck Spender,มนุษย์เงินเดือนชนเดือน (สภาพคล่องจำกัดปลายเดือน),"First Jobber รายได้ 18,000–35,000 บาท ใช้ชีวิตเดือนชนเดือน ต้องการระบบออมเงินอัตโนมัติแบบไม่ต้องจดบันทึก และสามารถดึงเงินคืนเข้าบัญชีหลักได้ทันที 100% เมื่อถึงกำหนดจ่ายค่าเช่าหรือบิล",0.06,MODERATE,FLEXIBLE,8480.0,2840.0,2350.0,3100.0,13670.0,0.3029,0.1014,0.0839,เช่าอพาร์ตเมนต์ชานเมือง,ผ่อนสมาร์ตโฟน & แท็บเล็ต
ACC_0689,USER_0029,24000.0,600.09,6898.2,0.2874,0.3235,6443.14,0,1,High-Yield Seeker Novice,ผู้แสวงหาผลตอบแทนสูง (มีเงินเก็บ ต้องการดอกเบี้ยสูง),"First Jobber รายได้ 24,000–45,000 บาท มีเงินเก็บก้อนแรก 30,000–100,000 บาท มองหาผลตอบแทนดอกเบี้ยสูง ป้องกันความเสี่ยงจากการหลอกลงทุนด้วย Protected Vault Protocol",0.12,HIGH,MAXIMUM,4080.0,0.0,1020.0,6300.0,5100.0,0.17,0.0,0.0425,เช่าห้องพักสไตล์มินิมอล,ไม่มีหนี้ผ่อนชำระ
ACC_0690,USER_0030,28000.0,652.24,1955.2,0.0698,0.2188,11820.63,0,0,Paycheck-to-Paycheck Spender,มนุษย์เงินเดือนชนเดือน (สภาพคล่องจำกัดปลายเดือน),"First Jobber รายได้ 18,000–35,000 บาท ใช้ชีวิตเดือนชนเดือน ต้องการระบบออมเงินอัตโนมัติแบบไม่ต้องจดบันทึก และสามารถดึงเงินคืนเข้าบัญชีหลักได้ทันที 100% เมื่อถึงกำหนดจ่ายค่าเช่าหรือบิล",0.06,MODERATE,FLEXIBLE,7260.0,3790.0,1950.0,1900.0,13000.0,0.2593,0.1354,0.0696,เช่าอพาร์ตเมนต์ชานเมือง,ผ่อนบัตรเครดิต & สินเชื่อ
ACC_0691,USER_0031,36000.0,554.28,6234.4,0.1732,0.2492,2733.44,0,0,Paycheck-to-Paycheck Spender,มนุษย์เงินเดือนชนเดือน (สภาพคล่องจำกัดปลายเดือน),"First Jobber รายได้ 18,000–35,000 บาท ใช้ชีวิตเดือนชนเดือน ต้องการระบบออมเงินอัตโนมัติแบบไม่ต้องจดบันทึก และสามารถดึงเงินคืนเข้าบัญชีหลักได้ทันที 100% เมื่อถึงกำหนดจ่ายค่าเช่าหรือบิล",0.06,MODERATE,FLEXIBLE,10360.0,5900.0,2420.0,3000.0,18680.0,0.2878,0.1639,0.0672,เช่าคอนโดติดรถไฟฟ้า,ผ่อนหนี้ กยศ.
ACC_0692,USER_0032,28000.0,599.66,3266.8,0.1167,0.2195,2630.04,0,0,Paycheck-to-Paycheck Spender,มนุษย์เงินเดือนชนเดือน (สภาพคล่องจำกัดปลายเดือน),"First Jobber รายได้ 18,000–35,000 บาท ใช้ชีวิตเดือนชนเดือน ต้องการระบบออมเงินอัตโนมัติแบบไม่ต้องจดบันทึก และสามารถดึงเงินคืนเข้าบัญชีหลักได้ทันที 100% เมื่อถึงกำหนดจ่ายค่าเช่าหรือบิล",0.06,MODERATE,FLEXIBLE,7870.0,2690.0,2180.0,1900.0,12740.0,0.2811,0.0961,0.0779,เช่าอพาร์ตเมนต์ชานเมือง,ผ่อนค่างวดรถมอเตอร์ไซค์
ACC_0693,USER_0033,36000.0,645.28,9534.4,0.2648,0.174,15817.01,0,0,Paycheck-to-Paycheck Spender,มนุษย์เงินเดือนชนเดือน (สภาพคล่องจำกัดปลายเดือน),"First Jobber รายได้ 18,000–35,000 บาท ใช้ชีวิตเดือนชนเดือน ต้องการระบบออมเงินอัตโนมัติแบบไม่ต้องจดบันทึก และสามารถดึงเงินคืนเข้าบัญชีหลักได้ทันที 100% เมื่อถึงกำหนดจ่ายค่าเช่าหรือบิล",0.06,MODERATE,FLEXIBLE,8750.0,3300.0,1510.0,1500.0,13560.0,0.2431,0.0917,0.0419,เช่าอพาร์ตเมนต์ชานเมือง,ผ่อนบัตรเครดิต & สินเชื่อ
ACC_0694,USER_0034,36000.0,584.73,7505.4,0.2085,0.2935,16568.94,0,0,Paycheck-to-Paycheck Spender,มนุษย์เงินเดือนชนเดือน (สภาพคล่องจำกัดปลายเดือน),"First Jobber รายได้ 18,000–35,000 บาท ใช้ชีวิตเดือนชนเดือน ต้องการระบบออมเงินอัตโนมัติแบบไม่ต้องจดบันทึก และสามารถดึงเงินคืนเข้าบัญชีหลักได้ทันที 100% เมื่อถึงกำหนดจ่ายค่าเช่าหรือบิล",0.06,MODERATE,FLEXIBLE,10560.0,4730.0,1510.0,1700.0,16800.0,0.2933,0.1314,0.0419,เช่าคอนโดติดรถไฟฟ้า,ผ่อนสมาร์ตโฟน & แท็บเล็ต
ACC_0695,USER_0035,28000.0,546.1,4118.0,0.1471,0.181,13673.68,0,0,Paycheck-to-Paycheck Spender,มนุษย์เงินเดือนชนเดือน (สภาพคล่องจำกัดปลายเดือน),"First Jobber รายได้ 18,000–35,000 บาท ใช้ชีวิตเดือนชนเดือน ต้องการระบบออมเงินอัตโนมัติแบบไม่ต้องจดบันทึก และสามารถดึงเงินคืนเข้าบัญชีหลักได้ทันที 100% เมื่อถึงกำหนดจ่ายค่าเช่าหรือบิล",0.06,MODERATE,FLEXIBLE,6620.0,4730.0,1610.0,2200.0,12960.0,0.2364,0.1689,0.0575,ผ่อนห้องชุดคอนโดมิเนียม,ผ่อนค่างวดรถมอเตอร์ไซค์
ACC_0696,USER_0036,36000.0,605.64,10197.2,0.2833,0.2611,14655.67,0,0,Paycheck-to-Paycheck Spender,มนุษย์เงินเดือนชนเดือน (สภาพคล่องจำกัดปลายเดือน),"First Jobber รายได้ 18,000–35,000 บาท ใช้ชีวิตเดือนชนเดือน ต้องการระบบออมเงินอัตโนมัติแบบไม่ต้องจดบันทึก และสามารถดึงเงินคืนเข้าบัญชีหลักได้ทันที 100% เมื่อถึงกำหนดจ่ายค่าเช่าหรือบิล",0.06,MODERATE,FLEXIBLE,8350.0,3640.0,1700.0,1800.0,13690.0,0.2319,0.1011,0.0472,ผ่อนห้องชุดคอนโดมิเนียม,ผ่อนสมาร์ตโฟน & แท็บเล็ต
ACC_0697,USER_0037,24000.0,601.5,6690.0,0.2788,0.2094,5167.31,0,1,High-Yield Seeker Novice,ผู้แสวงหาผลตอบแทนสูง (มีเงินเก็บ ต้องการดอกเบี้ยสูง),"First Jobber รายได้ 24,000–45,000 บาท มีเงินเก็บก้อนแรก 30,000–100,000 บาท มองหาผลตอบแทนดอกเบี้ยสูง ป้องกันความเสี่ยงจากการหลอกลงทุนด้วย Protected Vault Protocol",0.12,HIGH,MAXIMUM,3870.0,0.0,1410.0,7600.0,5280.0,0.1612,0.0,0.0588,เช่าอพาร์ตเมนต์ราคาประหยัด,ไม่มีหนี้ผ่อนชำระ
ACC_0698,USER_0038,20000.0,595.73,3225.4,0.1613,0.2054,3344.19,0,1,High-Yield Seeker Novice,ผู้แสวงหาผลตอบแทนสูง (มีเงินเก็บ ต้องการดอกเบี้ยสูง),"First Jobber รายได้ 24,000–45,000 บาท มีเงินเก็บก้อนแรก 30,000–100,000 บาท มองหาผลตอบแทนดอกเบี้ยสูง ป้องกันความเสี่ยงจากการหลอกลงทุนด้วย Protected Vault Protocol",0.12,HIGH,MAXIMUM,3690.0,0.0,1170.0,7500.0,4860.0,0.1845,0.0,0.0585,พักกับครอบครัว/ที่บ้าน,ไม่มีหนี้ผ่อนชำระ
ACC_0699,USER_0039,32000.0,594.74,5215.2,0.163,0.2524,3320.76,0,0,Paycheck-to-Paycheck Spender,มนุษย์เงินเดือนชนเดือน (สภาพคล่องจำกัดปลายเดือน),"First Jobber รายได้ 18,000–35,000 บาท ใช้ชีวิตเดือนชนเดือน ต้องการระบบออมเงินอัตโนมัติแบบไม่ต้องจดบันทึก และสามารถดึงเงินคืนเข้าบัญชีหลักได้ทันที 100% เมื่อถึงกำหนดจ่ายค่าเช่าหรือบิล",0.06,MODERATE,FLEXIBLE,8360.0,4970.0,1560.0,2200.0,14890.0,0.2612,0.1553,0.0488,เช่าคอนโดติดรถไฟฟ้า,ผ่อนสมาร์ตโฟน & แท็บเล็ต
ACC_0700,USER_0040,24000.0,681.58,4348.4,0.1812,0.2289,4504.74,0,1,High-Yield Seeker Novice,ผู้แสวงหาผลตอบแทนสูง (มีเงินเก็บ ต้องการดอกเบี้ยสูง),"First Jobber รายได้ 24,000–45,000 บาท มีเงินเก็บก้อนแรก 30,000–100,000 บาท มองหาผลตอบแทนดอกเบี้ยสูง ป้องกันความเสี่ยงจากการหลอกลงทุนด้วย Protected Vault Protocol",0.12,HIGH,MAXIMUM,4460.0,0.0,1560.0,8300.0,6020.0,0.1858,0.0,0.065,เช่าห้องพักสไตล์มินิมอล,ไม่มีหนี้ผ่อนชำระ
ACC_0701,USER_0041,28000.0,584.79,5144.2,0.1837,0.2801,3922.31,0,0,Paycheck-to-Paycheck Spender,มนุษย์เงินเดือนชนเดือน (สภาพคล่องจำกัดปลายเดือน),"First Jobber รายได้ 18,000–35,000 บาท ใช้ชีวิตเดือนชนเดือน ต้องการระบบออมเงินอัตโนมัติแบบไม่ต้องจดบันทึก และสามารถดึงเงินคืนเข้าบัญชีหลักได้ทันที 100% เมื่อถึงกำหนดจ่ายค่าเช่าหรือบิล",0.06,MODERATE,FLEXIBLE,6490.0,3180.0,1490.0,2900.0,11160.0,0.2318,0.1136,0.0532,ผ่อนห้องชุดคอนโดมิเนียม,ผ่อนบัตรเครดิต & สินเชื่อ
ACC_0702,USER_0042,36000.0,629.39,6412.2,0.1781,0.1914,4476.39,0,0,Paycheck-to-Paycheck Spender,มนุษย์เงินเดือนชนเดือน (สภาพคล่องจำกัดปลายเดือน),"First Jobber รายได้ 18,000–35,000 บาท ใช้ชีวิตเดือนชนเดือน ต้องการระบบออมเงินอัตโนมัติแบบไม่ต้องจดบันทึก และสามารถดึงเงินคืนเข้าบัญชีหลักได้ทันที 100% เมื่อถึงกำหนดจ่ายค่าเช่าหรือบิล",0.06,MODERATE,FLEXIBLE,9330.0,6100.0,1570.0,2500.0,17000.0,0.2592,0.1694,0.0436,เช่าคอนโดติดรถไฟฟ้า,ผ่อนบัตรเครดิต & สินเชื่อ
ACC_0703,USER_0043,20000.0,554.81,4173.8,0.2087,0.2122,16988.11,0,1,High-Yield Seeker Novice,ผู้แสวงหาผลตอบแทนสูง (มีเงินเก็บ ต้องการดอกเบี้ยสูง),"First Jobber รายได้ 24,000–45,000 บาท มีเงินเก็บก้อนแรก 30,000–100,000 บาท มองหาผลตอบแทนดอกเบี้ยสูง ป้องกันความเสี่ยงจากการหลอกลงทุนด้วย Protected Vault Protocol",0.12,HIGH,MAXIMUM,2830.0,1000.0,900.0,7100.0,4730.0,0.1415,0.05,0.045,เช่าอพาร์ตเมนต์ราคาประหยัด,ผ่อนสมาร์ตโฟน 0%
ACC_0704,USER_0044,32000.0,593.95,4681.0,0.1463,0.2257,6450.27,0,0,Paycheck-to-Paycheck Spender,มนุษย์เงินเดือนชนเดือน (สภาพคล่องจำกัดปลายเดือน),"First Jobber รายได้ 18,000–35,000 บาท ใช้ชีวิตเดือนชนเดือน ต้องการระบบออมเงินอัตโนมัติแบบไม่ต้องจดบันทึก และสามารถดึงเงินคืนเข้าบัญชีหลักได้ทันที 100% เมื่อถึงกำหนดจ่ายค่าเช่าหรือบิล",0.06,MODERATE,FLEXIBLE,9050.0,4760.0,1630.0,1500.0,15440.0,0.2828,0.1488,0.0509,เช่าคอนโดติดรถไฟฟ้า,ผ่อนค่างวดรถมอเตอร์ไซค์
ACC_0705,USER_0045,32000.0,681.27,2434.6,0.0761,0.2552,11972.67,0,0,Paycheck-to-Paycheck Spender,มนุษย์เงินเดือนชนเดือน (สภาพคล่องจำกัดปลายเดือน),"First Jobber รายได้ 18,000–35,000 บาท ใช้ชีวิตเดือนชนเดือน ต้องการระบบออมเงินอัตโนมัติแบบไม่ต้องจดบันทึก และสามารถดึงเงินคืนเข้าบัญชีหลักได้ทันที 100% เมื่อถึงกำหนดจ่ายค่าเช่าหรือบิล",0.06,MODERATE,FLEXIBLE,9450.0,4050.0,2440.0,1900.0,15940.0,0.2953,0.1266,0.0762,ผ่อนห้องชุดคอนโดมิเนียม,ผ่อนสมาร์ตโฟน & แท็บเล็ต
ACC_0706,USER_0046,28000.0,571.24,3155.2,0.1127,0.2158,9511.18,0,0,Paycheck-to-Paycheck Spender,มนุษย์เงินเดือนชนเดือน (สภาพคล่องจำกัดปลายเดือน),"First Jobber รายได้ 18,000–35,000 บาท ใช้ชีวิตเดือนชนเดือน ต้องการระบบออมเงินอัตโนมัติแบบไม่ต้องจดบันทึก และสามารถดึงเงินคืนเข้าบัญชีหลักได้ทันที 100% เมื่อถึงกำหนดจ่ายค่าเช่าหรือบิล",0.06,MODERATE,FLEXIBLE,8380.0,3500.0,1540.0,3200.0,13420.0,0.2993,0.125,0.055,เช่าคอนโดติดรถไฟฟ้า,ผ่อนหนี้ กยศ.
ACC_0707,USER_0047,36000.0,580.43,9841.4,0.2734,0.2215,5395.24,0,0,Paycheck-to-Paycheck Spender,มนุษย์เงินเดือนชนเดือน (สภาพคล่องจำกัดปลายเดือน),"First Jobber รายได้ 18,000–35,000 บาท ใช้ชีวิตเดือนชนเดือน ต้องการระบบออมเงินอัตโนมัติแบบไม่ต้องจดบันทึก และสามารถดึงเงินคืนเข้าบัญชีหลักได้ทันที 100% เมื่อถึงกำหนดจ่ายค่าเช่าหรือบิล",0.06,MODERATE,FLEXIBLE,9600.0,3150.0,1800.0,3100.0,14550.0,0.2667,0.0875,0.05,ผ่อนห้องชุดคอนโดมิเนียม,ผ่อนค่างวดรถมอเตอร์ไซค์
ACC_0708,USER_0048,24000.0,609.46,6550.8,0.273,0.2578,2242.41,0,1,High-Yield Seeker Novice,ผู้แสวงหาผลตอบแทนสูง (มีเงินเก็บ ต้องการดอกเบี้ยสูง),"First Jobber รายได้ 24,000–45,000 บาท มีเงินเก็บก้อนแรก 30,000–100,000 บาท มองหาผลตอบแทนดอกเบี้ยสูง ป้องกันความเสี่ยงจากการหลอกลงทุนด้วย Protected Vault Protocol",0.12,HIGH,MAXIMUM,3750.0,0.0,1510.0,6600.0,5260.0,0.1562,0.0,0.0629,เช่าห้องพักสไตล์มินิมอล,ไม่มีหนี้ผ่อนชำระ
ACC_0709,USER_0049,36000.0,618.64,5087.2,0.1413,0.2469,13982.56,0,0,Paycheck-to-Paycheck Spender,มนุษย์เงินเดือนชนเดือน (สภาพคล่องจำกัดปลายเดือน),"First Jobber รายได้ 18,000–35,000 บาท ใช้ชีวิตเดือนชนเดือน ต้องการระบบออมเงินอัตโนมัติแบบไม่ต้องจดบันทึก และสามารถดึงเงินคืนเข้าบัญชีหลักได้ทันที 100% เมื่อถึงกำหนดจ่ายค่าเช่าหรือบิล",0.06,MODERATE,FLEXIBLE,10600.0,5930.0,2010.0,3500.0,18540.0,0.2944,0.1647,0.0558,เช่าอพาร์ตเมนต์ชานเมือง,ผ่อนสมาร์ตโฟน & แท็บเล็ต
ACC_0710,USER_0050,36000.0,621.09,5768.2,0.1602,0.2838,15652.2,0,0,Paycheck-to-Paycheck Spender,มนุษย์เงินเดือนชนเดือน (สภาพคล่องจำกัดปลายเดือน),"First Jobber รายได้ 18,000–35,000 บาท ใช้ชีวิตเดือนชนเดือน ต้องการระบบออมเงินอัตโนมัติแบบไม่ต้องจดบันทึก และสามารถดึงเงินคืนเข้าบัญชีหลักได้ทันที 100% เมื่อถึงกำหนดจ่ายค่าเช่าหรือบิล",0.06,MODERATE,FLEXIBLE,9770.0,6440.0,1600.0,3400.0,17810.0,0.2714,0.1789,0.0444,เช่าอพาร์ตเมนต์ชานเมือง,ผ่อนบัตรเครดิต & สินเชื่อ
ACC_0711,USER_0051,20000.0,630.72,2475.6,0.1238,0.1649,10917.7,0,1,High-Yield Seeker Novice,ผู้แสวงหาผลตอบแทนสูง (มีเงินเก็บ ต้องการดอกเบี้ยสูง),"First Jobber รายได้ 24,000–45,000 บาท มีเงินเก็บก้อนแรก 30,000–100,000 บาท มองหาผลตอบแทนดอกเบี้ยสูง ป้องกันความเสี่ยงจากการหลอกลงทุนด้วย Protected Vault Protocol",0.12,HIGH,MAXIMUM,3510.0,0.0,1400.0,7800.0,4910.0,0.1755,0.0,0.07,เช่าอพาร์ตเมนต์ราคาประหยัด,ไม่มีหนี้ผ่อนชำระ
ACC_0712,USER_0052,28000.0,637.32,2283.6,0.0816,0.1736,12699.16,0,0,Paycheck-to-Paycheck Spender,มนุษย์เงินเดือนชนเดือน (สภาพคล่องจำกัดปลายเดือน),"First Jobber รายได้ 18,000–35,000 บาท ใช้ชีวิตเดือนชนเดือน ต้องการระบบออมเงินอัตโนมัติแบบไม่ต้องจดบันทึก และสามารถดึงเงินคืนเข้าบัญชีหลักได้ทันที 100% เมื่อถึงกำหนดจ่ายค่าเช่าหรือบิล",0.06,MODERATE,FLEXIBLE,7190.0,3540.0,2240.0,2800.0,12970.0,0.2568,0.1264,0.08,ผ่อนห้องชุดคอนโดมิเนียม,ผ่อนค่างวดรถมอเตอร์ไซค์
ACC_0713,USER_0053,28000.0,664.2,3526.0,0.1259,0.2227,17698.32,0,0,Paycheck-to-Paycheck Spender,มนุษย์เงินเดือนชนเดือน (สภาพคล่องจำกัดปลายเดือน),"First Jobber รายได้ 18,000–35,000 บาท ใช้ชีวิตเดือนชนเดือน ต้องการระบบออมเงินอัตโนมัติแบบไม่ต้องจดบันทึก และสามารถดึงเงินคืนเข้าบัญชีหลักได้ทันที 100% เมื่อถึงกำหนดจ่ายค่าเช่าหรือบิล",0.06,MODERATE,FLEXIBLE,6180.0,2850.0,2160.0,2500.0,11190.0,0.2207,0.1018,0.0771,ผ่อนห้องชุดคอนโดมิเนียม,ผ่อนค่างวดรถมอเตอร์ไซค์
ACC_0714,USER_0054,32000.0,566.37,9072.6,0.2835,0.2022,10273.03,0,0,Paycheck-to-Paycheck Spender,มนุษย์เงินเดือนชนเดือน (สภาพคล่องจำกัดปลายเดือน),"First Jobber รายได้ 18,000–35,000 บาท ใช้ชีวิตเดือนชนเดือน ต้องการระบบออมเงินอัตโนมัติแบบไม่ต้องจดบันทึก และสามารถดึงเงินคืนเข้าบัญชีหลักได้ทันที 100% เมื่อถึงกำหนดจ่ายค่าเช่าหรือบิล",0.06,MODERATE,FLEXIBLE,7350.0,2890.0,1360.0,2700.0,11600.0,0.2297,0.0903,0.0425,เช่าคอนโดติดรถไฟฟ้า,ผ่อนสมาร์ตโฟน & แท็บเล็ต
ACC_0715,USER_0055,24000.0,573.3,1004.0,0.0418,0.2168,8304.76,0,0,Paycheck-to-Paycheck Spender,มนุษย์เงินเดือนชนเดือน (สภาพคล่องจำกัดปลายเดือน),"First Jobber รายได้ 18,000–35,000 บาท ใช้ชีวิตเดือนชนเดือน ต้องการระบบออมเงินอัตโนมัติแบบไม่ต้องจดบันทึก และสามารถดึงเงินคืนเข้าบัญชีหลักได้ทันที 100% เมื่อถึงกำหนดจ่ายค่าเช่าหรือบิล",0.06,MODERATE,FLEXIBLE,6600.0,3170.0,1760.0,2900.0,11530.0,0.275,0.1321,0.0733,เช่าคอนโดติดรถไฟฟ้า,ผ่อนหนี้ กยศ.
ACC_0716,USER_0056,24000.0,537.15,5997.0,0.2499,0.2243,7526.84,0,1,High-Yield Seeker Novice,ผู้แสวงหาผลตอบแทนสูง (มีเงินเก็บ ต้องการดอกเบี้ยสูง),"First Jobber รายได้ 24,000–45,000 บาท มีเงินเก็บก้อนแรก 30,000–100,000 บาท มองหาผลตอบแทนดอกเบี้ยสูง ป้องกันความเสี่ยงจากการหลอกลงทุนด้วย Protected Vault Protocol",0.12,HIGH,MAXIMUM,4650.0,1200.0,1410.0,5400.0,7260.0,0.1938,0.05,0.0588,เช่าห้องพักสไตล์มินิมอล,ผ่อนสมาร์ตโฟน 0%
ACC_0717,USER_0057,28000.0,546.6,1598.0,0.0571,0.2374,12429.18,0,0,Paycheck-to-Paycheck Spender,มนุษย์เงินเดือนชนเดือน (สภาพคล่องจำกัดปลายเดือน),"First Jobber รายได้ 18,000–35,000 บาท ใช้ชีวิตเดือนชนเดือน ต้องการระบบออมเงินอัตโนมัติแบบไม่ต้องจดบันทึก และสามารถดึงเงินคืนเข้าบัญชีหลักได้ทันที 100% เมื่อถึงกำหนดจ่ายค่าเช่าหรือบิล",0.06,MODERATE,FLEXIBLE,8650.0,4340.0,2480.0,3000.0,15470.0,0.3089,0.155,0.0886,ผ่อนห้องชุดคอนโดมิเนียม,ผ่อนบัตรเครดิต & สินเชื่อ
ACC_0718,USER_0058,36000.0,633.13,4937.4,0.1372,0.2531,4230.32,0,0,Paycheck-to-Paycheck Spender,มนุษย์เงินเดือนชนเดือน (สภาพคล่องจำกัดปลายเดือน),"First Jobber รายได้ 18,000–35,000 บาท ใช้ชีวิตเดือนชนเดือน ต้องการระบบออมเงินอัตโนมัติแบบไม่ต้องจดบันทึก และสามารถดึงเงินคืนเข้าบัญชีหลักได้ทันที 100% เมื่อถึงกำหนดจ่ายค่าเช่าหรือบิล",0.06,MODERATE,FLEXIBLE,10270.0,6080.0,2050.0,2800.0,18400.0,0.2853,0.1689,0.0569,เช่าอพาร์ตเมนต์ชานเมือง,ผ่อนค่างวดรถมอเตอร์ไซค์
ACC_0719,USER_0059,24000.0,602.32,5433.6,0.2264,0.2398,12966.29,0,1,High-Yield Seeker Novice,ผู้แสวงหาผลตอบแทนสูง (มีเงินเก็บ ต้องการดอกเบี้ยสูง),"First Jobber รายได้ 24,000–45,000 บาท มีเงินเก็บก้อนแรก 30,000–100,000 บาท มองหาผลตอบแทนดอกเบี้ยสูง ป้องกันความเสี่ยงจากการหลอกลงทุนด้วย Protected Vault Protocol",0.12,HIGH,MAXIMUM,4270.0,1200.0,1050.0,5600.0,6520.0,0.1779,0.05,0.0438,เช่าอพาร์ตเมนต์ราคาประหยัด,ผ่อนสมาร์ตโฟน 0%
ACC_0720,USER_0060,20000.0,607.84,3483.2,0.1742,0.2331,11724.34,0,1,High-Yield Seeker Novice,ผู้แสวงหาผลตอบแทนสูง (มีเงินเก็บ ต้องการดอกเบี้ยสูง),"First Jobber รายได้ 24,000–45,000 บาท มีเงินเก็บก้อนแรก 30,000–100,000 บาท มองหาผลตอบแทนดอกเบี้ยสูง ป้องกันความเสี่ยงจากการหลอกลงทุนด้วย Protected Vault Protocol",0.12,HIGH,MAXIMUM,3190.0,0.0,1170.0,9500.0,4360.0,0.1595,0.0,0.0585,เช่าอพาร์ตเมนต์ราคาประหยัด,ไม่มีหนี้ผ่อนชำระ
ACC_0721,USER_0061,32000.0,572.95,7881.0,0.2463,0.2057,3171.03,0,0,Paycheck-to-Paycheck Spender,มนุษย์เงินเดือนชนเดือน (สภาพคล่องจำกัดปลายเดือน),"First Jobber รายได้ 18,000–35,000 บาท ใช้ชีวิตเดือนชนเดือน ต้องการระบบออมเงินอัตโนมัติแบบไม่ต้องจดบันทึก และสามารถดึงเงินคืนเข้าบัญชีหลักได้ทันที 100% เมื่อถึงกำหนดจ่ายค่าเช่าหรือบิล",0.06,MODERATE,FLEXIBLE,7640.0,2810.0,2210.0,2300.0,12660.0,0.2388,0.0878,0.0691,เช่าอพาร์ตเมนต์ชานเมือง,ผ่อนหนี้ กยศ.
ACC_0722,USER_0062,28000.0,670.92,850.0,0.0304,0.218,4166.84,0,0,Paycheck-to-Paycheck Spender,มนุษย์เงินเดือนชนเดือน (สภาพคล่องจำกัดปลายเดือน),"First Jobber รายได้ 18,000–35,000 บาท ใช้ชีวิตเดือนชนเดือน ต้องการระบบออมเงินอัตโนมัติแบบไม่ต้องจดบันทึก และสามารถดึงเงินคืนเข้าบัญชีหลักได้ทันที 100% เมื่อถึงกำหนดจ่ายค่าเช่าหรือบิล",0.06,MODERATE,FLEXIBLE,8010.0,4470.0,1650.0,2900.0,14130.0,0.2861,0.1596,0.0589,ผ่อนห้องชุดคอนโดมิเนียม,ผ่อนหนี้ กยศ.
ACC_0723,USER_0063,32000.0,581.58,3998.4,0.125,0.266,5566.3,0,0,Paycheck-to-Paycheck Spender,มนุษย์เงินเดือนชนเดือน (สภาพคล่องจำกัดปลายเดือน),"First Jobber รายได้ 18,000–35,000 บาท ใช้ชีวิตเดือนชนเดือน ต้องการระบบออมเงินอัตโนมัติแบบไม่ต้องจดบันทึก และสามารถดึงเงินคืนเข้าบัญชีหลักได้ทันที 100% เมื่อถึงกำหนดจ่ายค่าเช่าหรือบิล",0.06,MODERATE,FLEXIBLE,10050.0,4600.0,1720.0,2000.0,16370.0,0.3141,0.1438,0.0538,เช่าคอนโดติดรถไฟฟ้า,ผ่อนสมาร์ตโฟน & แท็บเล็ต
ACC_0724,USER_0064,28000.0,662.49,1370.2,0.0489,0.2736,16194.52,0,0,Paycheck-to-Paycheck Spender,มนุษย์เงินเดือนชนเดือน (สภาพคล่องจำกัดปลายเดือน),"First Jobber รายได้ 18,000–35,000 บาท ใช้ชีวิตเดือนชนเดือน ต้องการระบบออมเงินอัตโนมัติแบบไม่ต้องจดบันทึก และสามารถดึงเงินคืนเข้าบัญชีหลักได้ทันที 100% เมื่อถึงกำหนดจ่ายค่าเช่าหรือบิล",0.06,MODERATE,FLEXIBLE,6940.0,4070.0,2370.0,1600.0,13380.0,0.2479,0.1454,0.0846,เช่าคอนโดติดรถไฟฟ้า,ผ่อนหนี้ กยศ.
ACC_0725,USER_0065,24000.0,567.52,6119.6,0.255,0.3006,9927.24,0,1,High-Yield Seeker Novice,ผู้แสวงหาผลตอบแทนสูง (มีเงินเก็บ ต้องการดอกเบี้ยสูง),"First Jobber รายได้ 24,000–45,000 บาท มีเงินเก็บก้อนแรก 30,000–100,000 บาท มองหาผลตอบแทนดอกเบี้ยสูง ป้องกันความเสี่ยงจากการหลอกลงทุนด้วย Protected Vault Protocol",0.12,HIGH,MAXIMUM,4940.0,0.0,1590.0,8800.0,6530.0,0.2058,0.0,0.0662,พักกับครอบครัว/ที่บ้าน,ไม่มีหนี้ผ่อนชำระ
ACC_0726,USER_0066,32000.0,640.66,4306.8,0.1346,0.2795,14497.29,0,0,Paycheck-to-Paycheck Spender,มนุษย์เงินเดือนชนเดือน (สภาพคล่องจำกัดปลายเดือน),"First Jobber รายได้ 18,000–35,000 บาท ใช้ชีวิตเดือนชนเดือน ต้องการระบบออมเงินอัตโนมัติแบบไม่ต้องจดบันทึก และสามารถดึงเงินคืนเข้าบัญชีหลักได้ทันที 100% เมื่อถึงกำหนดจ่ายค่าเช่าหรือบิล",0.06,MODERATE,FLEXIBLE,9280.0,3740.0,1860.0,1600.0,14880.0,0.29,0.1169,0.0581,ผ่อนห้องชุดคอนโดมิเนียม,ผ่อนสมาร์ตโฟน & แท็บเล็ต
ACC_0727,USER_0067,20000.0,557.06,3178.8,0.1589,0.1738,2589.64,0,1,High-Yield Seeker Novice,ผู้แสวงหาผลตอบแทนสูง (มีเงินเก็บ ต้องการดอกเบี้ยสูง),"First Jobber รายได้ 24,000–45,000 บาท มีเงินเก็บก้อนแรก 30,000–100,000 บาท มองหาผลตอบแทนดอกเบี้ยสูง ป้องกันความเสี่ยงจากการหลอกลงทุนด้วย Protected Vault Protocol",0.12,HIGH,MAXIMUM,2850.0,1800.0,1030.0,7600.0,5680.0,0.1425,0.09,0.0515,พักกับครอบครัว/ที่บ้าน,ผ่อนอุปกรณ์ไอที/คอมพิวเตอร์
ACC_0728,USER_0068,32000.0,691.61,3127.8,0.0977,0.2699,2200.28,0,0,Paycheck-to-Paycheck Spender,มนุษย์เงินเดือนชนเดือน (สภาพคล่องจำกัดปลายเดือน),"First Jobber รายได้ 18,000–35,000 บาท ใช้ชีวิตเดือนชนเดือน ต้องการระบบออมเงินอัตโนมัติแบบไม่ต้องจดบันทึก และสามารถดึงเงินคืนเข้าบัญชีหลักได้ทันที 100% เมื่อถึงกำหนดจ่ายค่าเช่าหรือบิล",0.06,MODERATE,FLEXIBLE,9550.0,3930.0,1560.0,2500.0,15040.0,0.2984,0.1228,0.0488,ผ่อนห้องชุดคอนโดมิเนียม,ผ่อนบัตรเครดิต & สินเชื่อ
ACC_0729,USER_0069,28000.0,620.73,2675.4,0.0956,0.2781,2543.06,0,0,Paycheck-to-Paycheck Spender,มนุษย์เงินเดือนชนเดือน (สภาพคล่องจำกัดปลายเดือน),"First Jobber รายได้ 18,000–35,000 บาท ใช้ชีวิตเดือนชนเดือน ต้องการระบบออมเงินอัตโนมัติแบบไม่ต้องจดบันทึก และสามารถดึงเงินคืนเข้าบัญชีหลักได้ทันที 100% เมื่อถึงกำหนดจ่ายค่าเช่าหรือบิล",0.06,MODERATE,FLEXIBLE,7380.0,4110.0,1420.0,3000.0,12910.0,0.2636,0.1468,0.0507,เช่าคอนโดติดรถไฟฟ้า,ผ่อนสมาร์ตโฟน & แท็บเล็ต
ACC_0730,USER_0070,28000.0,561.11,1317.8,0.0471,0.2697,6855.99,0,0,Paycheck-to-Paycheck Spender,มนุษย์เงินเดือนชนเดือน (สภาพคล่องจำกัดปลายเดือน),"First Jobber รายได้ 18,000–35,000 บาท ใช้ชีวิตเดือนชนเดือน ต้องการระบบออมเงินอัตโนมัติแบบไม่ต้องจดบันทึก และสามารถดึงเงินคืนเข้าบัญชีหลักได้ทันที 100% เมื่อถึงกำหนดจ่ายค่าเช่าหรือบิล",0.06,MODERATE,FLEXIBLE,8140.0,4950.0,2370.0,3300.0,15460.0,0.2907,0.1768,0.0846,เช่าคอนโดติดรถไฟฟ้า,ผ่อนหนี้ กยศ.
ACC_0731,USER_0071,32000.0,637.3,3624.0,0.1132,0.1937,8692.79,0,0,Paycheck-to-Paycheck Spender,มนุษย์เงินเดือนชนเดือน (สภาพคล่องจำกัดปลายเดือน),"First Jobber รายได้ 18,000–35,000 บาท ใช้ชีวิตเดือนชนเดือน ต้องการระบบออมเงินอัตโนมัติแบบไม่ต้องจดบันทึก และสามารถดึงเงินคืนเข้าบัญชีหลักได้ทันที 100% เมื่อถึงกำหนดจ่ายค่าเช่าหรือบิล",0.06,MODERATE,FLEXIBLE,9600.0,4720.0,1310.0,2400.0,15630.0,0.3,0.1475,0.0409,ผ่อนห้องชุดคอนโดมิเนียม,ผ่อนหนี้ กยศ.
ACC_0732,USER_0072,32000.0,638.68,5086.4,0.1589,0.2109,16622.96,0,0,Paycheck-to-Paycheck Spender,มนุษย์เงินเดือนชนเดือน (สภาพคล่องจำกัดปลายเดือน),"First Jobber รายได้ 18,000–35,000 บาท ใช้ชีวิตเดือนชนเดือน ต้องการระบบออมเงินอัตโนมัติแบบไม่ต้องจดบันทึก และสามารถดึงเงินคืนเข้าบัญชีหลักได้ทันที 100% เมื่อถึงกำหนดจ่ายค่าเช่าหรือบิล",0.06,MODERATE,FLEXIBLE,8010.0,3580.0,2550.0,3300.0,14140.0,0.2503,0.1119,0.0797,เช่าคอนโดติดรถไฟฟ้า,ผ่อนหนี้ กยศ.
ACC_0733,USER_0073,28000.0,645.23,4115.4,0.147,0.2815,14828.6,0,0,Paycheck-to-Paycheck Spender,มนุษย์เงินเดือนชนเดือน (สภาพคล่องจำกัดปลายเดือน),"First Jobber รายได้ 18,000–35,000 บาท ใช้ชีวิตเดือนชนเดือน ต้องการระบบออมเงินอัตโนมัติแบบไม่ต้องจดบันทึก และสามารถดึงเงินคืนเข้าบัญชีหลักได้ทันที 100% เมื่อถึงกำหนดจ่ายค่าเช่าหรือบิล",0.06,MODERATE,FLEXIBLE,7300.0,2280.0,1400.0,2100.0,10980.0,0.2607,0.0814,0.05,เช่าอพาร์ตเมนต์ชานเมือง,ผ่อนสมาร์ตโฟน & แท็บเล็ต
ACC_0734,USER_0074,24000.0,613.66,4796.8,0.1999,0.2086,14647.77,0,1,High-Yield Seeker Novice,ผู้แสวงหาผลตอบแทนสูง (มีเงินเก็บ ต้องการดอกเบี้ยสูง),"First Jobber รายได้ 24,000–45,000 บาท มีเงินเก็บก้อนแรก 30,000–100,000 บาท มองหาผลตอบแทนดอกเบี้ยสูง ป้องกันความเสี่ยงจากการหลอกลงทุนด้วย Protected Vault Protocol",0.12,HIGH,MAXIMUM,3390.0,2160.0,1380.0,6200.0,6930.0,0.1412,0.09,0.0575,เช่าอพาร์ตเมนต์ราคาประหยัด,ผ่อนสมาร์ตโฟน 0%
ACC_0735,USER_0075,20000.0,554.35,3743.0,0.1872,0.2257,12844.41,0,1,High-Yield Seeker Novice,ผู้แสวงหาผลตอบแทนสูง (มีเงินเก็บ ต้องการดอกเบี้ยสูง),"First Jobber รายได้ 24,000–45,000 บาท มีเงินเก็บก้อนแรก 30,000–100,000 บาท มองหาผลตอบแทนดอกเบี้ยสูง ป้องกันความเสี่ยงจากการหลอกลงทุนด้วย Protected Vault Protocol",0.12,HIGH,MAXIMUM,3620.0,0.0,1550.0,6800.0,5170.0,0.181,0.0,0.0775,เช่าห้องพักสไตล์มินิมอล,ไม่มีหนี้ผ่อนชำระ
ACC_0736,USER_0076,36000.0,582.86,6752.8,0.1876,0.2365,8541.42,0,0,Paycheck-to-Paycheck Spender,มนุษย์เงินเดือนชนเดือน (สภาพคล่องจำกัดปลายเดือน),"First Jobber รายได้ 18,000–35,000 บาท ใช้ชีวิตเดือนชนเดือน ต้องการระบบออมเงินอัตโนมัติแบบไม่ต้องจดบันทึก และสามารถดึงเงินคืนเข้าบัญชีหลักได้ทันที 100% เมื่อถึงกำหนดจ่ายค่าเช่าหรือบิล",0.06,MODERATE,FLEXIBLE,10030.0,4970.0,2590.0,3000.0,17590.0,0.2786,0.1381,0.0719,ผ่อนห้องชุดคอนโดมิเนียม,ผ่อนสมาร์ตโฟน & แท็บเล็ต
ACC_0737,USER_0077,36000.0,637.7,6896.0,0.1916,0.2955,7443.59,0,0,Paycheck-to-Paycheck Spender,มนุษย์เงินเดือนชนเดือน (สภาพคล่องจำกัดปลายเดือน),"First Jobber รายได้ 18,000–35,000 บาท ใช้ชีวิตเดือนชนเดือน ต้องการระบบออมเงินอัตโนมัติแบบไม่ต้องจดบันทึก และสามารถดึงเงินคืนเข้าบัญชีหลักได้ทันที 100% เมื่อถึงกำหนดจ่ายค่าเช่าหรือบิล",0.06,MODERATE,FLEXIBLE,10470.0,4280.0,1600.0,2700.0,16350.0,0.2908,0.1189,0.0444,ผ่อนห้องชุดคอนโดมิเนียม,ผ่อนสมาร์ตโฟน & แท็บเล็ต
ACC_0738,USER_0078,20000.0,614.68,1996.4,0.0998,0.257,7500.43,0,1,High-Yield Seeker Novice,ผู้แสวงหาผลตอบแทนสูง (มีเงินเก็บ ต้องการดอกเบี้ยสูง),"First Jobber รายได้ 24,000–45,000 บาท มีเงินเก็บก้อนแรก 30,000–100,000 บาท มองหาผลตอบแทนดอกเบี้ยสูง ป้องกันความเสี่ยงจากการหลอกลงทุนด้วย Protected Vault Protocol",0.12,HIGH,MAXIMUM,3390.0,1000.0,1320.0,7100.0,5710.0,0.1695,0.05,0.066,เช่าห้องพักสไตล์มินิมอล,ผ่อนอุปกรณ์ไอที/คอมพิวเตอร์
ACC_0739,USER_0079,36000.0,553.41,7351.8,0.2042,0.2785,16153.63,0,0,Paycheck-to-Paycheck Spender,มนุษย์เงินเดือนชนเดือน (สภาพคล่องจำกัดปลายเดือน),"First Jobber รายได้ 18,000–35,000 บาท ใช้ชีวิตเดือนชนเดือน ต้องการระบบออมเงินอัตโนมัติแบบไม่ต้องจดบันทึก และสามารถดึงเงินคืนเข้าบัญชีหลักได้ทันที 100% เมื่อถึงกำหนดจ่ายค่าเช่าหรือบิล",0.06,MODERATE,FLEXIBLE,9700.0,5980.0,1900.0,3400.0,17580.0,0.2694,0.1661,0.0528,เช่าอพาร์ตเมนต์ชานเมือง,ผ่อนหนี้ กยศ.
ACC_0740,USER_0080,36000.0,607.42,4861.6,0.135,0.2005,11300.22,0,0,Paycheck-to-Paycheck Spender,มนุษย์เงินเดือนชนเดือน (สภาพคล่องจำกัดปลายเดือน),"First Jobber รายได้ 18,000–35,000 บาท ใช้ชีวิตเดือนชนเดือน ต้องการระบบออมเงินอัตโนมัติแบบไม่ต้องจดบันทึก และสามารถดึงเงินคืนเข้าบัญชีหลักได้ทันที 100% เมื่อถึงกำหนดจ่ายค่าเช่าหรือบิล",0.06,MODERATE,FLEXIBLE,11340.0,5880.0,1770.0,3200.0,18990.0,0.315,0.1633,0.0492,ผ่อนห้องชุดคอนโดมิเนียม,ผ่อนหนี้ กยศ.
ACC_0741,USER_0081,20000.0,634.91,2861.8,0.1431,0.2753,11461.85,0,1,High-Yield Seeker Novice,ผู้แสวงหาผลตอบแทนสูง (มีเงินเก็บ ต้องการดอกเบี้ยสูง),"First Jobber รายได้ 24,000–45,000 บาท มีเงินเก็บก้อนแรก 30,000–100,000 บาท มองหาผลตอบแทนดอกเบี้ยสูง ป้องกันความเสี่ยงจากการหลอกลงทุนด้วย Protected Vault Protocol",0.12,HIGH,MAXIMUM,3070.0,0.0,1370.0,8300.0,4440.0,0.1535,0.0,0.0685,เช่าห้องพักสไตล์มินิมอล,ไม่มีหนี้ผ่อนชำระ
ACC_0742,USER_0082,28000.0,613.24,3315.2,0.1184,0.2405,2020.53,0,0,Paycheck-to-Paycheck Spender,มนุษย์เงินเดือนชนเดือน (สภาพคล่องจำกัดปลายเดือน),"First Jobber รายได้ 18,000–35,000 บาท ใช้ชีวิตเดือนชนเดือน ต้องการระบบออมเงินอัตโนมัติแบบไม่ต้องจดบันทึก และสามารถดึงเงินคืนเข้าบัญชีหลักได้ทันที 100% เมื่อถึงกำหนดจ่ายค่าเช่าหรือบิล",0.06,MODERATE,FLEXIBLE,6360.0,3790.0,2270.0,3100.0,12420.0,0.2271,0.1354,0.0811,เช่าคอนโดติดรถไฟฟ้า,ผ่อนหนี้ กยศ.
ACC_0743,USER_0083,36000.0,626.15,9747.0,0.2708,0.1898,15319.05,0,0,Paycheck-to-Paycheck Spender,มนุษย์เงินเดือนชนเดือน (สภาพคล่องจำกัดปลายเดือน),"First Jobber รายได้ 18,000–35,000 บาท ใช้ชีวิตเดือนชนเดือน ต้องการระบบออมเงินอัตโนมัติแบบไม่ต้องจดบันทึก และสามารถดึงเงินคืนเข้าบัญชีหลักได้ทันที 100% เมื่อถึงกำหนดจ่ายค่าเช่าหรือบิล",0.06,MODERATE,FLEXIBLE,8650.0,3030.0,2050.0,2400.0,13730.0,0.2403,0.0842,0.0569,เช่าอพาร์ตเมนต์ชานเมือง,ผ่อนสมาร์ตโฟน & แท็บเล็ต
ACC_0744,USER_0084,32000.0,614.24,6405.2,0.2002,0.1863,6395.96,0,0,Paycheck-to-Paycheck Spender,มนุษย์เงินเดือนชนเดือน (สภาพคล่องจำกัดปลายเดือน),"First Jobber รายได้ 18,000–35,000 บาท ใช้ชีวิตเดือนชนเดือน ต้องการระบบออมเงินอัตโนมัติแบบไม่ต้องจดบันทึก และสามารถดึงเงินคืนเข้าบัญชีหลักได้ทันที 100% เมื่อถึงกำหนดจ่ายค่าเช่าหรือบิล",0.06,MODERATE,FLEXIBLE,7230.0,4750.0,1330.0,1800.0,13310.0,0.2259,0.1484,0.0416,ผ่อนห้องชุดคอนโดมิเนียม,ผ่อนค่างวดรถมอเตอร์ไซค์
ACC_0745,USER_0085,24000.0,595.74,5125.2,0.2136,0.2645,17280.32,0,1,High-Yield Seeker Novice,ผู้แสวงหาผลตอบแทนสูง (มีเงินเก็บ ต้องการดอกเบี้ยสูง),"First Jobber รายได้ 24,000–45,000 บาท มีเงินเก็บก้อนแรก 30,000–100,000 บาท มองหาผลตอบแทนดอกเบี้ยสูง ป้องกันความเสี่ยงจากการหลอกลงทุนด้วย Protected Vault Protocol",0.12,HIGH,MAXIMUM,4230.0,1200.0,1530.0,8000.0,6960.0,0.1762,0.05,0.0638,พักกับครอบครัว/ที่บ้าน,ผ่อนอุปกรณ์ไอที/คอมพิวเตอร์
ACC_0746,USER_0086,24000.0,540.99,6650.2,0.2771,0.2156,15373.98,0,1,High-Yield Seeker Novice,ผู้แสวงหาผลตอบแทนสูง (มีเงินเก็บ ต้องการดอกเบี้ยสูง),"First Jobber รายได้ 24,000–45,000 บาท มีเงินเก็บก้อนแรก 30,000–100,000 บาท มองหาผลตอบแทนดอกเบี้ยสูง ป้องกันความเสี่ยงจากการหลอกลงทุนด้วย Protected Vault Protocol",0.12,HIGH,MAXIMUM,5050.0,0.0,1480.0,8000.0,6530.0,0.2104,0.0,0.0617,พักกับครอบครัว/ที่บ้าน,ไม่มีหนี้ผ่อนชำระ
ACC_0747,USER_0087,36000.0,584.67,7516.6,0.2088,0.2073,8826.76,0,0,Paycheck-to-Paycheck Spender,มนุษย์เงินเดือนชนเดือน (สภาพคล่องจำกัดปลายเดือน),"First Jobber รายได้ 18,000–35,000 บาท ใช้ชีวิตเดือนชนเดือน ต้องการระบบออมเงินอัตโนมัติแบบไม่ต้องจดบันทึก และสามารถดึงเงินคืนเข้าบัญชีหลักได้ทันที 100% เมื่อถึงกำหนดจ่ายค่าเช่าหรือบิล",0.06,MODERATE,FLEXIBLE,10020.0,5010.0,1760.0,1600.0,16790.0,0.2783,0.1392,0.0489,เช่าคอนโดติดรถไฟฟ้า,ผ่อนค่างวดรถมอเตอร์ไซค์
ACC_0748,USER_0088,24000.0,554.85,5633.0,0.2347,0.193,16734.31,0,1,High-Yield Seeker Novice,ผู้แสวงหาผลตอบแทนสูง (มีเงินเก็บ ต้องการดอกเบี้ยสูง),"First Jobber รายได้ 24,000–45,000 บาท มีเงินเก็บก้อนแรก 30,000–100,000 บาท มองหาผลตอบแทนดอกเบี้ยสูง ป้องกันความเสี่ยงจากการหลอกลงทุนด้วย Protected Vault Protocol",0.12,HIGH,MAXIMUM,3800.0,2160.0,1310.0,5900.0,7270.0,0.1583,0.09,0.0546,พักกับครอบครัว/ที่บ้าน,ผ่อนอุปกรณ์ไอที/คอมพิวเตอร์
ACC_0749,USER_0089,36000.0,641.46,5840.8,0.1622,0.2874,14331.97,0,0,Paycheck-to-Paycheck Spender,มนุษย์เงินเดือนชนเดือน (สภาพคล่องจำกัดปลายเดือน),"First Jobber รายได้ 18,000–35,000 บาท ใช้ชีวิตเดือนชนเดือน ต้องการระบบออมเงินอัตโนมัติแบบไม่ต้องจดบันทึก และสามารถดึงเงินคืนเข้าบัญชีหลักได้ทันที 100% เมื่อถึงกำหนดจ่ายค่าเช่าหรือบิล",0.06,MODERATE,FLEXIBLE,10070.0,4690.0,2570.0,2900.0,17330.0,0.2797,0.1303,0.0714,ผ่อนห้องชุดคอนโดมิเนียม,ผ่อนบัตรเครดิต & สินเชื่อ
ACC_0750,USER_0090,20000.0,682.37,850.0,0.0425,0.2155,17334.69,0,1,High-Yield Seeker Novice,ผู้แสวงหาผลตอบแทนสูง (มีเงินเก็บ ต้องการดอกเบี้ยสูง),"First Jobber รายได้ 24,000–45,000 บาท มีเงินเก็บก้อนแรก 30,000–100,000 บาท มองหาผลตอบแทนดอกเบี้ยสูง ป้องกันความเสี่ยงจากการหลอกลงทุนด้วย Protected Vault Protocol",0.12,HIGH,MAXIMUM,4080.0,1800.0,940.0,5600.0,6820.0,0.204,0.09,0.047,เช่าห้องพักสไตล์มินิมอล,ผ่อนอุปกรณ์ไอที/คอมพิวเตอร์
ACC_0751,USER_0091,32000.0,564.01,4879.8,0.1525,0.2859,7409.08,0,0,Paycheck-to-Paycheck Spender,มนุษย์เงินเดือนชนเดือน (สภาพคล่องจำกัดปลายเดือน),"First Jobber รายได้ 18,000–35,000 บาท ใช้ชีวิตเดือนชนเดือน ต้องการระบบออมเงินอัตโนมัติแบบไม่ต้องจดบันทึก และสามารถดึงเงินคืนเข้าบัญชีหลักได้ทันที 100% เมื่อถึงกำหนดจ่ายค่าเช่าหรือบิล",0.06,MODERATE,FLEXIBLE,9250.0,4490.0,2100.0,3400.0,15840.0,0.2891,0.1403,0.0656,เช่าคอนโดติดรถไฟฟ้า,ผ่อนสมาร์ตโฟน & แท็บเล็ต
ACC_0752,USER_0092,32000.0,577.47,7460.6,0.2331,0.2468,2306.35,0,0,Paycheck-to-Paycheck Spender,มนุษย์เงินเดือนชนเดือน (สภาพคล่องจำกัดปลายเดือน),"First Jobber รายได้ 18,000–35,000 บาท ใช้ชีวิตเดือนชนเดือน ต้องการระบบออมเงินอัตโนมัติแบบไม่ต้องจดบันทึก และสามารถดึงเงินคืนเข้าบัญชีหลักได้ทันที 100% เมื่อถึงกำหนดจ่ายค่าเช่าหรือบิล",0.06,MODERATE,FLEXIBLE,7450.0,3670.0,1870.0,2300.0,12990.0,0.2328,0.1147,0.0584,เช่าคอนโดติดรถไฟฟ้า,ผ่อนค่างวดรถมอเตอร์ไซค์
ACC_0753,USER_0093,20000.0,647.18,1566.4,0.0783,0.2868,6672.68,0,1,High-Yield Seeker Novice,ผู้แสวงหาผลตอบแทนสูง (มีเงินเก็บ ต้องการดอกเบี้ยสูง),"First Jobber รายได้ 24,000–45,000 บาท มีเงินเก็บก้อนแรก 30,000–100,000 บาท มองหาผลตอบแทนดอกเบี้ยสูง ป้องกันความเสี่ยงจากการหลอกลงทุนด้วย Protected Vault Protocol",0.12,HIGH,MAXIMUM,4230.0,0.0,1260.0,8800.0,5490.0,0.2115,0.0,0.063,เช่าอพาร์ตเมนต์ราคาประหยัด,ไม่มีหนี้ผ่อนชำระ
ACC_0754,USER_0094,20000.0,629.01,3079.8,0.154,0.2197,12892.3,0,1,High-Yield Seeker Novice,ผู้แสวงหาผลตอบแทนสูง (มีเงินเก็บ ต้องการดอกเบี้ยสูง),"First Jobber รายได้ 24,000–45,000 บาท มีเงินเก็บก้อนแรก 30,000–100,000 บาท มองหาผลตอบแทนดอกเบี้ยสูง ป้องกันความเสี่ยงจากการหลอกลงทุนด้วย Protected Vault Protocol",0.12,HIGH,MAXIMUM,3140.0,0.0,1200.0,6000.0,4340.0,0.157,0.0,0.06,พักกับครอบครัว/ที่บ้าน,ไม่มีหนี้ผ่อนชำระ
ACC_0755,USER_0095,20000.0,598.3,3864.0,0.1932,0.2141,16095.35,0,1,High-Yield Seeker Novice,ผู้แสวงหาผลตอบแทนสูง (มีเงินเก็บ ต้องการดอกเบี้ยสูง),"First Jobber รายได้ 24,000–45,000 บาท มีเงินเก็บก้อนแรก 30,000–100,000 บาท มองหาผลตอบแทนดอกเบี้ยสูง ป้องกันความเสี่ยงจากการหลอกลงทุนด้วย Protected Vault Protocol",0.12,HIGH,MAXIMUM,2920.0,0.0,1250.0,9900.0,4170.0,0.146,0.0,0.0625,เช่าห้องพักสไตล์มินิมอล,ไม่มีหนี้ผ่อนชำระ
ACC_0756,USER_0096,24000.0,599.79,5724.2,0.2385,0.1925,17895.9,0,1,High-Yield Seeker Novice,ผู้แสวงหาผลตอบแทนสูง (มีเงินเก็บ ต้องการดอกเบี้ยสูง),"First Jobber รายได้ 24,000–45,000 บาท มีเงินเก็บก้อนแรก 30,000–100,000 บาท มองหาผลตอบแทนดอกเบี้ยสูง ป้องกันความเสี่ยงจากการหลอกลงทุนด้วย Protected Vault Protocol",0.12,HIGH,MAXIMUM,5220.0,0.0,1060.0,8900.0,6280.0,0.2175,0.0,0.0442,พักกับครอบครัว/ที่บ้าน,ไม่มีหนี้ผ่อนชำระ
ACC_0757,USER_0097,28000.0,584.78,4184.4,0.1494,0.2013,17154.74,0,0,Paycheck-to-Paycheck Spender,มนุษย์เงินเดือนชนเดือน (สภาพคล่องจำกัดปลายเดือน),"First Jobber รายได้ 18,000–35,000 บาท ใช้ชีวิตเดือนชนเดือน ต้องการระบบออมเงินอัตโนมัติแบบไม่ต้องจดบันทึก และสามารถดึงเงินคืนเข้าบัญชีหลักได้ทันที 100% เมื่อถึงกำหนดจ่ายค่าเช่าหรือบิล",0.06,MODERATE,FLEXIBLE,7930.0,2860.0,1330.0,3200.0,12120.0,0.2832,0.1021,0.0475,เช่าคอนโดติดรถไฟฟ้า,ผ่อนค่างวดรถมอเตอร์ไซค์
ACC_0758,USER_0098,36000.0,605.27,8864.6,0.2462,0.2741,6920.13,0,0,Paycheck-to-Paycheck Spender,มนุษย์เงินเดือนชนเดือน (สภาพคล่องจำกัดปลายเดือน),"First Jobber รายได้ 18,000–35,000 บาท ใช้ชีวิตเดือนชนเดือน ต้องการระบบออมเงินอัตโนมัติแบบไม่ต้องจดบันทึก และสามารถดึงเงินคืนเข้าบัญชีหลักได้ทันที 100% เมื่อถึงกำหนดจ่ายค่าเช่าหรือบิล",0.06,MODERATE,FLEXIBLE,10350.0,3110.0,1570.0,3100.0,15030.0,0.2875,0.0864,0.0436,ผ่อนห้องชุดคอนโดมิเนียม,ผ่อนสมาร์ตโฟน & แท็บเล็ต
ACC_0759,USER_0099,20000.0,607.81,1723.8,0.0862,0.2185,9338.93,0,1,High-Yield Seeker Novice,ผู้แสวงหาผลตอบแทนสูง (มีเงินเก็บ ต้องการดอกเบี้ยสูง),"First Jobber รายได้ 24,000–45,000 บาท มีเงินเก็บก้อนแรก 30,000–100,000 บาท มองหาผลตอบแทนดอกเบี้ยสูง ป้องกันความเสี่ยงจากการหลอกลงทุนด้วย Protected Vault Protocol",0.12,HIGH,MAXIMUM,3350.0,1800.0,970.0,5000.0,6120.0,0.1675,0.09,0.0485,พักกับครอบครัว/ที่บ้าน,ผ่อนสมาร์ตโฟน 0%
ACC_0760,USER_0100,24000.0,624.73,6115.4,0.2548,0.2188,3993.49,0,1,High-Yield Seeker Novice,ผู้แสวงหาผลตอบแทนสูง (มีเงินเก็บ ต้องการดอกเบี้ยสูง),"First Jobber รายได้ 24,000–45,000 บาท มีเงินเก็บก้อนแรก 30,000–100,000 บาท มองหาผลตอบแทนดอกเบี้ยสูง ป้องกันความเสี่ยงจากการหลอกลงทุนด้วย Protected Vault Protocol",0.12,HIGH,MAXIMUM,3940.0,0.0,1450.0,5300.0,5390.0,0.1642,0.0,0.0604,พักกับครอบครัว/ที่บ้าน,ไม่มีหนี้ผ่อนชำระ
ACC_0761,USER_0101,36000.0,595.56,7678.8,0.2133,0.2358,6218.38,0,0,Paycheck-to-Paycheck Spender,มนุษย์เงินเดือนชนเดือน (สภาพคล่องจำกัดปลายเดือน),"First Jobber รายได้ 18,000–35,000 บาท ใช้ชีวิตเดือนชนเดือน ต้องการระบบออมเงินอัตโนมัติแบบไม่ต้องจดบันทึก และสามารถดึงเงินคืนเข้าบัญชีหลักได้ทันที 100% เมื่อถึงกำหนดจ่ายค่าเช่าหรือบิล",0.06,MODERATE,FLEXIBLE,10730.0,3970.0,1710.0,1500.0,16410.0,0.2981,0.1103,0.0475,เช่าอพาร์ตเมนต์ชานเมือง,ผ่อนหนี้ กยศ.
ACC_0762,USER_0102,20000.0,594.44,4101.2,0.2051,0.2124,12880.99,0,1,High-Yield Seeker Novice,ผู้แสวงหาผลตอบแทนสูง (มีเงินเก็บ ต้องการดอกเบี้ยสูง),"First Jobber รายได้ 24,000–45,000 บาท มีเงินเก็บก้อนแรก 30,000–100,000 บาท มองหาผลตอบแทนดอกเบี้ยสูง ป้องกันความเสี่ยงจากการหลอกลงทุนด้วย Protected Vault Protocol",0.12,HIGH,MAXIMUM,2930.0,0.0,1080.0,9000.0,4010.0,0.1465,0.0,0.054,พักกับครอบครัว/ที่บ้าน,ไม่มีหนี้ผ่อนชำระ
ACC_0763,USER_0103,32000.0,667.23,5445.4,0.1702,0.2975,2923.49,0,0,Paycheck-to-Paycheck Spender,มนุษย์เงินเดือนชนเดือน (สภาพคล่องจำกัดปลายเดือน),"First Jobber รายได้ 18,000–35,000 บาท ใช้ชีวิตเดือนชนเดือน ต้องการระบบออมเงินอัตโนมัติแบบไม่ต้องจดบันทึก และสามารถดึงเงินคืนเข้าบัญชีหลักได้ทันที 100% เมื่อถึงกำหนดจ่ายค่าเช่าหรือบิล",0.06,MODERATE,FLEXIBLE,7940.0,3720.0,1550.0,2200.0,13210.0,0.2481,0.1162,0.0484,เช่าอพาร์ตเมนต์ชานเมือง,ผ่อนหนี้ กยศ.
ACC_0764,USER_0104,24000.0,585.08,4838.4,0.2016,0.1956,9420.13,0,1,High-Yield Seeker Novice,ผู้แสวงหาผลตอบแทนสูง (มีเงินเก็บ ต้องการดอกเบี้ยสูง),"First Jobber รายได้ 24,000–45,000 บาท มีเงินเก็บก้อนแรก 30,000–100,000 บาท มองหาผลตอบแทนดอกเบี้ยสูง ป้องกันความเสี่ยงจากการหลอกลงทุนด้วย Protected Vault Protocol",0.12,HIGH,MAXIMUM,5260.0,1200.0,1000.0,4700.0,7460.0,0.2192,0.05,0.0417,เช่าอพาร์ตเมนต์ราคาประหยัด,ผ่อนสมาร์ตโฟน 0%
ACC_0765,USER_0105,28000.0,641.08,850.0,0.0304,0.2287,9619.67,0,0,Paycheck-to-Paycheck Spender,มนุษย์เงินเดือนชนเดือน (สภาพคล่องจำกัดปลายเดือน),"First Jobber รายได้ 18,000–35,000 บาท ใช้ชีวิตเดือนชนเดือน ต้องการระบบออมเงินอัตโนมัติแบบไม่ต้องจดบันทึก และสามารถดึงเงินคืนเข้าบัญชีหลักได้ทันที 100% เมื่อถึงกำหนดจ่ายค่าเช่าหรือบิล",0.06,MODERATE,FLEXIBLE,7740.0,4380.0,2520.0,1500.0,14640.0,0.2764,0.1564,0.09,เช่าคอนโดติดรถไฟฟ้า,ผ่อนสมาร์ตโฟน & แท็บเล็ต
ACC_0766,USER_0106,20000.0,541.29,3354.2,0.1677,0.2314,11425.34,0,1,High-Yield Seeker Novice,ผู้แสวงหาผลตอบแทนสูง (มีเงินเก็บ ต้องการดอกเบี้ยสูง),"First Jobber รายได้ 24,000–45,000 บาท มีเงินเก็บก้อนแรก 30,000–100,000 บาท มองหาผลตอบแทนดอกเบี้ยสูง ป้องกันความเสี่ยงจากการหลอกลงทุนด้วย Protected Vault Protocol",0.12,HIGH,MAXIMUM,3550.0,1000.0,1270.0,8300.0,5820.0,0.1775,0.05,0.0635,เช่าอพาร์ตเมนต์ราคาประหยัด,ผ่อนสมาร์ตโฟน 0%
ACC_0767,USER_0107,24000.0,633.8,5214.0,0.2172,0.19,2199.64,0,1,High-Yield Seeker Novice,ผู้แสวงหาผลตอบแทนสูง (มีเงินเก็บ ต้องการดอกเบี้ยสูง),"First Jobber รายได้ 24,000–45,000 บาท มีเงินเก็บก้อนแรก 30,000–100,000 บาท มองหาผลตอบแทนดอกเบี้ยสูง ป้องกันความเสี่ยงจากการหลอกลงทุนด้วย Protected Vault Protocol",0.12,HIGH,MAXIMUM,5010.0,0.0,1100.0,7000.0,6110.0,0.2088,0.0,0.0458,เช่าห้องพักสไตล์มินิมอล,ไม่มีหนี้ผ่อนชำระ
ACC_0768,USER_0108,24000.0,601.94,3931.2,0.1638,0.2526,11811.42,0,1,High-Yield Seeker Novice,ผู้แสวงหาผลตอบแทนสูง (มีเงินเก็บ ต้องการดอกเบี้ยสูง),"First Jobber รายได้ 24,000–45,000 บาท มีเงินเก็บก้อนแรก 30,000–100,000 บาท มองหาผลตอบแทนดอกเบี้ยสูง ป้องกันความเสี่ยงจากการหลอกลงทุนด้วย Protected Vault Protocol",0.12,HIGH,MAXIMUM,4350.0,2160.0,1520.0,9000.0,8030.0,0.1812,0.09,0.0633,พักกับครอบครัว/ที่บ้าน,ผ่อนสมาร์ตโฟน 0%
ACC_0769,USER_0109,24000.0,632.0,5090.0,0.2121,0.2678,4972.86,0,1,High-Yield Seeker Novice,ผู้แสวงหาผลตอบแทนสูง (มีเงินเก็บ ต้องการดอกเบี้ยสูง),"First Jobber รายได้ 24,000–45,000 บาท มีเงินเก็บก้อนแรก 30,000–100,000 บาท มองหาผลตอบแทนดอกเบี้ยสูง ป้องกันความเสี่ยงจากการหลอกลงทุนด้วย Protected Vault Protocol",0.12,HIGH,MAXIMUM,4770.0,0.0,1500.0,6700.0,6270.0,0.1988,0.0,0.0625,เช่าอพาร์ตเมนต์ราคาประหยัด,ไม่มีหนี้ผ่อนชำระ
ACC_0770,USER_0110,24000.0,571.45,850.0,0.0354,0.1423,12233.61,0,0,Paycheck-to-Paycheck Spender,มนุษย์เงินเดือนชนเดือน (สภาพคล่องจำกัดปลายเดือน),"First Jobber รายได้ 18,000–35,000 บาท ใช้ชีวิตเดือนชนเดือน ต้องการระบบออมเงินอัตโนมัติแบบไม่ต้องจดบันทึก และสามารถดึงเงินคืนเข้าบัญชีหลักได้ทันที 100% เมื่อถึงกำหนดจ่ายค่าเช่าหรือบิล",0.06,MODERATE,FLEXIBLE,7520.0,3700.0,1660.0,1800.0,12880.0,0.3133,0.1542,0.0692,เช่าคอนโดติดรถไฟฟ้า,ผ่อนสมาร์ตโฟน & แท็บเล็ต
ACC_0771,USER_0111,36000.0,594.49,6630.2,0.1842,0.2843,8087.25,0,0,Paycheck-to-Paycheck Spender,มนุษย์เงินเดือนชนเดือน (สภาพคล่องจำกัดปลายเดือน),"First Jobber รายได้ 18,000–35,000 บาท ใช้ชีวิตเดือนชนเดือน ต้องการระบบออมเงินอัตโนมัติแบบไม่ต้องจดบันทึก และสามารถดึงเงินคืนเข้าบัญชีหลักได้ทันที 100% เมื่อถึงกำหนดจ่ายค่าเช่าหรือบิล",0.06,MODERATE,FLEXIBLE,11000.0,4650.0,1830.0,3300.0,17480.0,0.3056,0.1292,0.0508,เช่าคอนโดติดรถไฟฟ้า,ผ่อนสมาร์ตโฟน & แท็บเล็ต
ACC_0772,USER_0112,20000.0,584.21,3005.8,0.1503,0.2607,6267.96,0,1,High-Yield Seeker Novice,ผู้แสวงหาผลตอบแทนสูง (มีเงินเก็บ ต้องการดอกเบี้ยสูง),"First Jobber รายได้ 24,000–45,000 บาท มีเงินเก็บก้อนแรก 30,000–100,000 บาท มองหาผลตอบแทนดอกเบี้ยสูง ป้องกันความเสี่ยงจากการหลอกลงทุนด้วย Protected Vault Protocol",0.12,HIGH,MAXIMUM,4350.0,0.0,960.0,6600.0,5310.0,0.2175,0.0,0.048,เช่าอพาร์ตเมนต์ราคาประหยัด,ไม่มีหนี้ผ่อนชำระ
ACC_0773,USER_0113,36000.0,569.47,5470.6,0.152,0.1481,16284.16,0,0,Paycheck-to-Paycheck Spender,มนุษย์เงินเดือนชนเดือน (สภาพคล่องจำกัดปลายเดือน),"First Jobber รายได้ 18,000–35,000 บาท ใช้ชีวิตเดือนชนเดือน ต้องการระบบออมเงินอัตโนมัติแบบไม่ต้องจดบันทึก และสามารถดึงเงินคืนเข้าบัญชีหลักได้ทันที 100% เมื่อถึงกำหนดจ่ายค่าเช่าหรือบิล",0.06,MODERATE,FLEXIBLE,11300.0,6100.0,1740.0,3000.0,19140.0,0.3139,0.1694,0.0483,เช่าคอนโดติดรถไฟฟ้า,ผ่อนหนี้ กยศ.
ACC_0774,USER_0114,28000.0,683.55,879.0,0.0314,0.2601,16024.58,0,0,Paycheck-to-Paycheck Spender,มนุษย์เงินเดือนชนเดือน (สภาพคล่องจำกัดปลายเดือน),"First Jobber รายได้ 18,000–35,000 บาท ใช้ชีวิตเดือนชนเดือน ต้องการระบบออมเงินอัตโนมัติแบบไม่ต้องจดบันทึก และสามารถดึงเงินคืนเข้าบัญชีหลักได้ทันที 100% เมื่อถึงกำหนดจ่ายค่าเช่าหรือบิล",0.06,MODERATE,FLEXIBLE,7110.0,5010.0,1330.0,2000.0,13450.0,0.2539,0.1789,0.0475,เช่าคอนโดติดรถไฟฟ้า,ผ่อนสมาร์ตโฟน & แท็บเล็ต
ACC_0775,USER_0115,36000.0,584.84,7223.2,0.2006,0.256,8011.76,0,0,Paycheck-to-Paycheck Spender,มนุษย์เงินเดือนชนเดือน (สภาพคล่องจำกัดปลายเดือน),"First Jobber รายได้ 18,000–35,000 บาท ใช้ชีวิตเดือนชนเดือน ต้องการระบบออมเงินอัตโนมัติแบบไม่ต้องจดบันทึก และสามารถดึงเงินคืนเข้าบัญชีหลักได้ทันที 100% เมื่อถึงกำหนดจ่ายค่าเช่าหรือบิล",0.06,MODERATE,FLEXIBLE,9800.0,5000.0,2280.0,2700.0,17080.0,0.2722,0.1389,0.0633,เช่าอพาร์ตเมนต์ชานเมือง,ผ่อนสมาร์ตโฟน & แท็บเล็ต
ACC_0776,USER_0116,28000.0,648.89,3822.2,0.1365,0.1849,14082.24,0,0,Paycheck-to-Paycheck Spender,มนุษย์เงินเดือนชนเดือน (สภาพคล่องจำกัดปลายเดือน),"First Jobber รายได้ 18,000–35,000 บาท ใช้ชีวิตเดือนชนเดือน ต้องการระบบออมเงินอัตโนมัติแบบไม่ต้องจดบันทึก และสามารถดึงเงินคืนเข้าบัญชีหลักได้ทันที 100% เมื่อถึงกำหนดจ่ายค่าเช่าหรือบิล",0.06,MODERATE,FLEXIBLE,6310.0,3290.0,1600.0,2000.0,11200.0,0.2254,0.1175,0.0571,เช่าคอนโดติดรถไฟฟ้า,ผ่อนหนี้ กยศ.
ACC_0777,USER_0117,32000.0,645.56,6298.8,0.1968,0.2135,4442.62,0,0,Paycheck-to-Paycheck Spender,มนุษย์เงินเดือนชนเดือน (สภาพคล่องจำกัดปลายเดือน),"First Jobber รายได้ 18,000–35,000 บาท ใช้ชีวิตเดือนชนเดือน ต้องการระบบออมเงินอัตโนมัติแบบไม่ต้องจดบันทึก และสามารถดึงเงินคืนเข้าบัญชีหลักได้ทันที 100% เมื่อถึงกำหนดจ่ายค่าเช่าหรือบิล",0.06,MODERATE,FLEXIBLE,7680.0,3500.0,1610.0,3400.0,12790.0,0.24,0.1094,0.0503,ผ่อนห้องชุดคอนโดมิเนียม,ผ่อนสมาร์ตโฟน & แท็บเล็ต
ACC_0778,USER_0118,20000.0,568.59,1608.2,0.0804,0.1878,16675.81,0,1,High-Yield Seeker Novice,ผู้แสวงหาผลตอบแทนสูง (มีเงินเก็บ ต้องการดอกเบี้ยสูง),"First Jobber รายได้ 24,000–45,000 บาท มีเงินเก็บก้อนแรก 30,000–100,000 บาท มองหาผลตอบแทนดอกเบี้ยสูง ป้องกันความเสี่ยงจากการหลอกลงทุนด้วย Protected Vault Protocol",0.12,HIGH,MAXIMUM,3780.0,1800.0,1440.0,7700.0,7020.0,0.189,0.09,0.072,เช่าห้องพักสไตล์มินิมอล,ผ่อนสมาร์ตโฟน 0%
ACC_0779,USER_0119,36000.0,656.37,4662.6,0.1295,0.2589,4573.8,0,0,Paycheck-to-Paycheck Spender,มนุษย์เงินเดือนชนเดือน (สภาพคล่องจำกัดปลายเดือน),"First Jobber รายได้ 18,000–35,000 บาท ใช้ชีวิตเดือนชนเดือน ต้องการระบบออมเงินอัตโนมัติแบบไม่ต้องจดบันทึก และสามารถดึงเงินคืนเข้าบัญชีหลักได้ทันที 100% เมื่อถึงกำหนดจ่ายค่าเช่าหรือบิล",0.06,MODERATE,FLEXIBLE,10700.0,5410.0,2100.0,3000.0,18210.0,0.2972,0.1503,0.0583,ผ่อนห้องชุดคอนโดมิเนียม,ผ่อนบัตรเครดิต & สินเชื่อ
ACC_0780,USER_0120,24000.0,607.87,3842.6,0.1601,0.2958,13719.39,0,1,High-Yield Seeker Novice,ผู้แสวงหาผลตอบแทนสูง (มีเงินเก็บ ต้องการดอกเบี้ยสูง),"First Jobber รายได้ 24,000–45,000 บาท มีเงินเก็บก้อนแรก 30,000–100,000 บาท มองหาผลตอบแทนดอกเบี้ยสูง ป้องกันความเสี่ยงจากการหลอกลงทุนด้วย Protected Vault Protocol",0.12,HIGH,MAXIMUM,4710.0,2160.0,1130.0,8400.0,8000.0,0.1962,0.09,0.0471,พักกับครอบครัว/ที่บ้าน,ผ่อนสมาร์ตโฟน 0%
ACC_0781,USER_0121,28000.0,604.03,2129.4,0.0761,0.2518,13192.44,0,0,Paycheck-to-Paycheck Spender,มนุษย์เงินเดือนชนเดือน (สภาพคล่องจำกัดปลายเดือน),"First Jobber รายได้ 18,000–35,000 บาท ใช้ชีวิตเดือนชนเดือน ต้องการระบบออมเงินอัตโนมัติแบบไม่ต้องจดบันทึก และสามารถดึงเงินคืนเข้าบัญชีหลักได้ทันที 100% เมื่อถึงกำหนดจ่ายค่าเช่าหรือบิล",0.06,MODERATE,FLEXIBLE,8050.0,4380.0,1360.0,2800.0,13790.0,0.2875,0.1564,0.0486,ผ่อนห้องชุดคอนโดมิเนียม,ผ่อนค่างวดรถมอเตอร์ไซค์
ACC_0782,USER_0122,20000.0,600.8,2684.0,0.1342,0.21,17446.96,0,1,High-Yield Seeker Novice,ผู้แสวงหาผลตอบแทนสูง (มีเงินเก็บ ต้องการดอกเบี้ยสูง),"First Jobber รายได้ 24,000–45,000 บาท มีเงินเก็บก้อนแรก 30,000–100,000 บาท มองหาผลตอบแทนดอกเบี้ยสูง ป้องกันความเสี่ยงจากการหลอกลงทุนด้วย Protected Vault Protocol",0.12,HIGH,MAXIMUM,3870.0,0.0,1430.0,5200.0,5300.0,0.1935,0.0,0.0715,พักกับครอบครัว/ที่บ้าน,ไม่มีหนี้ผ่อนชำระ
ACC_0783,USER_0123,20000.0,590.5,3030.0,0.1515,0.3029,8688.26,0,1,High-Yield Seeker Novice,ผู้แสวงหาผลตอบแทนสูง (มีเงินเก็บ ต้องการดอกเบี้ยสูง),"First Jobber รายได้ 24,000–45,000 บาท มีเงินเก็บก้อนแรก 30,000–100,000 บาท มองหาผลตอบแทนดอกเบี้ยสูง ป้องกันความเสี่ยงจากการหลอกลงทุนด้วย Protected Vault Protocol",0.12,HIGH,MAXIMUM,3680.0,0.0,1480.0,5400.0,5160.0,0.184,0.0,0.074,เช่าอพาร์ตเมนต์ราคาประหยัด,ไม่มีหนี้ผ่อนชำระ
ACC_0784,USER_0124,24000.0,612.0,5850.0,0.2438,0.2457,8993.72,0,1,High-Yield Seeker Novice,ผู้แสวงหาผลตอบแทนสูง (มีเงินเก็บ ต้องการดอกเบี้ยสูง),"First Jobber รายได้ 24,000–45,000 บาท มีเงินเก็บก้อนแรก 30,000–100,000 บาท มองหาผลตอบแทนดอกเบี้ยสูง ป้องกันความเสี่ยงจากการหลอกลงทุนด้วย Protected Vault Protocol",0.12,HIGH,MAXIMUM,4810.0,0.0,1100.0,7100.0,5910.0,0.2004,0.0,0.0458,เช่าห้องพักสไตล์มินิมอล,ไม่มีหนี้ผ่อนชำระ
ACC_0785,USER_0125,24000.0,591.8,6334.0,0.2639,0.2653,2955.61,0,1,High-Yield Seeker Novice,ผู้แสวงหาผลตอบแทนสูง (มีเงินเก็บ ต้องการดอกเบี้ยสูง),"First Jobber รายได้ 24,000–45,000 บาท มีเงินเก็บก้อนแรก 30,000–100,000 บาท มองหาผลตอบแทนดอกเบี้ยสูง ป้องกันความเสี่ยงจากการหลอกลงทุนด้วย Protected Vault Protocol",0.12,HIGH,MAXIMUM,3570.0,1200.0,1060.0,5500.0,5830.0,0.1488,0.05,0.0442,เช่าห้องพักสไตล์มินิมอล,ผ่อนสมาร์ตโฟน 0%
ACC_0786,USER_0126,36000.0,635.18,5916.4,0.1643,0.2451,14106.91,0,0,Paycheck-to-Paycheck Spender,มนุษย์เงินเดือนชนเดือน (สภาพคล่องจำกัดปลายเดือน),"First Jobber รายได้ 18,000–35,000 บาท ใช้ชีวิตเดือนชนเดือน ต้องการระบบออมเงินอัตโนมัติแบบไม่ต้องจดบันทึก และสามารถดึงเงินคืนเข้าบัญชีหลักได้ทันที 100% เมื่อถึงกำหนดจ่ายค่าเช่าหรือบิล",0.06,MODERATE,FLEXIBLE,10810.0,4290.0,2280.0,1800.0,17380.0,0.3003,0.1192,0.0633,เช่าคอนโดติดรถไฟฟ้า,ผ่อนบัตรเครดิต & สินเชื่อ
ACC_0787,USER_0127,36000.0,624.64,7377.2,0.2049,0.2277,11689.5,0,0,Paycheck-to-Paycheck Spender,มนุษย์เงินเดือนชนเดือน (สภาพคล่องจำกัดปลายเดือน),"First Jobber รายได้ 18,000–35,000 บาท ใช้ชีวิตเดือนชนเดือน ต้องการระบบออมเงินอัตโนมัติแบบไม่ต้องจดบันทึก และสามารถดึงเงินคืนเข้าบัญชีหลักได้ทันที 100% เมื่อถึงกำหนดจ่ายค่าเช่าหรือบิล",0.06,MODERATE,FLEXIBLE,8770.0,5320.0,2040.0,3400.0,16130.0,0.2436,0.1478,0.0567,เช่าอพาร์ตเมนต์ชานเมือง,ผ่อนสมาร์ตโฟน & แท็บเล็ต
ACC_0788,USER_0128,28000.0,598.24,5025.2,0.1795,0.2462,4805.3,0,0,Paycheck-to-Paycheck Spender,มนุษย์เงินเดือนชนเดือน (สภาพคล่องจำกัดปลายเดือน),"First Jobber รายได้ 18,000–35,000 บาท ใช้ชีวิตเดือนชนเดือน ต้องการระบบออมเงินอัตโนมัติแบบไม่ต้องจดบันทึก และสามารถดึงเงินคืนเข้าบัญชีหลักได้ทันที 100% เมื่อถึงกำหนดจ่ายค่าเช่าหรือบิล",0.06,MODERATE,FLEXIBLE,6350.0,2290.0,2370.0,2500.0,11010.0,0.2268,0.0818,0.0846,เช่าคอนโดติดรถไฟฟ้า,ผ่อนบัตรเครดิต & สินเชื่อ
ACC_0789,USER_0129,32000.0,554.95,8111.0,0.2535,0.1878,7173.36,0,0,Paycheck-to-Paycheck Spender,มนุษย์เงินเดือนชนเดือน (สภาพคล่องจำกัดปลายเดือน),"First Jobber รายได้ 18,000–35,000 บาท ใช้ชีวิตเดือนชนเดือน ต้องการระบบออมเงินอัตโนมัติแบบไม่ต้องจดบันทึก และสามารถดึงเงินคืนเข้าบัญชีหลักได้ทันที 100% เมื่อถึงกำหนดจ่ายค่าเช่าหรือบิล",0.06,MODERATE,FLEXIBLE,7790.0,3660.0,1340.0,3400.0,12790.0,0.2434,0.1144,0.0419,ผ่อนห้องชุดคอนโดมิเนียม,ผ่อนค่างวดรถมอเตอร์ไซค์
ACC_0790,USER_0130,36000.0,608.24,6625.2,0.184,0.2334,10636.57,0,0,Paycheck-to-Paycheck Spender,มนุษย์เงินเดือนชนเดือน (สภาพคล่องจำกัดปลายเดือน),"First Jobber รายได้ 18,000–35,000 บาท ใช้ชีวิตเดือนชนเดือน ต้องการระบบออมเงินอัตโนมัติแบบไม่ต้องจดบันทึก และสามารถดึงเงินคืนเข้าบัญชีหลักได้ทันที 100% เมื่อถึงกำหนดจ่ายค่าเช่าหรือบิล",0.06,MODERATE,FLEXIBLE,11280.0,3840.0,2090.0,2900.0,17210.0,0.3133,0.1067,0.0581,เช่าอพาร์ตเมนต์ชานเมือง,ผ่อนค่างวดรถมอเตอร์ไซค์
ACC_0791,USER_0131,36000.0,629.17,3706.6,0.103,0.1841,13334.6,0,0,Paycheck-to-Paycheck Spender,มนุษย์เงินเดือนชนเดือน (สภาพคล่องจำกัดปลายเดือน),"First Jobber รายได้ 18,000–35,000 บาท ใช้ชีวิตเดือนชนเดือน ต้องการระบบออมเงินอัตโนมัติแบบไม่ต้องจดบันทึก และสามารถดึงเงินคืนเข้าบัญชีหลักได้ทันที 100% เมื่อถึงกำหนดจ่ายค่าเช่าหรือบิล",0.06,MODERATE,FLEXIBLE,10970.0,6290.0,2450.0,3000.0,19710.0,0.3047,0.1747,0.0681,เช่าอพาร์ตเมนต์ชานเมือง,ผ่อนบัตรเครดิต & สินเชื่อ
ACC_0792,USER_0132,28000.0,651.34,1773.2,0.0633,0.223,17223.59,0,0,Paycheck-to-Paycheck Spender,มนุษย์เงินเดือนชนเดือน (สภาพคล่องจำกัดปลายเดือน),"First Jobber รายได้ 18,000–35,000 บาท ใช้ชีวิตเดือนชนเดือน ต้องการระบบออมเงินอัตโนมัติแบบไม่ต้องจดบันทึก และสามารถดึงเงินคืนเข้าบัญชีหลักได้ทันที 100% เมื่อถึงกำหนดจ่ายค่าเช่าหรือบิล",0.06,MODERATE,FLEXIBLE,6950.0,4940.0,1310.0,2900.0,13200.0,0.2482,0.1764,0.0468,เช่าคอนโดติดรถไฟฟ้า,ผ่อนค่างวดรถมอเตอร์ไซค์
ACC_0793,USER_0133,24000.0,613.19,3936.2,0.164,0.2151,14570.51,0,1,High-Yield Seeker Novice,ผู้แสวงหาผลตอบแทนสูง (มีเงินเก็บ ต้องการดอกเบี้ยสูง),"First Jobber รายได้ 24,000–45,000 บาท มีเงินเก็บก้อนแรก 30,000–100,000 บาท มองหาผลตอบแทนดอกเบี้ยสูง ป้องกันความเสี่ยงจากการหลอกลงทุนด้วย Protected Vault Protocol",0.12,HIGH,MAXIMUM,4560.0,2160.0,1080.0,6400.0,7800.0,0.19,0.09,0.045,เช่าอพาร์ตเมนต์ราคาประหยัด,ผ่อนอุปกรณ์ไอที/คอมพิวเตอร์
ACC_0794,USER_0134,36000.0,634.65,7947.0,0.2208,0.1775,15408.22,0,0,Paycheck-to-Paycheck Spender,มนุษย์เงินเดือนชนเดือน (สภาพคล่องจำกัดปลายเดือน),"First Jobber รายได้ 18,000–35,000 บาท ใช้ชีวิตเดือนชนเดือน ต้องการระบบออมเงินอัตโนมัติแบบไม่ต้องจดบันทึก และสามารถดึงเงินคืนเข้าบัญชีหลักได้ทันที 100% เมื่อถึงกำหนดจ่ายค่าเช่าหรือบิล",0.06,MODERATE,FLEXIBLE,8860.0,4120.0,2380.0,3400.0,15360.0,0.2461,0.1144,0.0661,เช่าอพาร์ตเมนต์ชานเมือง,ผ่อนค่างวดรถมอเตอร์ไซค์
ACC_0795,USER_0135,32000.0,702.93,5561.4,0.1738,0.2481,15661.45,0,0,Paycheck-to-Paycheck Spender,มนุษย์เงินเดือนชนเดือน (สภาพคล่องจำกัดปลายเดือน),"First Jobber รายได้ 18,000–35,000 บาท ใช้ชีวิตเดือนชนเดือน ต้องการระบบออมเงินอัตโนมัติแบบไม่ต้องจดบันทึก และสามารถดึงเงินคืนเข้าบัญชีหลักได้ทันที 100% เมื่อถึงกำหนดจ่ายค่าเช่าหรือบิล",0.06,MODERATE,FLEXIBLE,7680.0,3090.0,1610.0,2900.0,12380.0,0.24,0.0966,0.0503,ผ่อนห้องชุดคอนโดมิเนียม,ผ่อนค่างวดรถมอเตอร์ไซค์
ACC_0796,USER_0136,32000.0,593.33,5513.4,0.1723,0.252,7067.49,0,0,Paycheck-to-Paycheck Spender,มนุษย์เงินเดือนชนเดือน (สภาพคล่องจำกัดปลายเดือน),"First Jobber รายได้ 18,000–35,000 บาท ใช้ชีวิตเดือนชนเดือน ต้องการระบบออมเงินอัตโนมัติแบบไม่ต้องจดบันทึก และสามารถดึงเงินคืนเข้าบัญชีหลักได้ทันที 100% เมื่อถึงกำหนดจ่ายค่าเช่าหรือบิล",0.06,MODERATE,FLEXIBLE,8130.0,4000.0,2490.0,1900.0,14620.0,0.2541,0.125,0.0778,เช่าอพาร์ตเมนต์ชานเมือง,ผ่อนสมาร์ตโฟน & แท็บเล็ต
ACC_0797,USER_0137,36000.0,592.73,5985.4,0.1663,0.1771,6238.7,0,0,Paycheck-to-Paycheck Spender,มนุษย์เงินเดือนชนเดือน (สภาพคล่องจำกัดปลายเดือน),"First Jobber รายได้ 18,000–35,000 บาท ใช้ชีวิตเดือนชนเดือน ต้องการระบบออมเงินอัตโนมัติแบบไม่ต้องจดบันทึก และสามารถดึงเงินคืนเข้าบัญชีหลักได้ทันที 100% เมื่อถึงกำหนดจ่ายค่าเช่าหรือบิล",0.06,MODERATE,FLEXIBLE,10300.0,5580.0,2280.0,2700.0,18160.0,0.2861,0.155,0.0633,ผ่อนห้องชุดคอนโดมิเนียม,ผ่อนค่างวดรถมอเตอร์ไซค์
ACC_0798,USER_0138,28000.0,614.53,1529.4,0.0546,0.2031,12596.71,0,0,Paycheck-to-Paycheck Spender,มนุษย์เงินเดือนชนเดือน (สภาพคล่องจำกัดปลายเดือน),"First Jobber รายได้ 18,000–35,000 บาท ใช้ชีวิตเดือนชนเดือน ต้องการระบบออมเงินอัตโนมัติแบบไม่ต้องจดบันทึก และสามารถดึงเงินคืนเข้าบัญชีหลักได้ทันที 100% เมื่อถึงกำหนดจ่ายค่าเช่าหรือบิล",0.06,MODERATE,FLEXIBLE,8450.0,4360.0,1370.0,1500.0,14180.0,0.3018,0.1557,0.0489,เช่าคอนโดติดรถไฟฟ้า,ผ่อนบัตรเครดิต & สินเชื่อ
ACC_0799,USER_0139,32000.0,628.39,4332.2,0.1354,0.2637,17945.76,0,0,Paycheck-to-Paycheck Spender,มนุษย์เงินเดือนชนเดือน (สภาพคล่องจำกัดปลายเดือน),"First Jobber รายได้ 18,000–35,000 บาท ใช้ชีวิตเดือนชนเดือน ต้องการระบบออมเงินอัตโนมัติแบบไม่ต้องจดบันทึก และสามารถดึงเงินคืนเข้าบัญชีหลักได้ทันที 100% เมื่อถึงกำหนดจ่ายค่าเช่าหรือบิล",0.06,MODERATE,FLEXIBLE,7840.0,4850.0,2410.0,2200.0,15100.0,0.245,0.1516,0.0753,ผ่อนห้องชุดคอนโดมิเนียม,ผ่อนค่างวดรถมอเตอร์ไซค์
ACC_0800,USER_0140,36000.0,657.37,6782.6,0.1884,0.1846,3302.06,0,0,Paycheck-to-Paycheck Spender,มนุษย์เงินเดือนชนเดือน (สภาพคล่องจำกัดปลายเดือน),"First Jobber รายได้ 18,000–35,000 บาท ใช้ชีวิตเดือนชนเดือน ต้องการระบบออมเงินอัตโนมัติแบบไม่ต้องจดบันทึก และสามารถดึงเงินคืนเข้าบัญชีหลักได้ทันที 100% เมื่อถึงกำหนดจ่ายค่าเช่าหรือบิล",0.06,MODERATE,FLEXIBLE,9050.0,5370.0,1650.0,1900.0,16070.0,0.2514,0.1492,0.0458,เช่าอพาร์ตเมนต์ชานเมือง,ผ่อนหนี้ กยศ.
ACC_0801,USER_0141,20000.0,626.85,2643.0,0.1322,0.2403,10132.72,0,1,High-Yield Seeker Novice,ผู้แสวงหาผลตอบแทนสูง (มีเงินเก็บ ต้องการดอกเบี้ยสูง),"First Jobber รายได้ 24,000–45,000 บาท มีเงินเก็บก้อนแรก 30,000–100,000 บาท มองหาผลตอบแทนดอกเบี้ยสูง ป้องกันความเสี่ยงจากการหลอกลงทุนด้วย Protected Vault Protocol",0.12,HIGH,MAXIMUM,3350.0,0.0,1470.0,5200.0,4820.0,0.1675,0.0,0.0735,พักกับครอบครัว/ที่บ้าน,ไม่มีหนี้ผ่อนชำระ
ACC_0802,USER_0142,32000.0,590.19,6486.2,0.2027,0.231,9537.47,0,0,Paycheck-to-Paycheck Spender,มนุษย์เงินเดือนชนเดือน (สภาพคล่องจำกัดปลายเดือน),"First Jobber รายได้ 18,000–35,000 บาท ใช้ชีวิตเดือนชนเดือน ต้องการระบบออมเงินอัตโนมัติแบบไม่ต้องจดบันทึก และสามารถดึงเงินคืนเข้าบัญชีหลักได้ทันที 100% เมื่อถึงกำหนดจ่ายค่าเช่าหรือบิล",0.06,MODERATE,FLEXIBLE,8590.0,2930.0,2190.0,3400.0,13710.0,0.2684,0.0916,0.0684,เช่าอพาร์ตเมนต์ชานเมือง,ผ่อนค่างวดรถมอเตอร์ไซค์
ACC_0803,USER_0143,20000.0,555.86,2622.8,0.1311,0.2491,4954.89,0,1,High-Yield Seeker Novice,ผู้แสวงหาผลตอบแทนสูง (มีเงินเก็บ ต้องการดอกเบี้ยสูง),"First Jobber รายได้ 24,000–45,000 บาท มีเงินเก็บก้อนแรก 30,000–100,000 บาท มองหาผลตอบแทนดอกเบี้ยสูง ป้องกันความเสี่ยงจากการหลอกลงทุนด้วย Protected Vault Protocol",0.12,HIGH,MAXIMUM,3970.0,1000.0,1290.0,6600.0,6260.0,0.1985,0.05,0.0645,พักกับครอบครัว/ที่บ้าน,ผ่อนสมาร์ตโฟน 0%
ACC_0804,USER_0144,24000.0,646.22,6765.6,0.2819,0.2538,5497.66,0,1,High-Yield Seeker Novice,ผู้แสวงหาผลตอบแทนสูง (มีเงินเก็บ ต้องการดอกเบี้ยสูง),"First Jobber รายได้ 24,000–45,000 บาท มีเงินเก็บก้อนแรก 30,000–100,000 บาท มองหาผลตอบแทนดอกเบี้ยสูง ป้องกันความเสี่ยงจากการหลอกลงทุนด้วย Protected Vault Protocol",0.12,HIGH,MAXIMUM,3450.0,0.0,860.0,7700.0,4310.0,0.1438,0.0,0.0358,เช่าห้องพักสไตล์มินิมอล,ไม่มีหนี้ผ่อนชำระ
ACC_0805,USER_0145,28000.0,569.23,2175.4,0.0777,0.2739,2418.33,0,0,Paycheck-to-Paycheck Spender,มนุษย์เงินเดือนชนเดือน (สภาพคล่องจำกัดปลายเดือน),"First Jobber รายได้ 18,000–35,000 บาท ใช้ชีวิตเดือนชนเดือน ต้องการระบบออมเงินอัตโนมัติแบบไม่ต้องจดบันทึก และสามารถดึงเงินคืนเข้าบัญชีหลักได้ทันที 100% เมื่อถึงกำหนดจ่ายค่าเช่าหรือบิล",0.06,MODERATE,FLEXIBLE,8460.0,3830.0,2150.0,3300.0,14440.0,0.3021,0.1368,0.0768,เช่าอพาร์ตเมนต์ชานเมือง,ผ่อนสมาร์ตโฟน & แท็บเล็ต
ACC_0806,USER_0146,24000.0,662.61,5287.8,0.2203,0.293,4709.8,0,1,High-Yield Seeker Novice,ผู้แสวงหาผลตอบแทนสูง (มีเงินเก็บ ต้องการดอกเบี้ยสูง),"First Jobber รายได้ 24,000–45,000 บาท มีเงินเก็บก้อนแรก 30,000–100,000 บาท มองหาผลตอบแทนดอกเบี้ยสูง ป้องกันความเสี่ยงจากการหลอกลงทุนด้วย Protected Vault Protocol",0.12,HIGH,MAXIMUM,3990.0,0.0,1470.0,8900.0,5460.0,0.1662,0.0,0.0612,เช่าห้องพักสไตล์มินิมอล,ไม่มีหนี้ผ่อนชำระ
ACC_0807,USER_0147,28000.0,574.36,5852.8,0.209,0.2275,16261.71,0,0,Paycheck-to-Paycheck Spender,มนุษย์เงินเดือนชนเดือน (สภาพคล่องจำกัดปลายเดือน),"First Jobber รายได้ 18,000–35,000 บาท ใช้ชีวิตเดือนชนเดือน ต้องการระบบออมเงินอัตโนมัติแบบไม่ต้องจดบันทึก และสามารถดึงเงินคืนเข้าบัญชีหลักได้ทันที 100% เมื่อถึงกำหนดจ่ายค่าเช่าหรือบิล",0.06,MODERATE,FLEXIBLE,6440.0,2450.0,1770.0,1700.0,10660.0,0.23,0.0875,0.0632,เช่าอพาร์ตเมนต์ชานเมือง,ผ่อนบัตรเครดิต & สินเชื่อ
ACC_0808,USER_0148,36000.0,617.58,6498.4,0.1805,0.2494,17341.59,0,0,Paycheck-to-Paycheck Spender,มนุษย์เงินเดือนชนเดือน (สภาพคล่องจำกัดปลายเดือน),"First Jobber รายได้ 18,000–35,000 บาท ใช้ชีวิตเดือนชนเดือน ต้องการระบบออมเงินอัตโนมัติแบบไม่ต้องจดบันทึก และสามารถดึงเงินคืนเข้าบัญชีหลักได้ทันที 100% เมื่อถึงกำหนดจ่ายค่าเช่าหรือบิล",0.06,MODERATE,FLEXIBLE,8730.0,6100.0,2320.0,2900.0,17150.0,0.2425,0.1694,0.0644,ผ่อนห้องชุดคอนโดมิเนียม,ผ่อนสมาร์ตโฟน & แท็บเล็ต
ACC_0809,USER_0149,36000.0,594.36,6962.8,0.1934,0.2962,2738.68,0,0,Paycheck-to-Paycheck Spender,มนุษย์เงินเดือนชนเดือน (สภาพคล่องจำกัดปลายเดือน),"First Jobber รายได้ 18,000–35,000 บาท ใช้ชีวิตเดือนชนเดือน ต้องการระบบออมเงินอัตโนมัติแบบไม่ต้องจดบันทึก และสามารถดึงเงินคืนเข้าบัญชีหลักได้ทันที 100% เมื่อถึงกำหนดจ่ายค่าเช่าหรือบิล",0.06,MODERATE,FLEXIBLE,11030.0,3680.0,2440.0,3100.0,17150.0,0.3064,0.1022,0.0678,ผ่อนห้องชุดคอนโดมิเนียม,ผ่อนค่างวดรถมอเตอร์ไซค์
ACC_0810,USER_0000,32000.0,618.08,1838.4,0.0574,0.2973,2716.63,0,0,Paycheck-to-Paycheck Spender,มนุษย์เงินเดือนชนเดือน (สภาพคล่องจำกัดปลายเดือน),"First Jobber รายได้ 18,000–35,000 บาท ใช้ชีวิตเดือนชนเดือน ต้องการระบบออมเงินอัตโนมัติแบบไม่ต้องจดบันทึก และสามารถดึงเงินคืนเข้าบัญชีหลักได้ทันที 100% เมื่อถึงกำหนดจ่ายค่าเช่าหรือบิล",0.06,MODERATE,FLEXIBLE,10040.0,5180.0,2580.0,2000.0,17800.0,0.3137,0.1619,0.0806,ผ่อนห้องชุดคอนโดมิเนียม,ผ่อนสมาร์ตโฟน & แท็บเล็ต
ACC_0811,USER_0001,36000.0,684.7,7336.0,0.2038,0.206,11495.99,0,0,Paycheck-to-Paycheck Spender,มนุษย์เงินเดือนชนเดือน (สภาพคล่องจำกัดปลายเดือน),"First Jobber รายได้ 18,000–35,000 บาท ใช้ชีวิตเดือนชนเดือน ต้องการระบบออมเงินอัตโนมัติแบบไม่ต้องจดบันทึก และสามารถดึงเงินคืนเข้าบัญชีหลักได้ทันที 100% เมื่อถึงกำหนดจ่ายค่าเช่าหรือบิล",0.06,MODERATE,FLEXIBLE,9470.0,4130.0,1370.0,1600.0,14970.0,0.2631,0.1147,0.0381,เช่าคอนโดติดรถไฟฟ้า,ผ่อนหนี้ กยศ.
ACC_0812,USER_0002,36000.0,624.9,6302.0,0.1751,0.2983,10079.69,0,0,Paycheck-to-Paycheck Spender,มนุษย์เงินเดือนชนเดือน (สภาพคล่องจำกัดปลายเดือน),"First Jobber รายได้ 18,000–35,000 บาท ใช้ชีวิตเดือนชนเดือน ต้องการระบบออมเงินอัตโนมัติแบบไม่ต้องจดบันทึก และสามารถดึงเงินคืนเข้าบัญชีหลักได้ทันที 100% เมื่อถึงกำหนดจ่ายค่าเช่าหรือบิล",0.06,MODERATE,FLEXIBLE,8710.0,6440.0,2050.0,1800.0,17200.0,0.2419,0.1789,0.0569,เช่าอพาร์ตเมนต์ชานเมือง,ผ่อนสมาร์ตโฟน & แท็บเล็ต
ACC_0813,USER_0003,20000.0,656.66,850.0,0.0425,0.1687,17685.46,0,1,High-Yield Seeker Novice,ผู้แสวงหาผลตอบแทนสูง (มีเงินเก็บ ต้องการดอกเบี้ยสูง),"First Jobber รายได้ 24,000–45,000 บาท มีเงินเก็บก้อนแรก 30,000–100,000 บาท มองหาผลตอบแทนดอกเบี้ยสูง ป้องกันความเสี่ยงจากการหลอกลงทุนด้วย Protected Vault Protocol",0.12,HIGH,MAXIMUM,4240.0,1000.0,910.0,9400.0,6150.0,0.212,0.05,0.0455,พักกับครอบครัว/ที่บ้าน,ผ่อนสมาร์ตโฟน 0%
ACC_0814,USER_0004,24000.0,558.39,2672.2,0.1113,0.2291,4867.31,0,0,Paycheck-to-Paycheck Spender,มนุษย์เงินเดือนชนเดือน (สภาพคล่องจำกัดปลายเดือน),"First Jobber รายได้ 18,000–35,000 บาท ใช้ชีวิตเดือนชนเดือน ต้องการระบบออมเงินอัตโนมัติแบบไม่ต้องจดบันทึก และสามารถดึงเงินคืนเข้าบัญชีหลักได้ทันที 100% เมื่อถึงกำหนดจ่ายค่าเช่าหรือบิล",0.06,MODERATE,FLEXIBLE,5400.0,3260.0,1500.0,3200.0,10160.0,0.225,0.1358,0.0625,เช่าอพาร์ตเมนต์ชานเมือง,ผ่อนบัตรเครดิต & สินเชื่อ
ACC_0815,USER_0005,24000.0,610.2,5686.0,0.2369,0.251,14925.27,0,1,High-Yield Seeker Novice,ผู้แสวงหาผลตอบแทนสูง (มีเงินเก็บ ต้องการดอกเบี้ยสูง),"First Jobber รายได้ 24,000–45,000 บาท มีเงินเก็บก้อนแรก 30,000–100,000 บาท มองหาผลตอบแทนดอกเบี้ยสูง ป้องกันความเสี่ยงจากการหลอกลงทุนด้วย Protected Vault Protocol",0.12,HIGH,MAXIMUM,4970.0,0.0,1140.0,8900.0,6110.0,0.2071,0.0,0.0475,พักกับครอบครัว/ที่บ้าน,ไม่มีหนี้ผ่อนชำระ
ACC_0816,USER_0006,32000.0,564.54,4509.2,0.1409,0.1501,6185.05,0,0,Paycheck-to-Paycheck Spender,มนุษย์เงินเดือนชนเดือน (สภาพคล่องจำกัดปลายเดือน),"First Jobber รายได้ 18,000–35,000 บาท ใช้ชีวิตเดือนชนเดือน ต้องการระบบออมเงินอัตโนมัติแบบไม่ต้องจดบันทึก และสามารถดึงเงินคืนเข้าบัญชีหลักได้ทันที 100% เมื่อถึงกำหนดจ่ายค่าเช่าหรือบิล",0.06,MODERATE,FLEXIBLE,9480.0,5060.0,1660.0,1900.0,16200.0,0.2962,0.1581,0.0519,เช่าอพาร์ตเมนต์ชานเมือง,ผ่อนบัตรเครดิต & สินเชื่อ
ACC_0817,USER_0007,28000.0,596.23,1165.4,0.0416,0.2589,9970.26,0,0,Paycheck-to-Paycheck Spender,มนุษย์เงินเดือนชนเดือน (สภาพคล่องจำกัดปลายเดือน),"First Jobber รายได้ 18,000–35,000 บาท ใช้ชีวิตเดือนชนเดือน ต้องการระบบออมเงินอัตโนมัติแบบไม่ต้องจดบันทึก และสามารถดึงเงินคืนเข้าบัญชีหลักได้ทันที 100% เมื่อถึงกำหนดจ่ายค่าเช่าหรือบิล",0.06,MODERATE,FLEXIBLE,8770.0,4150.0,1990.0,1600.0,14910.0,0.3132,0.1482,0.0711,เช่าคอนโดติดรถไฟฟ้า,ผ่อนสมาร์ตโฟน & แท็บเล็ต
ACC_0818,USER_0008,36000.0,523.34,10533.2,0.2926,0.1147,15811.57,0,0,Paycheck-to-Paycheck Spender,มนุษย์เงินเดือนชนเดือน (สภาพคล่องจำกัดปลายเดือน),"First Jobber รายได้ 18,000–35,000 บาท ใช้ชีวิตเดือนชนเดือน ต้องการระบบออมเงินอัตโนมัติแบบไม่ต้องจดบันทึก และสามารถดึงเงินคืนเข้าบัญชีหลักได้ทันที 100% เมื่อถึงกำหนดจ่ายค่าเช่าหรือบิล",0.06,MODERATE,FLEXIBLE,9390.0,3460.0,2150.0,3400.0,15000.0,0.2608,0.0961,0.0597,เช่าคอนโดติดรถไฟฟ้า,ผ่อนบัตรเครดิต & สินเชื่อ
ACC_0819,USER_0009,24000.0,630.06,5508.8,0.2295,0.2827,5398.68,0,1,High-Yield Seeker Novice,ผู้แสวงหาผลตอบแทนสูง (มีเงินเก็บ ต้องการดอกเบี้ยสูง),"First Jobber รายได้ 24,000–45,000 บาท มีเงินเก็บก้อนแรก 30,000–100,000 บาท มองหาผลตอบแทนดอกเบี้ยสูง ป้องกันความเสี่ยงจากการหลอกลงทุนด้วย Protected Vault Protocol",0.12,HIGH,MAXIMUM,4730.0,0.0,1160.0,5100.0,5890.0,0.1971,0.0,0.0483,เช่าอพาร์ตเมนต์ราคาประหยัด,ไม่มีหนี้ผ่อนชำระ
ACC_0820,USER_0010,32000.0,578.04,6019.2,0.1881,0.1621,2669.58,0,0,Paycheck-to-Paycheck Spender,มนุษย์เงินเดือนชนเดือน (สภาพคล่องจำกัดปลายเดือน),"First Jobber รายได้ 18,000–35,000 บาท ใช้ชีวิตเดือนชนเดือน ต้องการระบบออมเงินอัตโนมัติแบบไม่ต้องจดบันทึก และสามารถดึงเงินคืนเข้าบัญชีหลักได้ทันที 100% เมื่อถึงกำหนดจ่ายค่าเช่าหรือบิล",0.06,MODERATE,FLEXIBLE,9520.0,2700.0,2200.0,2800.0,14420.0,0.2975,0.0844,0.0688,ผ่อนห้องชุดคอนโดมิเนียม,ผ่อนค่างวดรถมอเตอร์ไซค์
ACC_0821,USER_0011,36000.0,603.13,7867.4,0.2185,0.2661,10194.86,0,0,Paycheck-to-Paycheck Spender,มนุษย์เงินเดือนชนเดือน (สภาพคล่องจำกัดปลายเดือน),"First Jobber รายได้ 18,000–35,000 บาท ใช้ชีวิตเดือนชนเดือน ต้องการระบบออมเงินอัตโนมัติแบบไม่ต้องจดบันทึก และสามารถดึงเงินคืนเข้าบัญชีหลักได้ทันที 100% เมื่อถึงกำหนดจ่ายค่าเช่าหรือบิล",0.06,MODERATE,FLEXIBLE,11300.0,3050.0,1720.0,2400.0,16070.0,0.3139,0.0847,0.0478,ผ่อนห้องชุดคอนโดมิเนียม,ผ่อนหนี้ กยศ.
ACC_0822,USER_0012,24000.0,681.45,3751.0,0.1563,0.2616,5204.79,0,1,High-Yield Seeker Novice,ผู้แสวงหาผลตอบแทนสูง (มีเงินเก็บ ต้องการดอกเบี้ยสูง),"First Jobber รายได้ 24,000–45,000 บาท มีเงินเก็บก้อนแรก 30,000–100,000 บาท มองหาผลตอบแทนดอกเบี้ยสูง ป้องกันความเสี่ยงจากการหลอกลงทุนด้วย Protected Vault Protocol",0.12,HIGH,MAXIMUM,5210.0,0.0,1410.0,7400.0,6620.0,0.2171,0.0,0.0588,พักกับครอบครัว/ที่บ้าน,ไม่มีหนี้ผ่อนชำระ
ACC_0823,USER_0013,24000.0,583.76,7364.8,0.3069,0.2787,2726.85,0,1,High-Yield Seeker Novice,ผู้แสวงหาผลตอบแทนสูง (มีเงินเก็บ ต้องการดอกเบี้ยสูง),"First Jobber รายได้ 24,000–45,000 บาท มีเงินเก็บก้อนแรก 30,000–100,000 บาท มองหาผลตอบแทนดอกเบี้ยสูง ป้องกันความเสี่ยงจากการหลอกลงทุนด้วย Protected Vault Protocol",0.12,HIGH,MAXIMUM,3890.0,0.0,1070.0,7600.0,4960.0,0.1621,0.0,0.0446,พักกับครอบครัว/ที่บ้าน,ไม่มีหนี้ผ่อนชำระ
ACC_0824,USER_0014,36000.0,602.34,9833.2,0.2731,0.2675,8918.08,0,0,Paycheck-to-Paycheck Spender,มนุษย์เงินเดือนชนเดือน (สภาพคล่องจำกัดปลายเดือน),"First Jobber รายได้ 18,000–35,000 บาท ใช้ชีวิตเดือนชนเดือน ต้องการระบบออมเงินอัตโนมัติแบบไม่ต้องจดบันทึก และสามารถดึงเงินคืนเข้าบัญชีหลักได้ทันที 100% เมื่อถึงกำหนดจ่ายค่าเช่าหรือบิล",0.06,MODERATE,FLEXIBLE,8480.0,3670.0,1970.0,2900.0,14120.0,0.2356,0.1019,0.0547,ผ่อนห้องชุดคอนโดมิเนียม,ผ่อนสมาร์ตโฟน & แท็บเล็ต
ACC_0825,USER_0015,28000.0,580.14,2757.2,0.0985,0.2627,13794.92,0,0,Paycheck-to-Paycheck Spender,มนุษย์เงินเดือนชนเดือน (สภาพคล่องจำกัดปลายเดือน),"First Jobber รายได้ 18,000–35,000 บาท ใช้ชีวิตเดือนชนเดือน ต้องการระบบออมเงินอัตโนมัติแบบไม่ต้องจดบันทึก และสามารถดึงเงินคืนเข้าบัญชีหลักได้ทันที 100% เมื่อถึงกำหนดจ่ายค่าเช่าหรือบิล",0.06,MODERATE,FLEXIBLE,7050.0,4950.0,1640.0,2100.0,13640.0,0.2518,0.1768,0.0586,เช่าอพาร์ตเมนต์ชานเมือง,ผ่อนค่างวดรถมอเตอร์ไซค์
ACC_0826,USER_0016,20000.0,620.72,3575.6,0.1788,0.189,17950.92,0,1,High-Yield Seeker Novice,ผู้แสวงหาผลตอบแทนสูง (มีเงินเก็บ ต้องการดอกเบี้ยสูง),"First Jobber รายได้ 24,000–45,000 บาท มีเงินเก็บก้อนแรก 30,000–100,000 บาท มองหาผลตอบแทนดอกเบี้ยสูง ป้องกันความเสี่ยงจากการหลอกลงทุนด้วย Protected Vault Protocol",0.12,HIGH,MAXIMUM,2880.0,0.0,1130.0,6200.0,4010.0,0.144,0.0,0.0565,เช่าอพาร์ตเมนต์ราคาประหยัด,ไม่มีหนี้ผ่อนชำระ
ACC_0827,USER_0017,28000.0,619.41,4711.8,0.1683,0.2586,7075.05,0,0,Paycheck-to-Paycheck Spender,มนุษย์เงินเดือนชนเดือน (สภาพคล่องจำกัดปลายเดือน),"First Jobber รายได้ 18,000–35,000 บาท ใช้ชีวิตเดือนชนเดือน ต้องการระบบออมเงินอัตโนมัติแบบไม่ต้องจดบันทึก และสามารถดึงเงินคืนเข้าบัญชีหลักได้ทันที 100% เมื่อถึงกำหนดจ่ายค่าเช่าหรือบิล",0.06,MODERATE,FLEXIBLE,6420.0,3120.0,1360.0,3100.0,10900.0,0.2293,0.1114,0.0486,ผ่อนห้องชุดคอนโดมิเนียม,ผ่อนค่างวดรถมอเตอร์ไซค์
ACC_0828,USER_0018,36000.0,653.75,5145.0,0.1429,0.2491,10848.0,0,0,Paycheck-to-Paycheck Spender,มนุษย์เงินเดือนชนเดือน (สภาพคล่องจำกัดปลายเดือน),"First Jobber รายได้ 18,000–35,000 บาท ใช้ชีวิตเดือนชนเดือน ต้องการระบบออมเงินอัตโนมัติแบบไม่ต้องจดบันทึก และสามารถดึงเงินคืนเข้าบัญชีหลักได้ทันที 100% เมื่อถึงกำหนดจ่ายค่าเช่าหรือบิล",0.06,MODERATE,FLEXIBLE,9520.0,6100.0,2160.0,1500.0,17780.0,0.2644,0.1694,0.06,เช่าอพาร์ตเมนต์ชานเมือง,ผ่อนบัตรเครดิต & สินเชื่อ
ACC_0829,USER_0019,28000.0,634.7,2146.0,0.0766,0.2931,2673.53,0,0,Paycheck-to-Paycheck Spender,มนุษย์เงินเดือนชนเดือน (สภาพคล่องจำกัดปลายเดือน),"First Jobber รายได้ 18,000–35,000 บาท ใช้ชีวิตเดือนชนเดือน ต้องการระบบออมเงินอัตโนมัติแบบไม่ต้องจดบันทึก และสามารถดึงเงินคืนเข้าบัญชีหลักได้ทันที 100% เมื่อถึงกำหนดจ่ายค่าเช่าหรือบิล",0.06,MODERATE,FLEXIBLE,7370.0,3300.0,2490.0,2000.0,13160.0,0.2632,0.1179,0.0889,เช่าอพาร์ตเมนต์ชานเมือง,ผ่อนหนี้ กยศ.
ACC_0830,USER_0020,36000.0,618.23,7545.4,0.2096,0.2217,9331.71,0,0,Paycheck-to-Paycheck Spender,มนุษย์เงินเดือนชนเดือน (สภาพคล่องจำกัดปลายเดือน),"First Jobber รายได้ 18,000–35,000 บาท ใช้ชีวิตเดือนชนเดือน ต้องการระบบออมเงินอัตโนมัติแบบไม่ต้องจดบันทึก และสามารถดึงเงินคืนเข้าบัญชีหลักได้ทันที 100% เมื่อถึงกำหนดจ่ายค่าเช่าหรือบิล",0.06,MODERATE,FLEXIBLE,9660.0,4730.0,1700.0,2600.0,16090.0,0.2683,0.1314,0.0472,ผ่อนห้องชุดคอนโดมิเนียม,ผ่อนหนี้ กยศ.
ACC_0831,USER_0021,24000.0,627.86,5982.8,0.2493,0.2491,17912.5,0,1,High-Yield Seeker Novice,ผู้แสวงหาผลตอบแทนสูง (มีเงินเก็บ ต้องการดอกเบี้ยสูง),"First Jobber รายได้ 24,000–45,000 บาท มีเงินเก็บก้อนแรก 30,000–100,000 บาท มองหาผลตอบแทนดอกเบี้ยสูง ป้องกันความเสี่ยงจากการหลอกลงทุนด้วย Protected Vault Protocol",0.12,HIGH,MAXIMUM,3880.0,0.0,1580.0,9800.0,5460.0,0.1617,0.0,0.0658,เช่าห้องพักสไตล์มินิมอล,ไม่มีหนี้ผ่อนชำระ
ACC_0832,USER_0022,32000.0,629.9,4192.0,0.131,0.258,17099.78,0,0,Paycheck-to-Paycheck Spender,มนุษย์เงินเดือนชนเดือน (สภาพคล่องจำกัดปลายเดือน),"First Jobber รายได้ 18,000–35,000 บาท ใช้ชีวิตเดือนชนเดือน ต้องการระบบออมเงินอัตโนมัติแบบไม่ต้องจดบันทึก และสามารถดึงเงินคืนเข้าบัญชีหลักได้ทันที 100% เมื่อถึงกำหนดจ่ายค่าเช่าหรือบิล",0.06,MODERATE,FLEXIBLE,9370.0,3670.0,2170.0,3100.0,15210.0,0.2928,0.1147,0.0678,เช่าอพาร์ตเมนต์ชานเมือง,ผ่อนบัตรเครดิต & สินเชื่อ
ACC_0833,USER_0023,20000.0,565.35,3203.0,0.1601,0.2316,14929.71,0,1,High-Yield Seeker Novice,ผู้แสวงหาผลตอบแทนสูง (มีเงินเก็บ ต้องการดอกเบี้ยสูง),"First Jobber รายได้ 24,000–45,000 บาท มีเงินเก็บก้อนแรก 30,000–100,000 บาท มองหาผลตอบแทนดอกเบี้ยสูง ป้องกันความเสี่ยงจากการหลอกลงทุนด้วย Protected Vault Protocol",0.12,HIGH,MAXIMUM,3440.0,1000.0,1050.0,9900.0,5490.0,0.172,0.05,0.0525,เช่าอพาร์ตเมนต์ราคาประหยัด,ผ่อนสมาร์ตโฟน 0%
ACC_0834,USER_0024,36000.0,559.35,7283.0,0.2023,0.2444,11807.1,0,0,Paycheck-to-Paycheck Spender,มนุษย์เงินเดือนชนเดือน (สภาพคล่องจำกัดปลายเดือน),"First Jobber รายได้ 18,000–35,000 บาท ใช้ชีวิตเดือนชนเดือน ต้องการระบบออมเงินอัตโนมัติแบบไม่ต้องจดบันทึก และสามารถดึงเงินคืนเข้าบัญชีหลักได้ทันที 100% เมื่อถึงกำหนดจ่ายค่าเช่าหรือบิล",0.06,MODERATE,FLEXIBLE,10090.0,5250.0,2190.0,1700.0,17530.0,0.2803,0.1458,0.0608,เช่าคอนโดติดรถไฟฟ้า,ผ่อนบัตรเครดิต & สินเชื่อ
ACC_0835,USER_0025,28000.0,683.89,2082.2,0.0744,0.2573,2430.13,0,0,Paycheck-to-Paycheck Spender,มนุษย์เงินเดือนชนเดือน (สภาพคล่องจำกัดปลายเดือน),"First Jobber รายได้ 18,000–35,000 บาท ใช้ชีวิตเดือนชนเดือน ต้องการระบบออมเงินอัตโนมัติแบบไม่ต้องจดบันทึก และสามารถดึงเงินคืนเข้าบัญชีหลักได้ทันที 100% เมื่อถึงกำหนดจ่ายค่าเช่าหรือบิล",0.06,MODERATE,FLEXIBLE,6670.0,3980.0,1590.0,2100.0,12240.0,0.2382,0.1421,0.0568,ผ่อนห้องชุดคอนโดมิเนียม,ผ่อนสมาร์ตโฟน & แท็บเล็ต
ACC_0836,USER_0026,36000.0,684.13,6217.4,0.1727,0.2337,15895.27,0,0,Paycheck-to-Paycheck Spender,มนุษย์เงินเดือนชนเดือน (สภาพคล่องจำกัดปลายเดือน),"First Jobber รายได้ 18,000–35,000 บาท ใช้ชีวิตเดือนชนเดือน ต้องการระบบออมเงินอัตโนมัติแบบไม่ต้องจดบันทึก และสามารถดึงเงินคืนเข้าบัญชีหลักได้ทันที 100% เมื่อถึงกำหนดจ่ายค่าเช่าหรือบิล",0.06,MODERATE,FLEXIBLE,10710.0,3350.0,2040.0,2400.0,16100.0,0.2975,0.0931,0.0567,เช่าอพาร์ตเมนต์ชานเมือง,ผ่อนสมาร์ตโฟน & แท็บเล็ต
ACC_0837,USER_0027,24000.0,596.07,5018.6,0.2091,0.2222,16267.34,0,1,High-Yield Seeker Novice,ผู้แสวงหาผลตอบแทนสูง (มีเงินเก็บ ต้องการดอกเบี้ยสูง),"First Jobber รายได้ 24,000–45,000 บาท มีเงินเก็บก้อนแรก 30,000–100,000 บาท มองหาผลตอบแทนดอกเบี้ยสูง ป้องกันความเสี่ยงจากการหลอกลงทุนด้วย Protected Vault Protocol",0.12,HIGH,MAXIMUM,4750.0,1200.0,1110.0,8900.0,7060.0,0.1979,0.05,0.0462,เช่าห้องพักสไตล์มินิมอล,ผ่อนอุปกรณ์ไอที/คอมพิวเตอร์
ACC_0838,USER_0028,28000.0,585.07,5108.6,0.1824,0.2098,12494.12,0,0,Paycheck-to-Paycheck Spender,มนุษย์เงินเดือนชนเดือน (สภาพคล่องจำกัดปลายเดือน),"First Jobber รายได้ 18,000–35,000 บาท ใช้ชีวิตเดือนชนเดือน ต้องการระบบออมเงินอัตโนมัติแบบไม่ต้องจดบันทึก และสามารถดึงเงินคืนเข้าบัญชีหลักได้ทันที 100% เมื่อถึงกำหนดจ่ายค่าเช่าหรือบิล",0.06,MODERATE,FLEXIBLE,6610.0,3180.0,1400.0,2000.0,11190.0,0.2361,0.1136,0.05,เช่าคอนโดติดรถไฟฟ้า,ผ่อนบัตรเครดิต & สินเชื่อ
ACC_0839,USER_0029,24000.0,600.09,5768.2,0.2403,0.3235,13064.55,0,1,High-Yield Seeker Novice,ผู้แสวงหาผลตอบแทนสูง (มีเงินเก็บ ต้องการดอกเบี้ยสูง),"First Jobber รายได้ 24,000–45,000 บาท มีเงินเก็บก้อนแรก 30,000–100,000 บาท มองหาผลตอบแทนดอกเบี้ยสูง ป้องกันความเสี่ยงจากการหลอกลงทุนด้วย Protected Vault Protocol",0.12,HIGH,MAXIMUM,5180.0,0.0,1050.0,6000.0,6230.0,0.2158,0.0,0.0438,พักกับครอบครัว/ที่บ้าน,ไม่มีหนี้ผ่อนชำระ
ACC_0840,USER_0030,28000.0,652.24,1425.2,0.0509,0.2188,7498.63,0,0,Paycheck-to-Paycheck Spender,มนุษย์เงินเดือนชนเดือน (สภาพคล่องจำกัดปลายเดือน),"First Jobber รายได้ 18,000–35,000 บาท ใช้ชีวิตเดือนชนเดือน ต้องการระบบออมเงินอัตโนมัติแบบไม่ต้องจดบันทึก และสามารถดึงเงินคืนเข้าบัญชีหลักได้ทันที 100% เมื่อถึงกำหนดจ่ายค่าเช่าหรือบิล",0.06,MODERATE,FLEXIBLE,8750.0,3410.0,1370.0,1600.0,13530.0,0.3125,0.1218,0.0489,เช่าคอนโดติดรถไฟฟ้า,ผ่อนหนี้ กยศ.
ACC_0841,USER_0031,36000.0,554.28,10544.4,0.2929,0.2492,8678.63,0,0,Paycheck-to-Paycheck Spender,มนุษย์เงินเดือนชนเดือน (สภาพคล่องจำกัดปลายเดือน),"First Jobber รายได้ 18,000–35,000 บาท ใช้ชีวิตเดือนชนเดือน ต้องการระบบออมเงินอัตโนมัติแบบไม่ต้องจดบันทึก และสามารถดึงเงินคืนเข้าบัญชีหลักได้ทันที 100% เมื่อถึงกำหนดจ่ายค่าเช่าหรือบิล",0.06,MODERATE,FLEXIBLE,9330.0,2980.0,2060.0,1500.0,14370.0,0.2592,0.0828,0.0572,ผ่อนห้องชุดคอนโดมิเนียม,ผ่อนหนี้ กยศ.
ACC_0842,USER_0032,28000.0,599.66,3196.8,0.1142,0.2195,12131.39,0,0,Paycheck-to-Paycheck Spender,มนุษย์เงินเดือนชนเดือน (สภาพคล่องจำกัดปลายเดือน),"First Jobber รายได้ 18,000–35,000 บาท ใช้ชีวิตเดือนชนเดือน ต้องการระบบออมเงินอัตโนมัติแบบไม่ต้องจดบันทึก และสามารถดึงเงินคืนเข้าบัญชีหลักได้ทันที 100% เมื่อถึงกำหนดจ่ายค่าเช่าหรือบิล",0.06,MODERATE,FLEXIBLE,6850.0,4190.0,1770.0,2600.0,12810.0,0.2446,0.1496,0.0632,เช่าอพาร์ตเมนต์ชานเมือง,ผ่อนสมาร์ตโฟน & แท็บเล็ต
ACC_0843,USER_0033,36000.0,645.28,8104.4,0.2251,0.174,7414.52,0,0,Paycheck-to-Paycheck Spender,มนุษย์เงินเดือนชนเดือน (สภาพคล่องจำกัดปลายเดือน),"First Jobber รายได้ 18,000–35,000 บาท ใช้ชีวิตเดือนชนเดือน ต้องการระบบออมเงินอัตโนมัติแบบไม่ต้องจดบันทึก และสามารถดึงเงินคืนเข้าบัญชีหลักได้ทันที 100% เมื่อถึงกำหนดจ่ายค่าเช่าหรือบิล",0.06,MODERATE,FLEXIBLE,8140.0,4810.0,2040.0,3000.0,14990.0,0.2261,0.1336,0.0567,ผ่อนห้องชุดคอนโดมิเนียม,ผ่อนหนี้ กยศ.
ACC_0844,USER_0034,36000.0,584.73,9535.4,0.2649,0.2935,12722.31,0,0,Paycheck-to-Paycheck Spender,มนุษย์เงินเดือนชนเดือน (สภาพคล่องจำกัดปลายเดือน),"First Jobber รายได้ 18,000–35,000 บาท ใช้ชีวิตเดือนชนเดือน ต้องการระบบออมเงินอัตโนมัติแบบไม่ต้องจดบันทึก และสามารถดึงเงินคืนเข้าบัญชีหลักได้ทันที 100% เมื่อถึงกำหนดจ่ายค่าเช่าหรือบิล",0.06,MODERATE,FLEXIBLE,9770.0,3580.0,1420.0,2300.0,14770.0,0.2714,0.0994,0.0394,ผ่อนห้องชุดคอนโดมิเนียม,ผ่อนบัตรเครดิต & สินเชื่อ
ACC_0845,USER_0035,28000.0,546.1,5528.0,0.1974,0.181,5966.72,0,0,Paycheck-to-Paycheck Spender,มนุษย์เงินเดือนชนเดือน (สภาพคล่องจำกัดปลายเดือน),"First Jobber รายได้ 18,000–35,000 บาท ใช้ชีวิตเดือนชนเดือน ต้องการระบบออมเงินอัตโนมัติแบบไม่ต้องจดบันทึก และสามารถดึงเงินคืนเข้าบัญชีหลักได้ทันที 100% เมื่อถึงกำหนดจ่ายค่าเช่าหรือบิล",0.06,MODERATE,FLEXIBLE,6780.0,3130.0,1640.0,1700.0,11550.0,0.2421,0.1118,0.0586,เช่าอพาร์ตเมนต์ชานเมือง,ผ่อนค่างวดรถมอเตอร์ไซค์
ACC_0846,USER_0036,36000.0,605.64,10097.2,0.2805,0.2611,2769.57,0,0,Paycheck-to-Paycheck Spender,มนุษย์เงินเดือนชนเดือน (สภาพคล่องจำกัดปลายเดือน),"First Jobber รายได้ 18,000–35,000 บาท ใช้ชีวิตเดือนชนเดือน ต้องการระบบออมเงินอัตโนมัติแบบไม่ต้องจดบันทึก และสามารถดึงเงินคืนเข้าบัญชีหลักได้ทันที 100% เมื่อถึงกำหนดจ่ายค่าเช่าหรือบิล",0.06,MODERATE,FLEXIBLE,8620.0,3060.0,2110.0,2100.0,13790.0,0.2394,0.085,0.0586,ผ่อนห้องชุดคอนโดมิเนียม,ผ่อนค่างวดรถมอเตอร์ไซค์
ACC_0847,USER_0037,24000.0,601.5,5270.0,0.2196,0.2094,17012.88,0,1,High-Yield Seeker Novice,ผู้แสวงหาผลตอบแทนสูง (มีเงินเก็บ ต้องการดอกเบี้ยสูง),"First Jobber รายได้ 24,000–45,000 บาท มีเงินเก็บก้อนแรก 30,000–100,000 บาท มองหาผลตอบแทนดอกเบี้ยสูง ป้องกันความเสี่ยงจากการหลอกลงทุนด้วย Protected Vault Protocol",0.12,HIGH,MAXIMUM,4000.0,1200.0,1500.0,8700.0,6700.0,0.1667,0.05,0.0625,เช่าห้องพักสไตล์มินิมอล,ผ่อนสมาร์ตโฟน 0%
ACC_0848,USER_0038,20000.0,595.73,2245.4,0.1123,0.2054,9220.45,0,1,High-Yield Seeker Novice,ผู้แสวงหาผลตอบแทนสูง (มีเงินเก็บ ต้องการดอกเบี้ยสูง),"First Jobber รายได้ 24,000–45,000 บาท มีเงินเก็บก้อนแรก 30,000–100,000 บาท มองหาผลตอบแทนดอกเบี้ยสูง ป้องกันความเสี่ยงจากการหลอกลงทุนด้วย Protected Vault Protocol",0.12,HIGH,MAXIMUM,3580.0,1000.0,1260.0,5700.0,5840.0,0.179,0.05,0.063,เช่าห้องพักสไตล์มินิมอล,ผ่อนอุปกรณ์ไอที/คอมพิวเตอร์
ACC_0849,USER_0039,32000.0,594.74,4635.2,0.1448,0.2524,17620.09,0,0,Paycheck-to-Paycheck Spender,มนุษย์เงินเดือนชนเดือน (สภาพคล่องจำกัดปลายเดือน),"First Jobber รายได้ 18,000–35,000 บาท ใช้ชีวิตเดือนชนเดือน ต้องการระบบออมเงินอัตโนมัติแบบไม่ต้องจดบันทึก และสามารถดึงเงินคืนเข้าบัญชีหลักได้ทันที 100% เมื่อถึงกำหนดจ่ายค่าเช่าหรือบิล",0.06,MODERATE,FLEXIBLE,7990.0,5470.0,2010.0,3000.0,15470.0,0.2497,0.1709,0.0628,ผ่อนห้องชุดคอนโดมิเนียม,ผ่อนค่างวดรถมอเตอร์ไซค์
ACC_0850,USER_0040,24000.0,681.58,5248.4,0.2187,0.2289,17899.94,0,1,High-Yield Seeker Novice,ผู้แสวงหาผลตอบแทนสูง (มีเงินเก็บ ต้องการดอกเบี้ยสูง),"First Jobber รายได้ 24,000–45,000 บาท มีเงินเก็บก้อนแรก 30,000–100,000 บาท มองหาผลตอบแทนดอกเบี้ยสูง ป้องกันความเสี่ยงจากการหลอกลงทุนด้วย Protected Vault Protocol",0.12,HIGH,MAXIMUM,4140.0,0.0,980.0,9100.0,5120.0,0.1725,0.0,0.0408,พักกับครอบครัว/ที่บ้าน,ไม่มีหนี้ผ่อนชำระ
ACC_0851,USER_0041,28000.0,584.79,3304.2,0.118,0.2801,7204.01,0,0,Paycheck-to-Paycheck Spender,มนุษย์เงินเดือนชนเดือน (สภาพคล่องจำกัดปลายเดือน),"First Jobber รายได้ 18,000–35,000 บาท ใช้ชีวิตเดือนชนเดือน ต้องการระบบออมเงินอัตโนมัติแบบไม่ต้องจดบันทึก และสามารถดึงเงินคืนเข้าบัญชีหลักได้ทันที 100% เมื่อถึงกำหนดจ่ายค่าเช่าหรือบิล",0.06,MODERATE,FLEXIBLE,7260.0,4190.0,1550.0,2800.0,13000.0,0.2593,0.1496,0.0554,เช่าคอนโดติดรถไฟฟ้า,ผ่อนค่างวดรถมอเตอร์ไซค์
ACC_0852,USER_0042,36000.0,629.39,4512.2,0.1253,0.1914,5614.77,0,0,Paycheck-to-Paycheck Spender,มนุษย์เงินเดือนชนเดือน (สภาพคล่องจำกัดปลายเดือน),"First Jobber รายได้ 18,000–35,000 บาท ใช้ชีวิตเดือนชนเดือน ต้องการระบบออมเงินอัตโนมัติแบบไม่ต้องจดบันทึก และสามารถดึงเงินคืนเข้าบัญชีหลักได้ทันที 100% เมื่อถึงกำหนดจ่ายค่าเช่าหรือบิล",0.06,MODERATE,FLEXIBLE,11110.0,6100.0,1690.0,2000.0,18900.0,0.3086,0.1694,0.0469,ผ่อนห้องชุดคอนโดมิเนียม,ผ่อนสมาร์ตโฟน & แท็บเล็ต
ACC_0853,USER_0043,20000.0,554.81,3253.8,0.1627,0.2122,8113.24,0,1,High-Yield Seeker Novice,ผู้แสวงหาผลตอบแทนสูง (มีเงินเก็บ ต้องการดอกเบี้ยสูง),"First Jobber รายได้ 24,000–45,000 บาท มีเงินเก็บก้อนแรก 30,000–100,000 บาท มองหาผลตอบแทนดอกเบี้ยสูง ป้องกันความเสี่ยงจากการหลอกลงทุนด้วย Protected Vault Protocol",0.12,HIGH,MAXIMUM,3180.0,1000.0,1470.0,8200.0,5650.0,0.159,0.05,0.0735,พักกับครอบครัว/ที่บ้าน,ผ่อนอุปกรณ์ไอที/คอมพิวเตอร์
ACC_0854,USER_0044,32000.0,593.95,6281.0,0.1963,0.2257,10280.71,0,0,Paycheck-to-Paycheck Spender,มนุษย์เงินเดือนชนเดือน (สภาพคล่องจำกัดปลายเดือน),"First Jobber รายได้ 18,000–35,000 บาท ใช้ชีวิตเดือนชนเดือน ต้องการระบบออมเงินอัตโนมัติแบบไม่ต้องจดบันทึก และสามารถดึงเงินคืนเข้าบัญชีหลักได้ทันที 100% เมื่อถึงกำหนดจ่ายค่าเช่าหรือบิล",0.06,MODERATE,FLEXIBLE,7180.0,4660.0,2000.0,1700.0,13840.0,0.2244,0.1456,0.0625,เช่าคอนโดติดรถไฟฟ้า,ผ่อนค่างวดรถมอเตอร์ไซค์
ACC_0855,USER_0045,32000.0,681.27,3834.6,0.1198,0.2552,5895.61,0,0,Paycheck-to-Paycheck Spender,มนุษย์เงินเดือนชนเดือน (สภาพคล่องจำกัดปลายเดือน),"First Jobber รายได้ 18,000–35,000 บาท ใช้ชีวิตเดือนชนเดือน ต้องการระบบออมเงินอัตโนมัติแบบไม่ต้องจดบันทึก และสามารถดึงเงินคืนเข้าบัญชีหลักได้ทันที 100% เมื่อถึงกำหนดจ่ายค่าเช่าหรือบิล",0.06,MODERATE,FLEXIBLE,7300.0,5740.0,1500.0,3500.0,14540.0,0.2281,0.1794,0.0469,ผ่อนห้องชุดคอนโดมิเนียม,ผ่อนสมาร์ตโฟน & แท็บเล็ต
ACC_0856,USER_0046,28000.0,571.24,2055.2,0.0734,0.2158,7966.3,0,0,Paycheck-to-Paycheck Spender,มนุษย์เงินเดือนชนเดือน (สภาพคล่องจำกัดปลายเดือน),"First Jobber รายได้ 18,000–35,000 บาท ใช้ชีวิตเดือนชนเดือน ต้องการระบบออมเงินอัตโนมัติแบบไม่ต้องจดบันทึก และสามารถดึงเงินคืนเข้าบัญชีหลักได้ทันที 100% เมื่อถึงกำหนดจ่ายค่าเช่าหรือบิล",0.06,MODERATE,FLEXIBLE,8380.0,4090.0,2050.0,3200.0,14520.0,0.2993,0.1461,0.0732,ผ่อนห้องชุดคอนโดมิเนียม,ผ่อนหนี้ กยศ.
ACC_0857,USER_0047,36000.0,580.43,7851.4,0.2181,0.2215,4813.5,0,0,Paycheck-to-Paycheck Spender,มนุษย์เงินเดือนชนเดือน (สภาพคล่องจำกัดปลายเดือน),"First Jobber รายได้ 18,000–35,000 บาท ใช้ชีวิตเดือนชนเดือน ต้องการระบบออมเงินอัตโนมัติแบบไม่ต้องจดบันทึก และสามารถดึงเงินคืนเข้าบัญชีหลักได้ทันที 100% เมื่อถึงกำหนดจ่ายค่าเช่าหรือบิล",0.06,MODERATE,FLEXIBLE,9600.0,5110.0,1830.0,2400.0,16540.0,0.2667,0.1419,0.0508,เช่าคอนโดติดรถไฟฟ้า,ผ่อนค่างวดรถมอเตอร์ไซค์
ACC_0858,USER_0048,24000.0,609.46,5270.8,0.2196,0.2578,10186.03,0,1,High-Yield Seeker Novice,ผู้แสวงหาผลตอบแทนสูง (มีเงินเก็บ ต้องการดอกเบี้ยสูง),"First Jobber รายได้ 24,000–45,000 บาท มีเงินเก็บก้อนแรก 30,000–100,000 บาท มองหาผลตอบแทนดอกเบี้ยสูง ป้องกันความเสี่ยงจากการหลอกลงทุนด้วย Protected Vault Protocol",0.12,HIGH,MAXIMUM,4990.0,0.0,1550.0,8300.0,6540.0,0.2079,0.0,0.0646,เช่าห้องพักสไตล์มินิมอล,ไม่มีหนี้ผ่อนชำระ
ACC_0859,USER_0049,36000.0,618.64,9917.2,0.2755,0.2469,4512.14,0,0,Paycheck-to-Paycheck Spender,มนุษย์เงินเดือนชนเดือน (สภาพคล่องจำกัดปลายเดือน),"First Jobber รายได้ 18,000–35,000 บาท ใช้ชีวิตเดือนชนเดือน ต้องการระบบออมเงินอัตโนมัติแบบไม่ต้องจดบันทึก และสามารถดึงเงินคืนเข้าบัญชีหลักได้ทันที 100% เมื่อถึงกำหนดจ่ายค่าเช่าหรือบิล",0.06,MODERATE,FLEXIBLE,8390.0,3240.0,2080.0,2500.0,13710.0,0.2331,0.09,0.0578,ผ่อนห้องชุดคอนโดมิเนียม,ผ่อนบัตรเครดิต & สินเชื่อ
ACC_0860,USER_0050,36000.0,621.09,4328.2,0.1202,0.2838,7976.2,0,0,Paycheck-to-Paycheck Spender,มนุษย์เงินเดือนชนเดือน (สภาพคล่องจำกัดปลายเดือน),"First Jobber รายได้ 18,000–35,000 บาท ใช้ชีวิตเดือนชนเดือน ต้องการระบบออมเงินอัตโนมัติแบบไม่ต้องจดบันทึก และสามารถดึงเงินคืนเข้าบัญชีหลักได้ทันที 100% เมื่อถึงกำหนดจ่ายค่าเช่าหรือบิล",0.06,MODERATE,FLEXIBLE,11120.0,6450.0,1680.0,1900.0,19250.0,0.3089,0.1792,0.0467,เช่าอพาร์ตเมนต์ชานเมือง,ผ่อนหนี้ กยศ.
ACC_0861,USER_0051,20000.0,630.72,1455.6,0.0728,0.1649,13912.17,0,1,High-Yield Seeker Novice,ผู้แสวงหาผลตอบแทนสูง (มีเงินเก็บ ต้องการดอกเบี้ยสูง),"First Jobber รายได้ 24,000–45,000 บาท มีเงินเก็บก้อนแรก 30,000–100,000 บาท มองหาผลตอบแทนดอกเบี้ยสูง ป้องกันความเสี่ยงจากการหลอกลงทุนด้วย Protected Vault Protocol",0.12,HIGH,MAXIMUM,3200.0,1800.0,930.0,5200.0,5930.0,0.16,0.09,0.0465,พักกับครอบครัว/ที่บ้าน,ผ่อนสมาร์ตโฟน 0%
ACC_0862,USER_0052,28000.0,637.32,2273.6,0.0812,0.1736,17797.12,0,0,Paycheck-to-Paycheck Spender,มนุษย์เงินเดือนชนเดือน (สภาพคล่องจำกัดปลายเดือน),"First Jobber รายได้ 18,000–35,000 บาท ใช้ชีวิตเดือนชนเดือน ต้องการระบบออมเงินอัตโนมัติแบบไม่ต้องจดบันทึก และสามารถดึงเงินคืนเข้าบัญชีหลักได้ทันที 100% เมื่อถึงกำหนดจ่ายค่าเช่าหรือบิล",0.06,MODERATE,FLEXIBLE,8860.0,2620.0,1500.0,3300.0,12980.0,0.3164,0.0936,0.0536,เช่าอพาร์ตเมนต์ชานเมือง,ผ่อนสมาร์ตโฟน & แท็บเล็ต
ACC_0863,USER_0053,28000.0,664.2,2856.0,0.102,0.2227,14379.37,0,0,Paycheck-to-Paycheck Spender,มนุษย์เงินเดือนชนเดือน (สภาพคล่องจำกัดปลายเดือน),"First Jobber รายได้ 18,000–35,000 บาท ใช้ชีวิตเดือนชนเดือน ต้องการระบบออมเงินอัตโนมัติแบบไม่ต้องจดบันทึก และสามารถดึงเงินคืนเข้าบัญชีหลักได้ทันที 100% เมื่อถึงกำหนดจ่ายค่าเช่าหรือบิล",0.06,MODERATE,FLEXIBLE,8300.0,2260.0,1300.0,2300.0,11860.0,0.2964,0.0807,0.0464,เช่าคอนโดติดรถไฟฟ้า,ผ่อนค่างวดรถมอเตอร์ไซค์
ACC_0864,USER_0054,32000.0,566.37,6532.6,0.2041,0.2022,12253.4,0,0,Paycheck-to-Paycheck Spender,มนุษย์เงินเดือนชนเดือน (สภาพคล่องจำกัดปลายเดือน),"First Jobber รายได้ 18,000–35,000 บาท ใช้ชีวิตเดือนชนเดือน ต้องการระบบออมเงินอัตโนมัติแบบไม่ต้องจดบันทึก และสามารถดึงเงินคืนเข้าบัญชีหลักได้ทันที 100% เมื่อถึงกำหนดจ่ายค่าเช่าหรือบิล",0.06,MODERATE,FLEXIBLE,7760.0,4780.0,1600.0,2800.0,14140.0,0.2425,0.1494,0.05,เช่าคอนโดติดรถไฟฟ้า,ผ่อนสมาร์ตโฟน & แท็บเล็ต
ACC_0865,USER_0055,24000.0,573.3,3204.0,0.1335,0.2168,4119.61,0,0,Paycheck-to-Paycheck Spender,มนุษย์เงินเดือนชนเดือน (สภาพคล่องจำกัดปลายเดือน),"First Jobber รายได้ 18,000–35,000 บาท ใช้ชีวิตเดือนชนเดือน ต้องการระบบออมเงินอัตโนมัติแบบไม่ต้องจดบันทึก และสามารถดึงเงินคืนเข้าบัญชีหลักได้ทันที 100% เมื่อถึงกำหนดจ่ายค่าเช่าหรือบิล",0.06,MODERATE,FLEXIBLE,5800.0,2060.0,1470.0,2700.0,9330.0,0.2417,0.0858,0.0612,เช่าอพาร์ตเมนต์ชานเมือง,ผ่อนหนี้ กยศ.
ACC_0866,USER_0056,24000.0,537.15,6527.0,0.272,0.2243,10116.04,0,1,High-Yield Seeker Novice,ผู้แสวงหาผลตอบแทนสูง (มีเงินเก็บ ต้องการดอกเบี้ยสูง),"First Jobber รายได้ 24,000–45,000 บาท มีเงินเก็บก้อนแรก 30,000–100,000 บาท มองหาผลตอบแทนดอกเบี้ยสูง ป้องกันความเสี่ยงจากการหลอกลงทุนด้วย Protected Vault Protocol",0.12,HIGH,MAXIMUM,3580.0,2160.0,990.0,7800.0,6730.0,0.1492,0.09,0.0412,เช่าห้องพักสไตล์มินิมอล,ผ่อนอุปกรณ์ไอที/คอมพิวเตอร์
ACC_0867,USER_0057,28000.0,546.6,4498.0,0.1606,0.2374,4085.8,0,0,Paycheck-to-Paycheck Spender,มนุษย์เงินเดือนชนเดือน (สภาพคล่องจำกัดปลายเดือน),"First Jobber รายได้ 18,000–35,000 บาท ใช้ชีวิตเดือนชนเดือน ต้องการระบบออมเงินอัตโนมัติแบบไม่ต้องจดบันทึก และสามารถดึงเงินคืนเข้าบัญชีหลักได้ทันที 100% เมื่อถึงกำหนดจ่ายค่าเช่าหรือบิล",0.06,MODERATE,FLEXIBLE,6240.0,3980.0,2350.0,3200.0,12570.0,0.2229,0.1421,0.0839,ผ่อนห้องชุดคอนโดมิเนียม,ผ่อนค่างวดรถมอเตอร์ไซค์
ACC_0868,USER_0058,36000.0,633.13,5077.4,0.141,0.2531,4748.46,0,0,Paycheck-to-Paycheck Spender,มนุษย์เงินเดือนชนเดือน (สภาพคล่องจำกัดปลายเดือน),"First Jobber รายได้ 18,000–35,000 บาท ใช้ชีวิตเดือนชนเดือน ต้องการระบบออมเงินอัตโนมัติแบบไม่ต้องจดบันทึก และสามารถดึงเงินคืนเข้าบัญชีหลักได้ทันที 100% เมื่อถึงกำหนดจ่ายค่าเช่าหรือบิล",0.06,MODERATE,FLEXIBLE,10720.0,5300.0,2240.0,2500.0,18260.0,0.2978,0.1472,0.0622,เช่าอพาร์ตเมนต์ชานเมือง,ผ่อนหนี้ กยศ.
ACC_0869,USER_0059,24000.0,602.32,5593.6,0.2331,0.2398,4157.13,0,1,High-Yield Seeker Novice,ผู้แสวงหาผลตอบแทนสูง (มีเงินเก็บ ต้องการดอกเบี้ยสูง),"First Jobber รายได้ 24,000–45,000 บาท มีเงินเก็บก้อนแรก 30,000–100,000 บาท มองหาผลตอบแทนดอกเบี้ยสูง ป้องกันความเสี่ยงจากการหลอกลงทุนด้วย Protected Vault Protocol",0.12,HIGH,MAXIMUM,4910.0,0.0,1450.0,7800.0,6360.0,0.2046,0.0,0.0604,เช่าห้องพักสไตล์มินิมอล,ไม่มีหนี้ผ่อนชำระ
ACC_0870,USER_0060,20000.0,607.84,3743.2,0.1872,0.2331,9600.56,0,1,High-Yield Seeker Novice,ผู้แสวงหาผลตอบแทนสูง (มีเงินเก็บ ต้องการดอกเบี้ยสูง),"First Jobber รายได้ 24,000–45,000 บาท มีเงินเก็บก้อนแรก 30,000–100,000 บาท มองหาผลตอบแทนดอกเบี้ยสูง ป้องกันความเสี่ยงจากการหลอกลงทุนด้วย Protected Vault Protocol",0.12,HIGH,MAXIMUM,2840.0,0.0,1260.0,9100.0,4100.0,0.142,0.0,0.063,พักกับครอบครัว/ที่บ้าน,ไม่มีหนี้ผ่อนชำระ
ACC_0871,USER_0061,32000.0,572.95,4121.0,0.1288,0.2057,12261.06,0,0,Paycheck-to-Paycheck Spender,มนุษย์เงินเดือนชนเดือน (สภาพคล่องจำกัดปลายเดือน),"First Jobber รายได้ 18,000–35,000 บาท ใช้ชีวิตเดือนชนเดือน ต้องการระบบออมเงินอัตโนมัติแบบไม่ต้องจดบันทึก และสามารถดึงเงินคืนเข้าบัญชีหลักได้ทันที 100% เมื่อถึงกำหนดจ่ายค่าเช่าหรือบิล",0.06,MODERATE,FLEXIBLE,9600.0,5320.0,1500.0,3200.0,16420.0,0.3,0.1662,0.0469,เช่าคอนโดติดรถไฟฟ้า,ผ่อนค่างวดรถมอเตอร์ไซค์
ACC_0872,USER_0062,28000.0,670.92,850.0,0.0304,0.218,6324.95,0,0,Paycheck-to-Paycheck Spender,มนุษย์เงินเดือนชนเดือน (สภาพคล่องจำกัดปลายเดือน),"First Jobber รายได้ 18,000–35,000 บาท ใช้ชีวิตเดือนชนเดือน ต้องการระบบออมเงินอัตโนมัติแบบไม่ต้องจดบันทึก และสามารถดึงเงินคืนเข้าบัญชีหลักได้ทันที 100% เมื่อถึงกำหนดจ่ายค่าเช่าหรือบิล",0.06,MODERATE,FLEXIBLE,8200.0,4440.0,2590.0,2700.0,15230.0,0.2929,0.1586,0.0925,เช่าคอนโดติดรถไฟฟ้า,ผ่อนบัตรเครดิต & สินเชื่อ
ACC_0873,USER_0063,32000.0,581.58,3888.4,0.1215,0.266,6701.25,0,0,Paycheck-to-Paycheck Spender,มนุษย์เงินเดือนชนเดือน (สภาพคล่องจำกัดปลายเดือน),"First Jobber รายได้ 18,000–35,000 บาท ใช้ชีวิตเดือนชนเดือน ต้องการระบบออมเงินอัตโนมัติแบบไม่ต้องจดบันทึก และสามารถดึงเงินคืนเข้าบัญชีหลักได้ทันที 100% เมื่อถึงกำหนดจ่ายค่าเช่าหรือบิล",0.06,MODERATE,FLEXIBLE,9210.0,5590.0,1680.0,1500.0,16480.0,0.2878,0.1747,0.0525,ผ่อนห้องชุดคอนโดมิเนียม,ผ่อนค่างวดรถมอเตอร์ไซค์
ACC_0874,USER_0064,28000.0,662.49,1770.2,0.0632,0.2736,16892.13,0,0,Paycheck-to-Paycheck Spender,มนุษย์เงินเดือนชนเดือน (สภาพคล่องจำกัดปลายเดือน),"First Jobber รายได้ 18,000–35,000 บาท ใช้ชีวิตเดือนชนเดือน ต้องการระบบออมเงินอัตโนมัติแบบไม่ต้องจดบันทึก และสามารถดึงเงินคืนเข้าบัญชีหลักได้ทันที 100% เมื่อถึงกำหนดจ่ายค่าเช่าหรือบิล",0.06,MODERATE,FLEXIBLE,6770.0,4090.0,2120.0,2700.0,12980.0,0.2418,0.1461,0.0757,ผ่อนห้องชุดคอนโดมิเนียม,ผ่อนสมาร์ตโฟน & แท็บเล็ต
ACC_0875,USER_0065,24000.0,567.52,6539.6,0.2725,0.3006,10560.88,0,1,High-Yield Seeker Novice,ผู้แสวงหาผลตอบแทนสูง (มีเงินเก็บ ต้องการดอกเบี้ยสูง),"First Jobber รายได้ 24,000–45,000 บาท มีเงินเก็บก้อนแรก 30,000–100,000 บาท มองหาผลตอบแทนดอกเบี้ยสูง ป้องกันความเสี่ยงจากการหลอกลงทุนด้วย Protected Vault Protocol",0.12,HIGH,MAXIMUM,4760.0,0.0,1350.0,7600.0,6110.0,0.1983,0.0,0.0562,เช่าอพาร์ตเมนต์ราคาประหยัด,ไม่มีหนี้ผ่อนชำระ
ACC_0876,USER_0066,32000.0,640.66,4086.8,0.1277,0.2795,13492.65,0,0,Paycheck-to-Paycheck Spender,มนุษย์เงินเดือนชนเดือน (สภาพคล่องจำกัดปลายเดือน),"First Jobber รายได้ 18,000–35,000 บาท ใช้ชีวิตเดือนชนเดือน ต้องการระบบออมเงินอัตโนมัติแบบไม่ต้องจดบันทึก และสามารถดึงเงินคืนเข้าบัญชีหลักได้ทันที 100% เมื่อถึงกำหนดจ่ายค่าเช่าหรือบิล",0.06,MODERATE,FLEXIBLE,7440.0,5160.0,2500.0,2400.0,15100.0,0.2325,0.1612,0.0781,เช่าอพาร์ตเมนต์ชานเมือง,ผ่อนบัตรเครดิต & สินเชื่อ
ACC_0877,USER_0067,20000.0,557.06,4488.8,0.2244,0.1738,3433.92,0,1,High-Yield Seeker Novice,ผู้แสวงหาผลตอบแทนสูง (มีเงินเก็บ ต้องการดอกเบี้ยสูง),"First Jobber รายได้ 24,000–45,000 บาท มีเงินเก็บก้อนแรก 30,000–100,000 บาท มองหาผลตอบแทนดอกเบี้ยสูง ป้องกันความเสี่ยงจากการหลอกลงทุนด้วย Protected Vault Protocol",0.12,HIGH,MAXIMUM,2970.0,0.0,1400.0,8800.0,4370.0,0.1485,0.0,0.07,เช่าอพาร์ตเมนต์ราคาประหยัด,ไม่มีหนี้ผ่อนชำระ
ACC_0878,USER_0068,32000.0,691.61,3957.8,0.1237,0.2699,4107.71,0,0,Paycheck-to-Paycheck Spender,มนุษย์เงินเดือนชนเดือน (สภาพคล่องจำกัดปลายเดือน),"First Jobber รายได้ 18,000–35,000 บาท ใช้ชีวิตเดือนชนเดือน ต้องการระบบออมเงินอัตโนมัติแบบไม่ต้องจดบันทึก และสามารถดึงเงินคืนเข้าบัญชีหลักได้ทันที 100% เมื่อถึงกำหนดจ่ายค่าเช่าหรือบิล",0.06,MODERATE,FLEXIBLE,9890.0,2600.0,1720.0,2600.0,14210.0,0.3091,0.0812,0.0538,เช่าอพาร์ตเมนต์ชานเมือง,ผ่อนสมาร์ตโฟน & แท็บเล็ต
ACC_0879,USER_0069,28000.0,620.73,2185.4,0.0781,0.2781,8803.36,0,0,Paycheck-to-Paycheck Spender,มนุษย์เงินเดือนชนเดือน (สภาพคล่องจำกัดปลายเดือน),"First Jobber รายได้ 18,000–35,000 บาท ใช้ชีวิตเดือนชนเดือน ต้องการระบบออมเงินอัตโนมัติแบบไม่ต้องจดบันทึก และสามารถดึงเงินคืนเข้าบัญชีหลักได้ทันที 100% เมื่อถึงกำหนดจ่ายค่าเช่าหรือบิล",0.06,MODERATE,FLEXIBLE,6420.0,4520.0,2460.0,3100.0,13400.0,0.2293,0.1614,0.0879,เช่าคอนโดติดรถไฟฟ้า,ผ่อนบัตรเครดิต & สินเชื่อ
ACC_0880,USER_0070,28000.0,561.11,2757.8,0.0985,0.2697,3345.61,0,0,Paycheck-to-Paycheck Spender,มนุษย์เงินเดือนชนเดือน (สภาพคล่องจำกัดปลายเดือน),"First Jobber รายได้ 18,000–35,000 บาท ใช้ชีวิตเดือนชนเดือน ต้องการระบบออมเงินอัตโนมัติแบบไม่ต้องจดบันทึก และสามารถดึงเงินคืนเข้าบัญชีหลักได้ทันที 100% เมื่อถึงกำหนดจ่ายค่าเช่าหรือบิล",0.06,MODERATE,FLEXIBLE,7710.0,4510.0,1800.0,2800.0,14020.0,0.2754,0.1611,0.0643,เช่าคอนโดติดรถไฟฟ้า,ผ่อนค่างวดรถมอเตอร์ไซค์
ACC_0881,USER_0071,32000.0,637.3,5764.0,0.1801,0.1937,8788.62,0,0,Paycheck-to-Paycheck Spender,มนุษย์เงินเดือนชนเดือน (สภาพคล่องจำกัดปลายเดือน),"First Jobber รายได้ 18,000–35,000 บาท ใช้ชีวิตเดือนชนเดือน ต้องการระบบออมเงินอัตโนมัติแบบไม่ต้องจดบันทึก และสามารถดึงเงินคืนเข้าบัญชีหลักได้ทันที 100% เมื่อถึงกำหนดจ่ายค่าเช่าหรือบิล",0.06,MODERATE,FLEXIBLE,7760.0,3810.0,1920.0,1800.0,13490.0,0.2425,0.1191,0.06,ผ่อนห้องชุดคอนโดมิเนียม,ผ่อนหนี้ กยศ.
ACC_0882,USER_0072,32000.0,638.68,3056.4,0.0955,0.2109,12213.37,0,0,Paycheck-to-Paycheck Spender,มนุษย์เงินเดือนชนเดือน (สภาพคล่องจำกัดปลายเดือน),"First Jobber รายได้ 18,000–35,000 บาท ใช้ชีวิตเดือนชนเดือน ต้องการระบบออมเงินอัตโนมัติแบบไม่ต้องจดบันทึก และสามารถดึงเงินคืนเข้าบัญชีหลักได้ทันที 100% เมื่อถึงกำหนดจ่ายค่าเช่าหรือบิล",0.06,MODERATE,FLEXIBLE,10200.0,3980.0,1990.0,3200.0,16170.0,0.3188,0.1244,0.0622,ผ่อนห้องชุดคอนโดมิเนียม,ผ่อนค่างวดรถมอเตอร์ไซค์
ACC_0883,USER_0073,28000.0,645.23,1065.4,0.038,0.2815,3743.86,0,0,Paycheck-to-Paycheck Spender,มนุษย์เงินเดือนชนเดือน (สภาพคล่องจำกัดปลายเดือน),"First Jobber รายได้ 18,000–35,000 บาท ใช้ชีวิตเดือนชนเดือน ต้องการระบบออมเงินอัตโนมัติแบบไม่ต้องจดบันทึก และสามารถดึงเงินคืนเข้าบัญชีหลักได้ทันที 100% เมื่อถึงกำหนดจ่ายค่าเช่าหรือบิล",0.06,MODERATE,FLEXIBLE,7790.0,4510.0,1730.0,2100.0,14030.0,0.2782,0.1611,0.0618,เช่าคอนโดติดรถไฟฟ้า,ผ่อนสมาร์ตโฟน & แท็บเล็ต
ACC_0884,USER_0074,24000.0,613.66,4786.8,0.1995,0.2086,11322.23,0,1,High-Yield Seeker Novice,ผู้แสวงหาผลตอบแทนสูง (มีเงินเก็บ ต้องการดอกเบี้ยสูง),"First Jobber รายได้ 24,000–45,000 บาท มีเงินเก็บก้อนแรก 30,000–100,000 บาท มองหาผลตอบแทนดอกเบี้ยสูง ป้องกันความเสี่ยงจากการหลอกลงทุนด้วย Protected Vault Protocol",0.12,HIGH,MAXIMUM,4650.0,1200.0,1090.0,5200.0,6940.0,0.1938,0.05,0.0454,เช่าอพาร์ตเมนต์ราคาประหยัด,ผ่อนอุปกรณ์ไอที/คอมพิวเตอร์
ACC_0885,USER_0075,20000.0,554.35,4533.0,0.2266,0.2257,2840.65,0,1,High-Yield Seeker Novice,ผู้แสวงหาผลตอบแทนสูง (มีเงินเก็บ ต้องการดอกเบี้ยสูง),"First Jobber รายได้ 24,000–45,000 บาท มีเงินเก็บก้อนแรก 30,000–100,000 บาท มองหาผลตอบแทนดอกเบี้ยสูง ป้องกันความเสี่ยงจากการหลอกลงทุนด้วย Protected Vault Protocol",0.12,HIGH,MAXIMUM,3010.0,0.0,1370.0,8400.0,4380.0,0.1505,0.0,0.0685,เช่าห้องพักสไตล์มินิมอล,ไม่มีหนี้ผ่อนชำระ
ACC_0886,USER_0076,36000.0,582.86,6532.8,0.1815,0.2365,2022.54,0,0,Paycheck-to-Paycheck Spender,มนุษย์เงินเดือนชนเดือน (สภาพคล่องจำกัดปลายเดือน),"First Jobber รายได้ 18,000–35,000 บาท ใช้ชีวิตเดือนชนเดือน ต้องการระบบออมเงินอัตโนมัติแบบไม่ต้องจดบันทึก และสามารถดึงเงินคืนเข้าบัญชีหลักได้ทันที 100% เมื่อถึงกำหนดจ่ายค่าเช่าหรือบิล",0.06,MODERATE,FLEXIBLE,10810.0,4410.0,2590.0,1700.0,17810.0,0.3003,0.1225,0.0719,ผ่อนห้องชุดคอนโดมิเนียม,ผ่อนบัตรเครดิต & สินเชื่อ
ACC_0887,USER_0077,36000.0,637.7,5556.0,0.1543,0.2955,3752.0,0,0,Paycheck-to-Paycheck Spender,มนุษย์เงินเดือนชนเดือน (สภาพคล่องจำกัดปลายเดือน),"First Jobber รายได้ 18,000–35,000 บาท ใช้ชีวิตเดือนชนเดือน ต้องการระบบออมเงินอัตโนมัติแบบไม่ต้องจดบันทึก และสามารถดึงเงินคืนเข้าบัญชีหลักได้ทันที 100% เมื่อถึงกำหนดจ่ายค่าเช่าหรือบิล",0.06,MODERATE,FLEXIBLE,10350.0,5640.0,1700.0,2500.0,17690.0,0.2875,0.1567,0.0472,เช่าคอนโดติดรถไฟฟ้า,ผ่อนสมาร์ตโฟน & แท็บเล็ต
ACC_0888,USER_0078,20000.0,614.68,3276.4,0.1638,0.257,15752.97,0,1,High-Yield Seeker Novice,ผู้แสวงหาผลตอบแทนสูง (มีเงินเก็บ ต้องการดอกเบี้ยสูง),"First Jobber รายได้ 24,000–45,000 บาท มีเงินเก็บก้อนแรก 30,000–100,000 บาท มองหาผลตอบแทนดอกเบี้ยสูง ป้องกันความเสี่ยงจากการหลอกลงทุนด้วย Protected Vault Protocol",0.12,HIGH,MAXIMUM,3170.0,0.0,1260.0,7400.0,4430.0,0.1585,0.0,0.063,เช่าอพาร์ตเมนต์ราคาประหยัด,ไม่มีหนี้ผ่อนชำระ
ACC_0889,USER_0079,36000.0,553.41,8301.8,0.2306,0.2785,8856.95,0,0,Paycheck-to-Paycheck Spender,มนุษย์เงินเดือนชนเดือน (สภาพคล่องจำกัดปลายเดือน),"First Jobber รายได้ 18,000–35,000 บาท ใช้ชีวิตเดือนชนเดือน ต้องการระบบออมเงินอัตโนมัติแบบไม่ต้องจดบันทึก และสามารถดึงเงินคืนเข้าบัญชีหลักได้ทันที 100% เมื่อถึงกำหนดจ่ายค่าเช่าหรือบิล",0.06,MODERATE,FLEXIBLE,9640.0,4990.0,2000.0,1700.0,16630.0,0.2678,0.1386,0.0556,ผ่อนห้องชุดคอนโดมิเนียม,ผ่อนค่างวดรถมอเตอร์ไซค์
ACC_0890,USER_0080,36000.0,607.42,8551.6,0.2375,0.2005,12617.57,0,0,Paycheck-to-Paycheck Spender,มนุษย์เงินเดือนชนเดือน (สภาพคล่องจำกัดปลายเดือน),"First Jobber รายได้ 18,000–35,000 บาท ใช้ชีวิตเดือนชนเดือน ต้องการระบบออมเงินอัตโนมัติแบบไม่ต้องจดบันทึก และสามารถดึงเงินคืนเข้าบัญชีหลักได้ทันที 100% เมื่อถึงกำหนดจ่ายค่าเช่าหรือบิล",0.06,MODERATE,FLEXIBLE,8300.0,4990.0,2010.0,2000.0,15300.0,0.2306,0.1386,0.0558,เช่าอพาร์ตเมนต์ชานเมือง,ผ่อนสมาร์ตโฟน & แท็บเล็ต
ACC_0891,USER_0081,20000.0,634.91,1971.8,0.0986,0.2753,9353.77,0,1,High-Yield Seeker Novice,ผู้แสวงหาผลตอบแทนสูง (มีเงินเก็บ ต้องการดอกเบี้ยสูง),"First Jobber รายได้ 24,000–45,000 บาท มีเงินเก็บก้อนแรก 30,000–100,000 บาท มองหาผลตอบแทนดอกเบี้ยสูง ป้องกันความเสี่ยงจากการหลอกลงทุนด้วย Protected Vault Protocol",0.12,HIGH,MAXIMUM,4110.0,0.0,1220.0,8300.0,5330.0,0.2055,0.0,0.061,พักกับครอบครัว/ที่บ้าน,ไม่มีหนี้ผ่อนชำระ
ACC_0892,USER_0082,28000.0,613.24,2325.2,0.083,0.2405,14803.44,0,0,Paycheck-to-Paycheck Spender,มนุษย์เงินเดือนชนเดือน (สภาพคล่องจำกัดปลายเดือน),"First Jobber รายได้ 18,000–35,000 บาท ใช้ชีวิตเดือนชนเดือน ต้องการระบบออมเงินอัตโนมัติแบบไม่ต้องจดบันทึก และสามารถดึงเงินคืนเข้าบัญชีหลักได้ทันที 100% เมื่อถึงกำหนดจ่ายค่าเช่าหรือบิล",0.06,MODERATE,FLEXIBLE,7840.0,4070.0,1500.0,3500.0,13410.0,0.28,0.1454,0.0536,ผ่อนห้องชุดคอนโดมิเนียม,ผ่อนค่างวดรถมอเตอร์ไซค์
ACC_0893,USER_0083,36000.0,626.15,6607.0,0.1835,0.1898,15570.6,0,0,Paycheck-to-Paycheck Spender,มนุษย์เงินเดือนชนเดือน (สภาพคล่องจำกัดปลายเดือน),"First Jobber รายได้ 18,000–35,000 บาท ใช้ชีวิตเดือนชนเดือน ต้องการระบบออมเงินอัตโนมัติแบบไม่ต้องจดบันทึก และสามารถดึงเงินคืนเข้าบัญชีหลักได้ทันที 100% เมื่อถึงกำหนดจ่ายค่าเช่าหรือบิล",0.06,MODERATE,FLEXIBLE,10550.0,4190.0,2130.0,2400.0,16870.0,0.2931,0.1164,0.0592,เช่าคอนโดติดรถไฟฟ้า,ผ่อนค่างวดรถมอเตอร์ไซค์
ACC_0894,USER_0084,32000.0,614.24,4315.2,0.1348,0.1863,17112.79,0,0,Paycheck-to-Paycheck Spender,มนุษย์เงินเดือนชนเดือน (สภาพคล่องจำกัดปลายเดือน),"First Jobber รายได้ 18,000–35,000 บาท ใช้ชีวิตเดือนชนเดือน ต้องการระบบออมเงินอัตโนมัติแบบไม่ต้องจดบันทึก และสามารถดึงเงินคืนเข้าบัญชีหลักได้ทันที 100% เมื่อถึงกำหนดจ่ายค่าเช่าหรือบิล",0.06,MODERATE,FLEXIBLE,9290.0,4340.0,1770.0,3300.0,15400.0,0.2903,0.1356,0.0553,เช่าอพาร์ตเมนต์ชานเมือง,ผ่อนบัตรเครดิต & สินเชื่อ
ACC_0895,USER_0085,24000.0,595.74,6695.2,0.279,0.2645,11396.57,0,1,High-Yield Seeker Novice,ผู้แสวงหาผลตอบแทนสูง (มีเงินเก็บ ต้องการดอกเบี้ยสูง),"First Jobber รายได้ 24,000–45,000 บาท มีเงินเก็บก้อนแรก 30,000–100,000 บาท มองหาผลตอบแทนดอกเบี้ยสูง ป้องกันความเสี่ยงจากการหลอกลงทุนด้วย Protected Vault Protocol",0.12,HIGH,MAXIMUM,3970.0,0.0,1420.0,8400.0,5390.0,0.1654,0.0,0.0592,เช่าห้องพักสไตล์มินิมอล,ไม่มีหนี้ผ่อนชำระ
ACC_0896,USER_0086,24000.0,540.99,5210.2,0.2171,0.2156,9255.04,0,1,High-Yield Seeker Novice,ผู้แสวงหาผลตอบแทนสูง (มีเงินเก็บ ต้องการดอกเบี้ยสูง),"First Jobber รายได้ 24,000–45,000 บาท มีเงินเก็บก้อนแรก 30,000–100,000 บาท มองหาผลตอบแทนดอกเบี้ยสูง ป้องกันความเสี่ยงจากการหลอกลงทุนด้วย Protected Vault Protocol",0.12,HIGH,MAXIMUM,5220.0,1200.0,1550.0,8200.0,7970.0,0.2175,0.05,0.0646,พักกับครอบครัว/ที่บ้าน,ผ่อนสมาร์ตโฟน 0%
ACC_0897,USER_0087,36000.0,584.67,7866.6,0.2185,0.2073,5374.04,0,0,Paycheck-to-Paycheck Spender,มนุษย์เงินเดือนชนเดือน (สภาพคล่องจำกัดปลายเดือน),"First Jobber รายได้ 18,000–35,000 บาท ใช้ชีวิตเดือนชนเดือน ต้องการระบบออมเงินอัตโนมัติแบบไม่ต้องจดบันทึก และสามารถดึงเงินคืนเข้าบัญชีหลักได้ทันที 100% เมื่อถึงกำหนดจ่ายค่าเช่าหรือบิล",0.06,MODERATE,FLEXIBLE,9250.0,4860.0,2330.0,2100.0,16440.0,0.2569,0.135,0.0647,ผ่อนห้องชุดคอนโดมิเนียม,ผ่อนหนี้ กยศ.
ACC_0898,USER_0088,24000.0,554.85,6483.0,0.2701,0.193,13858.93,0,1,High-Yield Seeker Novice,ผู้แสวงหาผลตอบแทนสูง (มีเงินเก็บ ต้องการดอกเบี้ยสูง),"First Jobber รายได้ 24,000–45,000 บาท มีเงินเก็บก้อนแรก 30,000–100,000 บาท มองหาผลตอบแทนดอกเบี้ยสูง ป้องกันความเสี่ยงจากการหลอกลงทุนด้วย Protected Vault Protocol",0.12,HIGH,MAXIMUM,4020.0,1200.0,1200.0,4900.0,6420.0,0.1675,0.05,0.05,พักกับครอบครัว/ที่บ้าน,ผ่อนอุปกรณ์ไอที/คอมพิวเตอร์
ACC_0899,USER_0089,36000.0,641.46,8910.8,0.2475,0.2874,8752.11,0,0,Paycheck-to-Paycheck Spender,มนุษย์เงินเดือนชนเดือน (สภาพคล่องจำกัดปลายเดือน),"First Jobber รายได้ 18,000–35,000 บาท ใช้ชีวิตเดือนชนเดือน ต้องการระบบออมเงินอัตโนมัติแบบไม่ต้องจดบันทึก และสามารถดึงเงินคืนเข้าบัญชีหลักได้ทันที 100% เมื่อถึงกำหนดจ่ายค่าเช่าหรือบิล",0.06,MODERATE,FLEXIBLE,8140.0,4680.0,1440.0,1700.0,14260.0,0.2261,0.13,0.04,เช่าคอนโดติดรถไฟฟ้า,ผ่อนบัตรเครดิต & สินเชื่อ
ACC_0900,USER_0090,20000.0,682.37,850.0,0.0425,0.2155,8931.22,0,1,High-Yield Seeker Novice,ผู้แสวงหาผลตอบแทนสูง (มีเงินเก็บ ต้องการดอกเบี้ยสูง),"First Jobber รายได้ 24,000–45,000 บาท มีเงินเก็บก้อนแรก 30,000–100,000 บาท มองหาผลตอบแทนดอกเบี้ยสูง ป้องกันความเสี่ยงจากการหลอกลงทุนด้วย Protected Vault Protocol",0.12,HIGH,MAXIMUM,2980.0,1800.0,1160.0,6600.0,5940.0,0.149,0.09,0.058,เช่าอพาร์ตเมนต์ราคาประหยัด,ผ่อนสมาร์ตโฟน 0%
ACC_0901,USER_0091,32000.0,564.01,6259.8,0.1956,0.2859,14232.27,0,0,Paycheck-to-Paycheck Spender,มนุษย์เงินเดือนชนเดือน (สภาพคล่องจำกัดปลายเดือน),"First Jobber รายได้ 18,000–35,000 บาท ใช้ชีวิตเดือนชนเดือน ต้องการระบบออมเงินอัตโนมัติแบบไม่ต้องจดบันทึก และสามารถดึงเงินคืนเข้าบัญชีหลักได้ทันที 100% เมื่อถึงกำหนดจ่ายค่าเช่าหรือบิล",0.06,MODERATE,FLEXIBLE,8450.0,4630.0,1380.0,3100.0,14460.0,0.2641,0.1447,0.0431,เช่าอพาร์ตเมนต์ชานเมือง,ผ่อนหนี้ กยศ.
ACC_0902,USER_0092,32000.0,577.47,4220.6,0.1319,0.2468,2276.88,0,0,Paycheck-to-Paycheck Spender,มนุษย์เงินเดือนชนเดือน (สภาพคล่องจำกัดปลายเดือน),"First Jobber รายได้ 18,000–35,000 บาท ใช้ชีวิตเดือนชนเดือน ต้องการระบบออมเงินอัตโนมัติแบบไม่ต้องจดบันทึก และสามารถดึงเงินคืนเข้าบัญชีหลักได้ทันที 100% เมื่อถึงกำหนดจ่ายค่าเช่าหรือบิล",0.06,MODERATE,FLEXIBLE,9120.0,5610.0,1500.0,2500.0,16230.0,0.285,0.1753,0.0469,ผ่อนห้องชุดคอนโดมิเนียม,ผ่อนค่างวดรถมอเตอร์ไซค์
ACC_0903,USER_0093,20000.0,647.18,2226.4,0.1113,0.2868,12687.34,0,1,High-Yield Seeker Novice,ผู้แสวงหาผลตอบแทนสูง (มีเงินเก็บ ต้องการดอกเบี้ยสูง),"First Jobber รายได้ 24,000–45,000 บาท มีเงินเก็บก้อนแรก 30,000–100,000 บาท มองหาผลตอบแทนดอกเบี้ยสูง ป้องกันความเสี่ยงจากการหลอกลงทุนด้วย Protected Vault Protocol",0.12,HIGH,MAXIMUM,3730.0,0.0,1100.0,5200.0,4830.0,0.1865,0.0,0.055,เช่าห้องพักสไตล์มินิมอล,ไม่มีหนี้ผ่อนชำระ
ACC_0904,USER_0094,20000.0,629.01,2229.8,0.1115,0.2197,5222.71,0,1,High-Yield Seeker Novice,ผู้แสวงหาผลตอบแทนสูง (มีเงินเก็บ ต้องการดอกเบี้ยสูง),"First Jobber รายได้ 24,000–45,000 บาท มีเงินเก็บก้อนแรก 30,000–100,000 บาท มองหาผลตอบแทนดอกเบี้ยสูง ป้องกันความเสี่ยงจากการหลอกลงทุนด้วย Protected Vault Protocol",0.12,HIGH,MAXIMUM,3880.0,0.0,1310.0,8300.0,5190.0,0.194,0.0,0.0655,เช่าห้องพักสไตล์มินิมอล,ไม่มีหนี้ผ่อนชำระ
ACC_0905,USER_0095,20000.0,598.3,4244.0,0.2122,0.2141,3495.95,0,1,High-Yield Seeker Novice,ผู้แสวงหาผลตอบแทนสูง (มีเงินเก็บ ต้องการดอกเบี้ยสูง),"First Jobber รายได้ 24,000–45,000 บาท มีเงินเก็บก้อนแรก 30,000–100,000 บาท มองหาผลตอบแทนดอกเบี้ยสูง ป้องกันความเสี่ยงจากการหลอกลงทุนด้วย Protected Vault Protocol",0.12,HIGH,MAXIMUM,2870.0,0.0,920.0,5100.0,3790.0,0.1435,0.0,0.046,เช่าอพาร์ตเมนต์ราคาประหยัด,ไม่มีหนี้ผ่อนชำระ
ACC_0906,USER_0096,24000.0,599.79,6714.2,0.2798,0.1925,11718.24,0,1,High-Yield Seeker Novice,ผู้แสวงหาผลตอบแทนสูง (มีเงินเก็บ ต้องการดอกเบี้ยสูง),"First Jobber รายได้ 24,000–45,000 บาท มีเงินเก็บก้อนแรก 30,000–100,000 บาท มองหาผลตอบแทนดอกเบี้ยสูง ป้องกันความเสี่ยงจากการหลอกลงทุนด้วย Protected Vault Protocol",0.12,HIGH,MAXIMUM,3930.0,0.0,1360.0,7800.0,5290.0,0.1638,0.0,0.0567,เช่าห้องพักสไตล์มินิมอล,ไม่มีหนี้ผ่อนชำระ
ACC_0907,USER_0097,28000.0,584.78,4474.4,0.1598,0.2013,3862.4,0,0,Paycheck-to-Paycheck Spender,มนุษย์เงินเดือนชนเดือน (สภาพคล่องจำกัดปลายเดือน),"First Jobber รายได้ 18,000–35,000 บาท ใช้ชีวิตเดือนชนเดือน ต้องการระบบออมเงินอัตโนมัติแบบไม่ต้องจดบันทึก และสามารถดึงเงินคืนเข้าบัญชีหลักได้ทันที 100% เมื่อถึงกำหนดจ่ายค่าเช่าหรือบิล",0.06,MODERATE,FLEXIBLE,7270.0,3070.0,1490.0,1800.0,11830.0,0.2596,0.1096,0.0532,ผ่อนห้องชุดคอนโดมิเนียม,ผ่อนหนี้ กยศ.
ACC_0908,USER_0098,36000.0,605.27,8144.6,0.2262,0.2741,6513.62,0,0,Paycheck-to-Paycheck Spender,มนุษย์เงินเดือนชนเดือน (สภาพคล่องจำกัดปลายเดือน),"First Jobber รายได้ 18,000–35,000 บาท ใช้ชีวิตเดือนชนเดือน ต้องการระบบออมเงินอัตโนมัติแบบไม่ต้องจดบันทึก และสามารถดึงเงินคืนเข้าบัญชีหลักได้ทันที 100% เมื่อถึงกำหนดจ่ายค่าเช่าหรือบิล",0.06,MODERATE,FLEXIBLE,10060.0,3170.0,2520.0,3000.0,15750.0,0.2794,0.0881,0.07,ผ่อนห้องชุดคอนโดมิเนียม,ผ่อนบัตรเครดิต & สินเชื่อ
ACC_0909,USER_0099,20000.0,607.81,2503.8,0.1252,0.2185,9348.11,0,1,High-Yield Seeker Novice,ผู้แสวงหาผลตอบแทนสูง (มีเงินเก็บ ต้องการดอกเบี้ยสูง),"First Jobber รายได้ 24,000–45,000 บาท มีเงินเก็บก้อนแรก 30,000–100,000 บาท มองหาผลตอบแทนดอกเบี้ยสูง ป้องกันความเสี่ยงจากการหลอกลงทุนด้วย Protected Vault Protocol",0.12,HIGH,MAXIMUM,4130.0,0.0,1210.0,8000.0,5340.0,0.2065,0.0,0.0605,พักกับครอบครัว/ที่บ้าน,ไม่มีหนี้ผ่อนชำระ
ACC_0910,USER_0100,24000.0,624.73,6455.4,0.269,0.2188,4065.84,0,1,High-Yield Seeker Novice,ผู้แสวงหาผลตอบแทนสูง (มีเงินเก็บ ต้องการดอกเบี้ยสูง),"First Jobber รายได้ 24,000–45,000 บาท มีเงินเก็บก้อนแรก 30,000–100,000 บาท มองหาผลตอบแทนดอกเบี้ยสูง ป้องกันความเสี่ยงจากการหลอกลงทุนด้วย Protected Vault Protocol",0.12,HIGH,MAXIMUM,4050.0,0.0,1000.0,8200.0,5050.0,0.1688,0.0,0.0417,เช่าอพาร์ตเมนต์ราคาประหยัด,ไม่มีหนี้ผ่อนชำระ
ACC_0911,USER_0101,36000.0,595.56,5108.8,0.1419,0.2358,3432.55,0,0,Paycheck-to-Paycheck Spender,มนุษย์เงินเดือนชนเดือน (สภาพคล่องจำกัดปลายเดือน),"First Jobber รายได้ 18,000–35,000 บาท ใช้ชีวิตเดือนชนเดือน ต้องการระบบออมเงินอัตโนมัติแบบไม่ต้องจดบันทึก และสามารถดึงเงินคืนเข้าบัญชีหลักได้ทันที 100% เมื่อถึงกำหนดจ่ายค่าเช่าหรือบิล",0.06,MODERATE,FLEXIBLE,11070.0,6380.0,1530.0,2900.0,18980.0,0.3075,0.1772,0.0425,เช่าอพาร์ตเมนต์ชานเมือง,ผ่อนหนี้ กยศ.
ACC_0912,USER_0102,20000.0,594.44,2931.2,0.1466,0.2124,13222.19,0,1,High-Yield Seeker Novice,ผู้แสวงหาผลตอบแทนสูง (มีเงินเก็บ ต้องการดอกเบี้ยสูง),"First Jobber รายได้ 24,000–45,000 บาท มีเงินเก็บก้อนแรก 30,000–100,000 บาท มองหาผลตอบแทนดอกเบี้ยสูง ป้องกันความเสี่ยงจากการหลอกลงทุนด้วย Protected Vault Protocol",0.12,HIGH,MAXIMUM,3630.0,0.0,1550.0,8200.0,5180.0,0.1815,0.0,0.0775,เช่าห้องพักสไตล์มินิมอล,ไม่มีหนี้ผ่อนชำระ
ACC_0913,USER_0103,32000.0,667.23,3965.4,0.1239,0.2975,15590.47,0,0,Paycheck-to-Paycheck Spender,มนุษย์เงินเดือนชนเดือน (สภาพคล่องจำกัดปลายเดือน),"First Jobber รายได้ 18,000–35,000 บาท ใช้ชีวิตเดือนชนเดือน ต้องการระบบออมเงินอัตโนมัติแบบไม่ต้องจดบันทึก และสามารถดึงเงินคืนเข้าบัญชีหลักได้ทันที 100% เมื่อถึงกำหนดจ่ายค่าเช่าหรือบิล",0.06,MODERATE,FLEXIBLE,7520.0,5070.0,2100.0,2200.0,14690.0,0.235,0.1584,0.0656,เช่าอพาร์ตเมนต์ชานเมือง,ผ่อนบัตรเครดิต & สินเชื่อ
ACC_0914,USER_0104,24000.0,585.08,7638.4,0.3183,0.1956,6989.73,0,1,High-Yield Seeker Novice,ผู้แสวงหาผลตอบแทนสูง (มีเงินเก็บ ต้องการดอกเบี้ยสูง),"First Jobber รายได้ 24,000–45,000 บาท มีเงินเก็บก้อนแรก 30,000–100,000 บาท มองหาผลตอบแทนดอกเบี้ยสูง ป้องกันความเสี่ยงจากการหลอกลงทุนด้วย Protected Vault Protocol",0.12,HIGH,MAXIMUM,3380.0,0.0,1280.0,6400.0,4660.0,0.1408,0.0,0.0533,พักกับครอบครัว/ที่บ้าน,ไม่มีหนี้ผ่อนชำระ
ACC_0915,USER_0105,28000.0,641.08,2538.4,0.0907,0.2287,16531.21,0,0,Paycheck-to-Paycheck Spender,มนุษย์เงินเดือนชนเดือน (สภาพคล่องจำกัดปลายเดือน),"First Jobber รายได้ 18,000–35,000 บาท ใช้ชีวิตเดือนชนเดือน ต้องการระบบออมเงินอัตโนมัติแบบไม่ต้องจดบันทึก และสามารถดึงเงินคืนเข้าบัญชีหลักได้ทันที 100% เมื่อถึงกำหนดจ่ายค่าเช่าหรือบิล",0.06,MODERATE,FLEXIBLE,7960.0,3310.0,1370.0,2700.0,12640.0,0.2843,0.1182,0.0489,ผ่อนห้องชุดคอนโดมิเนียม,ผ่อนสมาร์ตโฟน & แท็บเล็ต
ACC_0916,USER_0106,20000.0,541.29,4584.2,0.2292,0.2314,14574.35,0,1,High-Yield Seeker Novice,ผู้แสวงหาผลตอบแทนสูง (มีเงินเก็บ ต้องการดอกเบี้ยสูง),"First Jobber รายได้ 24,000–45,000 บาท มีเงินเก็บก้อนแรก 30,000–100,000 บาท มองหาผลตอบแทนดอกเบี้ยสูง ป้องกันความเสี่ยงจากการหลอกลงทุนด้วย Protected Vault Protocol",0.12,HIGH,MAXIMUM,3410.0,0.0,1180.0,4800.0,4590.0,0.1705,0.0,0.059,พักกับครอบครัว/ที่บ้าน,ไม่มีหนี้ผ่อนชำระ
ACC_0917,USER_0107,24000.0,633.8,6064.0,0.2527,0.19,5089.01,0,1,High-Yield Seeker Novice,ผู้แสวงหาผลตอบแทนสูง (มีเงินเก็บ ต้องการดอกเบี้ยสูง),"First Jobber รายได้ 24,000–45,000 บาท มีเงินเก็บก้อนแรก 30,000–100,000 บาท มองหาผลตอบแทนดอกเบี้ยสูง ป้องกันความเสี่ยงจากการหลอกลงทุนด้วย Protected Vault Protocol",0.12,HIGH,MAXIMUM,4210.0,0.0,1050.0,7300.0,5260.0,0.1754,0.0,0.0438,พักกับครอบครัว/ที่บ้าน,ไม่มีหนี้ผ่อนชำระ
ACC_0918,USER_0108,24000.0,601.94,4821.2,0.2009,0.2526,14009.67,0,1,High-Yield Seeker Novice,ผู้แสวงหาผลตอบแทนสูง (มีเงินเก็บ ต้องการดอกเบี้ยสูง),"First Jobber รายได้ 24,000–45,000 บาท มีเงินเก็บก้อนแรก 30,000–100,000 บาท มองหาผลตอบแทนดอกเบี้ยสูง ป้องกันความเสี่ยงจากการหลอกลงทุนด้วย Protected Vault Protocol",0.12,HIGH,MAXIMUM,3780.0,2160.0,1200.0,6900.0,7140.0,0.1575,0.09,0.05,เช่าห้องพักสไตล์มินิมอล,ผ่อนสมาร์ตโฟน 0%
ACC_0919,USER_0109,24000.0,632.0,4390.0,0.1829,0.2678,7479.45,0,1,High-Yield Seeker Novice,ผู้แสวงหาผลตอบแทนสูง (มีเงินเก็บ ต้องการดอกเบี้ยสูง),"First Jobber รายได้ 24,000–45,000 บาท มีเงินเก็บก้อนแรก 30,000–100,000 บาท มองหาผลตอบแทนดอกเบี้ยสูง ป้องกันความเสี่ยงจากการหลอกลงทุนด้วย Protected Vault Protocol",0.12,HIGH,MAXIMUM,3840.0,2160.0,970.0,6800.0,6970.0,0.16,0.09,0.0404,เช่าอพาร์ตเมนต์ราคาประหยัด,ผ่อนสมาร์ตโฟน 0%
ACC_0920,USER_0110,24000.0,571.45,1801.0,0.075,0.1423,12907.19,0,0,Paycheck-to-Paycheck Spender,มนุษย์เงินเดือนชนเดือน (สภาพคล่องจำกัดปลายเดือน),"First Jobber รายได้ 18,000–35,000 บาท ใช้ชีวิตเดือนชนเดือน ต้องการระบบออมเงินอัตโนมัติแบบไม่ต้องจดบันทึก และสามารถดึงเงินคืนเข้าบัญชีหลักได้ทันที 100% เมื่อถึงกำหนดจ่ายค่าเช่าหรือบิล",0.06,MODERATE,FLEXIBLE,6430.0,1970.0,2370.0,3100.0,10770.0,0.2679,0.0821,0.0988,เช่าคอนโดติดรถไฟฟ้า,ผ่อนสมาร์ตโฟน & แท็บเล็ต
ACC_0921,USER_0111,36000.0,594.49,7270.2,0.202,0.2843,17449.89,0,0,Paycheck-to-Paycheck Spender,มนุษย์เงินเดือนชนเดือน (สภาพคล่องจำกัดปลายเดือน),"First Jobber รายได้ 18,000–35,000 บาท ใช้ชีวิตเดือนชนเดือน ต้องการระบบออมเงินอัตโนมัติแบบไม่ต้องจดบันทึก และสามารถดึงเงินคืนเข้าบัญชีหลักได้ทันที 100% เมื่อถึงกำหนดจ่ายค่าเช่าหรือบิล",0.06,MODERATE,FLEXIBLE,8940.0,5890.0,2010.0,2200.0,16840.0,0.2483,0.1636,0.0558,ผ่อนห้องชุดคอนโดมิเนียม,ผ่อนบัตรเครดิต & สินเชื่อ
ACC_0922,USER_0112,20000.0,584.21,4085.8,0.2043,0.2607,7752.35,0,1,High-Yield Seeker Novice,ผู้แสวงหาผลตอบแทนสูง (มีเงินเก็บ ต้องการดอกเบี้ยสูง),"First Jobber รายได้ 24,000–45,000 บาท มีเงินเก็บก้อนแรก 30,000–100,000 บาท มองหาผลตอบแทนดอกเบี้ยสูง ป้องกันความเสี่ยงจากการหลอกลงทุนด้วย Protected Vault Protocol",0.12,HIGH,MAXIMUM,2820.0,0.0,1410.0,5800.0,4230.0,0.141,0.0,0.0705,เช่าอพาร์ตเมนต์ราคาประหยัด,ไม่มีหนี้ผ่อนชำระ
ACC_0923,USER_0113,36000.0,569.47,10230.6,0.2842,0.1481,12343.61,0,0,Paycheck-to-Paycheck Spender,มนุษย์เงินเดือนชนเดือน (สภาพคล่องจำกัดปลายเดือน),"First Jobber รายได้ 18,000–35,000 บาท ใช้ชีวิตเดือนชนเดือน ต้องการระบบออมเงินอัตโนมัติแบบไม่ต้องจดบันทึก และสามารถดึงเงินคืนเข้าบัญชีหลักได้ทันที 100% เมื่อถึงกำหนดจ่ายค่าเช่าหรือบิล",0.06,MODERATE,FLEXIBLE,8100.0,4310.0,1970.0,2500.0,14380.0,0.225,0.1197,0.0547,ผ่อนห้องชุดคอนโดมิเนียม,ผ่อนสมาร์ตโฟน & แท็บเล็ต
ACC_0924,USER_0114,28000.0,683.55,2719.0,0.0971,0.2601,8868.17,0,0,Paycheck-to-Paycheck Spender,มนุษย์เงินเดือนชนเดือน (สภาพคล่องจำกัดปลายเดือน),"First Jobber รายได้ 18,000–35,000 บาท ใช้ชีวิตเดือนชนเดือน ต้องการระบบออมเงินอัตโนมัติแบบไม่ต้องจดบันทึก และสามารถดึงเงินคืนเข้าบัญชีหลักได้ทันที 100% เมื่อถึงกำหนดจ่ายค่าเช่าหรือบิล",0.06,MODERATE,FLEXIBLE,6570.0,3660.0,1380.0,1600.0,11610.0,0.2346,0.1307,0.0493,ผ่อนห้องชุดคอนโดมิเนียม,ผ่อนค่างวดรถมอเตอร์ไซค์
ACC_0925,USER_0115,36000.0,584.84,6273.2,0.1743,0.256,13895.46,0,0,Paycheck-to-Paycheck Spender,มนุษย์เงินเดือนชนเดือน (สภาพคล่องจำกัดปลายเดือน),"First Jobber รายได้ 18,000–35,000 บาท ใช้ชีวิตเดือนชนเดือน ต้องการระบบออมเงินอัตโนมัติแบบไม่ต้องจดบันทึก และสามารถดึงเงินคืนเข้าบัญชีหลักได้ทันที 100% เมื่อถึงกำหนดจ่ายค่าเช่าหรือบิล",0.06,MODERATE,FLEXIBLE,9960.0,6040.0,2030.0,3400.0,18030.0,0.2767,0.1678,0.0564,เช่าคอนโดติดรถไฟฟ้า,ผ่อนหนี้ กยศ.
ACC_0926,USER_0116,28000.0,648.89,4692.2,0.1676,0.1849,10060.97,0,0,Paycheck-to-Paycheck Spender,มนุษย์เงินเดือนชนเดือน (สภาพคล่องจำกัดปลายเดือน),"First Jobber รายได้ 18,000–35,000 บาท ใช้ชีวิตเดือนชนเดือน ต้องการระบบออมเงินอัตโนมัติแบบไม่ต้องจดบันทึก และสามารถดึงเงินคืนเข้าบัญชีหลักได้ทันที 100% เมื่อถึงกำหนดจ่ายค่าเช่าหรือบิล",0.06,MODERATE,FLEXIBLE,6430.0,2360.0,1540.0,2600.0,10330.0,0.2296,0.0843,0.055,เช่าคอนโดติดรถไฟฟ้า,ผ่อนค่างวดรถมอเตอร์ไซค์
ACC_0927,USER_0117,32000.0,645.56,3918.8,0.1225,0.2135,12185.84,0,0,Paycheck-to-Paycheck Spender,มนุษย์เงินเดือนชนเดือน (สภาพคล่องจำกัดปลายเดือน),"First Jobber รายได้ 18,000–35,000 บาท ใช้ชีวิตเดือนชนเดือน ต้องการระบบออมเงินอัตโนมัติแบบไม่ต้องจดบันทึก และสามารถดึงเงินคืนเข้าบัญชีหลักได้ทันที 100% เมื่อถึงกำหนดจ่ายค่าเช่าหรือบิล",0.06,MODERATE,FLEXIBLE,7190.0,5590.0,2390.0,2100.0,15170.0,0.2247,0.1747,0.0747,เช่าคอนโดติดรถไฟฟ้า,ผ่อนสมาร์ตโฟน & แท็บเล็ต
ACC_0928,USER_0118,20000.0,568.59,4618.2,0.2309,0.1878,11386.48,0,1,High-Yield Seeker Novice,ผู้แสวงหาผลตอบแทนสูง (มีเงินเก็บ ต้องการดอกเบี้ยสูง),"First Jobber รายได้ 24,000–45,000 บาท มีเงินเก็บก้อนแรก 30,000–100,000 บาท มองหาผลตอบแทนดอกเบี้ยสูง ป้องกันความเสี่ยงจากการหลอกลงทุนด้วย Protected Vault Protocol",0.12,HIGH,MAXIMUM,3070.0,0.0,940.0,7400.0,4010.0,0.1535,0.0,0.047,เช่าห้องพักสไตล์มินิมอล,ไม่มีหนี้ผ่อนชำระ
ACC_0929,USER_0119,36000.0,656.37,9062.6,0.2517,0.2589,10861.62,0,0,Paycheck-to-Paycheck Spender,มนุษย์เงินเดือนชนเดือน (สภาพคล่องจำกัดปลายเดือน),"First Jobber รายได้ 18,000–35,000 บาท ใช้ชีวิตเดือนชนเดือน ต้องการระบบออมเงินอัตโนมัติแบบไม่ต้องจดบันทึก และสามารถดึงเงินคืนเข้าบัญชีหลักได้ทันที 100% เมื่อถึงกำหนดจ่ายค่าเช่าหรือบิล",0.06,MODERATE,FLEXIBLE,8520.0,3090.0,2200.0,3000.0,13810.0,0.2367,0.0858,0.0611,เช่าคอนโดติดรถไฟฟ้า,ผ่อนสมาร์ตโฟน & แท็บเล็ต
ACC_0930,USER_0120,24000.0,607.87,5642.6,0.2351,0.2958,13028.54,0,1,High-Yield Seeker Novice,ผู้แสวงหาผลตอบแทนสูง (มีเงินเก็บ ต้องการดอกเบี้ยสูง),"First Jobber รายได้ 24,000–45,000 บาท มีเงินเก็บก้อนแรก 30,000–100,000 บาท มองหาผลตอบแทนดอกเบี้ยสูง ป้องกันความเสี่ยงจากการหลอกลงทุนด้วย Protected Vault Protocol",0.12,HIGH,MAXIMUM,5140.0,0.0,1060.0,8200.0,6200.0,0.2142,0.0,0.0442,เช่าอพาร์ตเมนต์ราคาประหยัด,ไม่มีหนี้ผ่อนชำระ
ACC_0931,USER_0121,28000.0,604.03,2009.4,0.0718,0.2518,15804.68,0,0,Paycheck-to-Paycheck Spender,มนุษย์เงินเดือนชนเดือน (สภาพคล่องจำกัดปลายเดือน),"First Jobber รายได้ 18,000–35,000 บาท ใช้ชีวิตเดือนชนเดือน ต้องการระบบออมเงินอัตโนมัติแบบไม่ต้องจดบันทึก และสามารถดึงเงินคืนเข้าบัญชีหลักได้ทันที 100% เมื่อถึงกำหนดจ่ายค่าเช่าหรือบิล",0.06,MODERATE,FLEXIBLE,8040.0,4040.0,1830.0,2500.0,13910.0,0.2871,0.1443,0.0654,เช่าคอนโดติดรถไฟฟ้า,ผ่อนค่างวดรถมอเตอร์ไซค์
ACC_0932,USER_0122,20000.0,600.8,3334.0,0.1667,0.21,9684.06,0,1,High-Yield Seeker Novice,ผู้แสวงหาผลตอบแทนสูง (มีเงินเก็บ ต้องการดอกเบี้ยสูง),"First Jobber รายได้ 24,000–45,000 บาท มีเงินเก็บก้อนแรก 30,000–100,000 บาท มองหาผลตอบแทนดอกเบี้ยสูง ป้องกันความเสี่ยงจากการหลอกลงทุนด้วย Protected Vault Protocol",0.12,HIGH,MAXIMUM,3080.0,0.0,1570.0,7800.0,4650.0,0.154,0.0,0.0785,เช่าอพาร์ตเมนต์ราคาประหยัด,ไม่มีหนี้ผ่อนชำระ
ACC_0933,USER_0123,20000.0,590.5,3840.0,0.192,0.3029,15989.78,0,1,High-Yield Seeker Novice,ผู้แสวงหาผลตอบแทนสูง (มีเงินเก็บ ต้องการดอกเบี้ยสูง),"First Jobber รายได้ 24,000–45,000 บาท มีเงินเก็บก้อนแรก 30,000–100,000 บาท มองหาผลตอบแทนดอกเบี้ยสูง ป้องกันความเสี่ยงจากการหลอกลงทุนด้วย Protected Vault Protocol",0.12,HIGH,MAXIMUM,3430.0,0.0,920.0,5500.0,4350.0,0.1715,0.0,0.046,เช่าอพาร์ตเมนต์ราคาประหยัด,ไม่มีหนี้ผ่อนชำระ
ACC_0934,USER_0124,24000.0,612.0,7070.0,0.2946,0.2457,5659.64,0,1,High-Yield Seeker Novice,ผู้แสวงหาผลตอบแทนสูง (มีเงินเก็บ ต้องการดอกเบี้ยสูง),"First Jobber รายได้ 24,000–45,000 บาท มีเงินเก็บก้อนแรก 30,000–100,000 บาท มองหาผลตอบแทนดอกเบี้ยสูง ป้องกันความเสี่ยงจากการหลอกลงทุนด้วย Protected Vault Protocol",0.12,HIGH,MAXIMUM,3760.0,0.0,930.0,6300.0,4690.0,0.1567,0.0,0.0388,เช่าอพาร์ตเมนต์ราคาประหยัด,ไม่มีหนี้ผ่อนชำระ
ACC_0935,USER_0125,24000.0,591.8,5424.0,0.226,0.2653,13578.21,0,1,High-Yield Seeker Novice,ผู้แสวงหาผลตอบแทนสูง (มีเงินเก็บ ต้องการดอกเบี้ยสูง),"First Jobber รายได้ 24,000–45,000 บาท มีเงินเก็บก้อนแรก 30,000–100,000 บาท มองหาผลตอบแทนดอกเบี้ยสูง ป้องกันความเสี่ยงจากการหลอกลงทุนด้วย Protected Vault Protocol",0.12,HIGH,MAXIMUM,4200.0,1200.0,1340.0,9100.0,6740.0,0.175,0.05,0.0558,เช่าอพาร์ตเมนต์ราคาประหยัด,ผ่อนสมาร์ตโฟน 0%
ACC_0936,USER_0126,36000.0,635.18,4316.4,0.1199,0.2451,13628.32,0,0,Paycheck-to-Paycheck Spender,มนุษย์เงินเดือนชนเดือน (สภาพคล่องจำกัดปลายเดือน),"First Jobber รายได้ 18,000–35,000 บาท ใช้ชีวิตเดือนชนเดือน ต้องการระบบออมเงินอัตโนมัติแบบไม่ต้องจดบันทึก และสามารถดึงเงินคืนเข้าบัญชีหลักได้ทันที 100% เมื่อถึงกำหนดจ่ายค่าเช่าหรือบิล",0.06,MODERATE,FLEXIBLE,10390.0,6340.0,2250.0,2500.0,18980.0,0.2886,0.1761,0.0625,เช่าคอนโดติดรถไฟฟ้า,ผ่อนหนี้ กยศ.
ACC_0937,USER_0127,36000.0,624.64,6527.2,0.1813,0.2277,6302.33,0,0,Paycheck-to-Paycheck Spender,มนุษย์เงินเดือนชนเดือน (สภาพคล่องจำกัดปลายเดือน),"First Jobber รายได้ 18,000–35,000 บาท ใช้ชีวิตเดือนชนเดือน ต้องการระบบออมเงินอัตโนมัติแบบไม่ต้องจดบันทึก และสามารถดึงเงินคืนเข้าบัญชีหลักได้ทันที 100% เมื่อถึงกำหนดจ่ายค่าเช่าหรือบิล",0.06,MODERATE,FLEXIBLE,10580.0,5080.0,1320.0,1900.0,16980.0,0.2939,0.1411,0.0367,ผ่อนห้องชุดคอนโดมิเนียม,ผ่อนค่างวดรถมอเตอร์ไซค์
ACC_0938,USER_0128,28000.0,598.24,2455.2,0.0877,0.2462,14281.68,0,0,Paycheck-to-Paycheck Spender,มนุษย์เงินเดือนชนเดือน (สภาพคล่องจำกัดปลายเดือน),"First Jobber รายได้ 18,000–35,000 บาท ใช้ชีวิตเดือนชนเดือน ต้องการระบบออมเงินอัตโนมัติแบบไม่ต้องจดบันทึก และสามารถดึงเงินคืนเข้าบัญชีหลักได้ทันที 100% เมื่อถึงกำหนดจ่ายค่าเช่าหรือบิล",0.06,MODERATE,FLEXIBLE,7340.0,3860.0,2380.0,3100.0,13580.0,0.2621,0.1379,0.085,เช่าคอนโดติดรถไฟฟ้า,ผ่อนสมาร์ตโฟน & แท็บเล็ต
ACC_0939,USER_0129,32000.0,554.95,7421.0,0.2319,0.1878,16781.58,0,0,Paycheck-to-Paycheck Spender,มนุษย์เงินเดือนชนเดือน (สภาพคล่องจำกัดปลายเดือน),"First Jobber รายได้ 18,000–35,000 บาท ใช้ชีวิตเดือนชนเดือน ต้องการระบบออมเงินอัตโนมัติแบบไม่ต้องจดบันทึก และสามารถดึงเงินคืนเข้าบัญชีหลักได้ทันที 100% เมื่อถึงกำหนดจ่ายค่าเช่าหรือบิล",0.06,MODERATE,FLEXIBLE,7230.0,4770.0,1480.0,2300.0,13480.0,0.2259,0.1491,0.0462,เช่าอพาร์ตเมนต์ชานเมือง,ผ่อนบัตรเครดิต & สินเชื่อ
ACC_0940,USER_0130,36000.0,608.24,7375.2,0.2049,0.2334,8951.09,0,0,Paycheck-to-Paycheck Spender,มนุษย์เงินเดือนชนเดือน (สภาพคล่องจำกัดปลายเดือน),"First Jobber รายได้ 18,000–35,000 บาท ใช้ชีวิตเดือนชนเดือน ต้องการระบบออมเงินอัตโนมัติแบบไม่ต้องจดบันทึก และสามารถดึงเงินคืนเข้าบัญชีหลักได้ทันที 100% เมื่อถึงกำหนดจ่ายค่าเช่าหรือบิล",0.06,MODERATE,FLEXIBLE,10150.0,4930.0,1380.0,2800.0,16460.0,0.2819,0.1369,0.0383,ผ่อนห้องชุดคอนโดมิเนียม,ผ่อนค่างวดรถมอเตอร์ไซค์
ACC_0941,USER_0131,36000.0,629.17,6746.6,0.1874,0.1841,15237.9,0,0,Paycheck-to-Paycheck Spender,มนุษย์เงินเดือนชนเดือน (สภาพคล่องจำกัดปลายเดือน),"First Jobber รายได้ 18,000–35,000 บาท ใช้ชีวิตเดือนชนเดือน ต้องการระบบออมเงินอัตโนมัติแบบไม่ต้องจดบันทึก และสามารถดึงเงินคืนเข้าบัญชีหลักได้ทันที 100% เมื่อถึงกำหนดจ่ายค่าเช่าหรือบิล",0.06,MODERATE,FLEXIBLE,11500.0,2920.0,2250.0,2600.0,16670.0,0.3194,0.0811,0.0625,เช่าอพาร์ตเมนต์ชานเมือง,ผ่อนค่างวดรถมอเตอร์ไซค์
ACC_0942,USER_0132,28000.0,651.34,3303.2,0.118,0.223,14812.86,0,0,Paycheck-to-Paycheck Spender,มนุษย์เงินเดือนชนเดือน (สภาพคล่องจำกัดปลายเดือน),"First Jobber รายได้ 18,000–35,000 บาท ใช้ชีวิตเดือนชนเดือน ต้องการระบบออมเงินอัตโนมัติแบบไม่ต้องจดบันทึก และสามารถดึงเงินคืนเข้าบัญชีหลักได้ทันที 100% เมื่อถึงกำหนดจ่ายค่าเช่าหรือบิล",0.06,MODERATE,FLEXIBLE,6520.0,3390.0,1760.0,2100.0,11670.0,0.2329,0.1211,0.0629,ผ่อนห้องชุดคอนโดมิเนียม,ผ่อนหนี้ กยศ.
ACC_0943,USER_0133,24000.0,613.19,5476.2,0.2282,0.2151,13765.76,0,1,High-Yield Seeker Novice,ผู้แสวงหาผลตอบแทนสูง (มีเงินเก็บ ต้องการดอกเบี้ยสูง),"First Jobber รายได้ 24,000–45,000 บาท มีเงินเก็บก้อนแรก 30,000–100,000 บาท มองหาผลตอบแทนดอกเบี้ยสูง ป้องกันความเสี่ยงจากการหลอกลงทุนด้วย Protected Vault Protocol",0.12,HIGH,MAXIMUM,4710.0,0.0,1550.0,6400.0,6260.0,0.1962,0.0,0.0646,เช่าอพาร์ตเมนต์ราคาประหยัด,ไม่มีหนี้ผ่อนชำระ
ACC_0944,USER_0134,36000.0,634.65,8207.0,0.228,0.1775,15942.35,0,0,Paycheck-to-Paycheck Spender,มนุษย์เงินเดือนชนเดือน (สภาพคล่องจำกัดปลายเดือน),"First Jobber รายได้ 18,000–35,000 บาท ใช้ชีวิตเดือนชนเดือน ต้องการระบบออมเงินอัตโนมัติแบบไม่ต้องจดบันทึก และสามารถดึงเงินคืนเข้าบัญชีหลักได้ทันที 100% เมื่อถึงกำหนดจ่ายค่าเช่าหรือบิล",0.06,MODERATE,FLEXIBLE,8500.0,4580.0,2020.0,2600.0,15100.0,0.2361,0.1272,0.0561,เช่าอพาร์ตเมนต์ชานเมือง,ผ่อนค่างวดรถมอเตอร์ไซค์
ACC_0945,USER_0135,32000.0,702.93,4121.4,0.1288,0.2481,9647.31,0,0,Paycheck-to-Paycheck Spender,มนุษย์เงินเดือนชนเดือน (สภาพคล่องจำกัดปลายเดือน),"First Jobber รายได้ 18,000–35,000 บาท ใช้ชีวิตเดือนชนเดือน ต้องการระบบออมเงินอัตโนมัติแบบไม่ต้องจดบันทึก และสามารถดึงเงินคืนเข้าบัญชีหลักได้ทันที 100% เมื่อถึงกำหนดจ่ายค่าเช่าหรือบิล",0.06,MODERATE,FLEXIBLE,9420.0,2640.0,1760.0,3100.0,13820.0,0.2944,0.0825,0.055,ผ่อนห้องชุดคอนโดมิเนียม,ผ่อนสมาร์ตโฟน & แท็บเล็ต
ACC_0946,USER_0136,32000.0,593.33,5253.4,0.1642,0.252,14982.99,0,0,Paycheck-to-Paycheck Spender,มนุษย์เงินเดือนชนเดือน (สภาพคล่องจำกัดปลายเดือน),"First Jobber รายได้ 18,000–35,000 บาท ใช้ชีวิตเดือนชนเดือน ต้องการระบบออมเงินอัตโนมัติแบบไม่ต้องจดบันทึก และสามารถดึงเงินคืนเข้าบัญชีหลักได้ทันที 100% เมื่อถึงกำหนดจ่ายค่าเช่าหรือบิล",0.06,MODERATE,FLEXIBLE,8100.0,4940.0,1840.0,1900.0,14880.0,0.2531,0.1544,0.0575,เช่าคอนโดติดรถไฟฟ้า,ผ่อนบัตรเครดิต & สินเชื่อ
ACC_0947,USER_0137,36000.0,592.73,8125.4,0.2257,0.1771,16335.44,0,0,Paycheck-to-Paycheck Spender,มนุษย์เงินเดือนชนเดือน (สภาพคล่องจำกัดปลายเดือน),"First Jobber รายได้ 18,000–35,000 บาท ใช้ชีวิตเดือนชนเดือน ต้องการระบบออมเงินอัตโนมัติแบบไม่ต้องจดบันทึก และสามารถดึงเงินคืนเข้าบัญชีหลักได้ทันที 100% เมื่อถึงกำหนดจ่ายค่าเช่าหรือบิล",0.06,MODERATE,FLEXIBLE,9510.0,4020.0,2490.0,1600.0,16020.0,0.2642,0.1117,0.0692,เช่าคอนโดติดรถไฟฟ้า,ผ่อนสมาร์ตโฟน & แท็บเล็ต
ACC_0948,USER_0138,28000.0,614.53,4529.4,0.1618,0.2031,6198.32,0,0,Paycheck-to-Paycheck Spender,มนุษย์เงินเดือนชนเดือน (สภาพคล่องจำกัดปลายเดือน),"First Jobber รายได้ 18,000–35,000 บาท ใช้ชีวิตเดือนชนเดือน ต้องการระบบออมเงินอัตโนมัติแบบไม่ต้องจดบันทึก และสามารถดึงเงินคืนเข้าบัญชีหลักได้ทันที 100% เมื่อถึงกำหนดจ่ายค่าเช่าหรือบิล",0.06,MODERATE,FLEXIBLE,6970.0,2260.0,1950.0,2100.0,11180.0,0.2489,0.0807,0.0696,เช่าอพาร์ตเมนต์ชานเมือง,ผ่อนสมาร์ตโฟน & แท็บเล็ต
ACC_0949,USER_0139,32000.0,628.39,5362.2,0.1676,0.2637,2840.02,0,0,Paycheck-to-Paycheck Spender,มนุษย์เงินเดือนชนเดือน (สภาพคล่องจำกัดปลายเดือน),"First Jobber รายได้ 18,000–35,000 บาท ใช้ชีวิตเดือนชนเดือน ต้องการระบบออมเงินอัตโนมัติแบบไม่ต้องจดบันทึก และสามารถดึงเงินคืนเข้าบัญชีหลักได้ทันที 100% เมื่อถึงกำหนดจ่ายค่าเช่าหรือบิล",0.06,MODERATE,FLEXIBLE,7120.0,4430.0,2520.0,1800.0,14070.0,0.2225,0.1384,0.0788,ผ่อนห้องชุดคอนโดมิเนียม,ผ่อนบัตรเครดิต & สินเชื่อ
ACC_0950,USER_0140,36000.0,657.37,7452.6,0.207,0.1846,15169.3,0,0,Paycheck-to-Paycheck Spender,มนุษย์เงินเดือนชนเดือน (สภาพคล่องจำกัดปลายเดือน),"First Jobber รายได้ 18,000–35,000 บาท ใช้ชีวิตเดือนชนเดือน ต้องการระบบออมเงินอัตโนมัติแบบไม่ต้องจดบันทึก และสามารถดึงเงินคืนเข้าบัญชีหลักได้ทันที 100% เมื่อถึงกำหนดจ่ายค่าเช่าหรือบิล",0.06,MODERATE,FLEXIBLE,8250.0,5130.0,2020.0,2300.0,15400.0,0.2292,0.1425,0.0561,เช่าคอนโดติดรถไฟฟ้า,ผ่อนหนี้ กยศ.
ACC_0951,USER_0141,20000.0,626.85,2363.0,0.1182,0.2403,11276.55,0,1,High-Yield Seeker Novice,ผู้แสวงหาผลตอบแทนสูง (มีเงินเก็บ ต้องการดอกเบี้ยสูง),"First Jobber รายได้ 24,000–45,000 บาท มีเงินเก็บก้อนแรก 30,000–100,000 บาท มองหาผลตอบแทนดอกเบี้ยสูง ป้องกันความเสี่ยงจากการหลอกลงทุนด้วย Protected Vault Protocol",0.12,HIGH,MAXIMUM,4230.0,0.0,870.0,9200.0,5100.0,0.2115,0.0,0.0435,เช่าอพาร์ตเมนต์ราคาประหยัด,ไม่มีหนี้ผ่อนชำระ
ACC_0952,USER_0142,32000.0,590.19,5586.2,0.1746,0.231,6802.75,0,0,Paycheck-to-Paycheck Spender,มนุษย์เงินเดือนชนเดือน (สภาพคล่องจำกัดปลายเดือน),"First Jobber รายได้ 18,000–35,000 บาท ใช้ชีวิตเดือนชนเดือน ต้องการระบบออมเงินอัตโนมัติแบบไม่ต้องจดบันทึก และสามารถดึงเงินคืนเข้าบัญชีหลักได้ทันที 100% เมื่อถึงกำหนดจ่ายค่าเช่าหรือบิล",0.06,MODERATE,FLEXIBLE,8920.0,3570.0,2120.0,3100.0,14610.0,0.2788,0.1116,0.0662,เช่าคอนโดติดรถไฟฟ้า,ผ่อนค่างวดรถมอเตอร์ไซค์
ACC_0953,USER_0143,20000.0,555.86,4512.8,0.2256,0.2491,16856.36,0,1,High-Yield Seeker Novice,ผู้แสวงหาผลตอบแทนสูง (มีเงินเก็บ ต้องการดอกเบี้ยสูง),"First Jobber รายได้ 24,000–45,000 บาท มีเงินเก็บก้อนแรก 30,000–100,000 บาท มองหาผลตอบแทนดอกเบี้ยสูง ป้องกันความเสี่ยงจากการหลอกลงทุนด้วย Protected Vault Protocol",0.12,HIGH,MAXIMUM,3270.0,0.0,1100.0,5400.0,4370.0,0.1635,0.0,0.055,เช่าอพาร์ตเมนต์ราคาประหยัด,ไม่มีหนี้ผ่อนชำระ
ACC_0954,USER_0144,24000.0,646.22,5675.6,0.2365,0.2538,2096.31,0,1,High-Yield Seeker Novice,ผู้แสวงหาผลตอบแทนสูง (มีเงินเก็บ ต้องการดอกเบี้ยสูง),"First Jobber รายได้ 24,000–45,000 บาท มีเงินเก็บก้อนแรก 30,000–100,000 บาท มองหาผลตอบแทนดอกเบี้ยสูง ป้องกันความเสี่ยงจากการหลอกลงทุนด้วย Protected Vault Protocol",0.12,HIGH,MAXIMUM,4100.0,0.0,1300.0,7700.0,5400.0,0.1708,0.0,0.0542,พักกับครอบครัว/ที่บ้าน,ไม่มีหนี้ผ่อนชำระ
ACC_0955,USER_0145,28000.0,569.23,4855.4,0.1734,0.2739,7410.68,0,0,Paycheck-to-Paycheck Spender,มนุษย์เงินเดือนชนเดือน (สภาพคล่องจำกัดปลายเดือน),"First Jobber รายได้ 18,000–35,000 บาท ใช้ชีวิตเดือนชนเดือน ต้องการระบบออมเงินอัตโนมัติแบบไม่ต้องจดบันทึก และสามารถดึงเงินคืนเข้าบัญชีหลักได้ทันที 100% เมื่อถึงกำหนดจ่ายค่าเช่าหรือบิล",0.06,MODERATE,FLEXIBLE,7880.0,2470.0,1410.0,1800.0,11760.0,0.2814,0.0882,0.0504,เช่าอพาร์ตเมนต์ชานเมือง,ผ่อนบัตรเครดิต & สินเชื่อ
ACC_0956,USER_0146,24000.0,662.61,5827.8,0.2428,0.293,4733.38,0,1,High-Yield Seeker Novice,ผู้แสวงหาผลตอบแทนสูง (มีเงินเก็บ ต้องการดอกเบี้ยสูง),"First Jobber รายได้ 24,000–45,000 บาท มีเงินเก็บก้อนแรก 30,000–100,000 บาท มองหาผลตอบแทนดอกเบี้ยสูง ป้องกันความเสี่ยงจากการหลอกลงทุนด้วย Protected Vault Protocol",0.12,HIGH,MAXIMUM,3770.0,0.0,1150.0,9000.0,4920.0,0.1571,0.0,0.0479,เช่าอพาร์ตเมนต์ราคาประหยัด,ไม่มีหนี้ผ่อนชำระ
ACC_0957,USER_0147,28000.0,574.36,2912.8,0.104,0.2275,16476.85,0,0,Paycheck-to-Paycheck Spender,มนุษย์เงินเดือนชนเดือน (สภาพคล่องจำกัดปลายเดือน),"First Jobber รายได้ 18,000–35,000 บาท ใช้ชีวิตเดือนชนเดือน ต้องการระบบออมเงินอัตโนมัติแบบไม่ต้องจดบันทึก และสามารถดึงเงินคืนเข้าบัญชีหลักได้ทันที 100% เมื่อถึงกำหนดจ่ายค่าเช่าหรือบิล",0.06,MODERATE,FLEXIBLE,7240.0,4660.0,1700.0,2100.0,13600.0,0.2586,0.1664,0.0607,เช่าคอนโดติดรถไฟฟ้า,ผ่อนค่างวดรถมอเตอร์ไซค์
ACC_0958,USER_0148,36000.0,617.58,7418.4,0.2061,0.2494,2312.37,0,0,Paycheck-to-Paycheck Spender,มนุษย์เงินเดือนชนเดือน (สภาพคล่องจำกัดปลายเดือน),"First Jobber รายได้ 18,000–35,000 บาท ใช้ชีวิตเดือนชนเดือน ต้องการระบบออมเงินอัตโนมัติแบบไม่ต้องจดบันทึก และสามารถดึงเงินคืนเข้าบัญชีหลักได้ทันที 100% เมื่อถึงกำหนดจ่ายค่าเช่าหรือบิล",0.06,MODERATE,FLEXIBLE,9120.0,4890.0,2220.0,2800.0,16230.0,0.2533,0.1358,0.0617,ผ่อนห้องชุดคอนโดมิเนียม,ผ่อนสมาร์ตโฟน & แท็บเล็ต
ACC_0959,USER_0149,36000.0,594.36,5862.8,0.1629,0.2962,9382.77,0,0,Paycheck-to-Paycheck Spender,มนุษย์เงินเดือนชนเดือน (สภาพคล่องจำกัดปลายเดือน),"First Jobber รายได้ 18,000–35,000 บาท ใช้ชีวิตเดือนชนเดือน ต้องการระบบออมเงินอัตโนมัติแบบไม่ต้องจดบันทึก และสามารถดึงเงินคืนเข้าบัญชีหลักได้ทันที 100% เมื่อถึงกำหนดจ่ายค่าเช่าหรือบิล",0.06,MODERATE,FLEXIBLE,11110.0,5820.0,1320.0,3000.0,18250.0,0.3086,0.1617,0.0367,เช่าคอนโดติดรถไฟฟ้า,ผ่อนหนี้ กยศ.
ACC_0960,USER_0000,32000.0,618.08,5848.4,0.1828,0.2973,15262.66,0,0,Paycheck-to-Paycheck Spender,มนุษย์เงินเดือนชนเดือน (สภาพคล่องจำกัดปลายเดือน),"First Jobber รายได้ 18,000–35,000 บาท ใช้ชีวิตเดือนชนเดือน ต้องการระบบออมเงินอัตโนมัติแบบไม่ต้องจดบันทึก และสามารถดึงเงินคืนเข้าบัญชีหลักได้ทันที 100% เมื่อถึงกำหนดจ่ายค่าเช่าหรือบิล",0.06,MODERATE,FLEXIBLE,7470.0,4600.0,1720.0,1600.0,13790.0,0.2334,0.1438,0.0538,เช่าอพาร์ตเมนต์ชานเมือง,ผ่อนบัตรเครดิต & สินเชื่อ
ACC_0961,USER_0001,36000.0,684.7,6926.0,0.1924,0.206,9334.48,0,0,Paycheck-to-Paycheck Spender,มนุษย์เงินเดือนชนเดือน (สภาพคล่องจำกัดปลายเดือน),"First Jobber รายได้ 18,000–35,000 บาท ใช้ชีวิตเดือนชนเดือน ต้องการระบบออมเงินอัตโนมัติแบบไม่ต้องจดบันทึก และสามารถดึงเงินคืนเข้าบัญชีหลักได้ทันที 100% เมื่อถึงกำหนดจ่ายค่าเช่าหรือบิล",0.06,MODERATE,FLEXIBLE,7920.0,6130.0,1330.0,1900.0,15380.0,0.22,0.1703,0.0369,เช่าคอนโดติดรถไฟฟ้า,ผ่อนค่างวดรถมอเตอร์ไซค์
ACC_0962,USER_0002,36000.0,624.9,6792.0,0.1887,0.2983,13020.74,0,0,Paycheck-to-Paycheck Spender,มนุษย์เงินเดือนชนเดือน (สภาพคล่องจำกัดปลายเดือน),"First Jobber รายได้ 18,000–35,000 บาท ใช้ชีวิตเดือนชนเดือน ต้องการระบบออมเงินอัตโนมัติแบบไม่ต้องจดบันทึก และสามารถดึงเงินคืนเข้าบัญชีหลักได้ทันที 100% เมื่อถึงกำหนดจ่ายค่าเช่าหรือบิล",0.06,MODERATE,FLEXIBLE,9200.0,6160.0,1350.0,2500.0,16710.0,0.2556,0.1711,0.0375,เช่าอพาร์ตเมนต์ชานเมือง,ผ่อนค่างวดรถมอเตอร์ไซค์
ACC_0963,USER_0003,20000.0,656.66,850.0,0.0425,0.1687,3832.56,0,1,High-Yield Seeker Novice,ผู้แสวงหาผลตอบแทนสูง (มีเงินเก็บ ต้องการดอกเบี้ยสูง),"First Jobber รายได้ 24,000–45,000 บาท มีเงินเก็บก้อนแรก 30,000–100,000 บาท มองหาผลตอบแทนดอกเบี้ยสูง ป้องกันความเสี่ยงจากการหลอกลงทุนด้วย Protected Vault Protocol",0.12,HIGH,MAXIMUM,4290.0,1000.0,1450.0,5000.0,6740.0,0.2145,0.05,0.0725,เช่าห้องพักสไตล์มินิมอล,ผ่อนอุปกรณ์ไอที/คอมพิวเตอร์
ACC_0964,USER_0004,24000.0,558.39,1102.2,0.0459,0.2291,10300.95,0,0,Paycheck-to-Paycheck Spender,มนุษย์เงินเดือนชนเดือน (สภาพคล่องจำกัดปลายเดือน),"First Jobber รายได้ 18,000–35,000 บาท ใช้ชีวิตเดือนชนเดือน ต้องการระบบออมเงินอัตโนมัติแบบไม่ต้องจดบันทึก และสามารถดึงเงินคืนเข้าบัญชีหลักได้ทันที 100% เมื่อถึงกำหนดจ่ายค่าเช่าหรือบิล",0.06,MODERATE,FLEXIBLE,6180.0,4050.0,1500.0,1800.0,11730.0,0.2575,0.1688,0.0625,ผ่อนห้องชุดคอนโดมิเนียม,ผ่อนบัตรเครดิต & สินเชื่อ
ACC_0965,USER_0005,24000.0,610.2,4756.0,0.1982,0.251,14716.21,0,1,High-Yield Seeker Novice,ผู้แสวงหาผลตอบแทนสูง (มีเงินเก็บ ต้องการดอกเบี้ยสูง),"First Jobber รายได้ 24,000–45,000 บาท มีเงินเก็บก้อนแรก 30,000–100,000 บาท มองหาผลตอบแทนดอกเบี้ยสูง ป้องกันความเสี่ยงจากการหลอกลงทุนด้วย Protected Vault Protocol",0.12,HIGH,MAXIMUM,3710.0,2160.0,1170.0,8000.0,7040.0,0.1546,0.09,0.0488,เช่าอพาร์ตเมนต์ราคาประหยัด,ผ่อนอุปกรณ์ไอที/คอมพิวเตอร์
ACC_0966,USER_0006,32000.0,564.54,7899.2,0.2468,0.1501,3173.09,0,0,Paycheck-to-Paycheck Spender,มนุษย์เงินเดือนชนเดือน (สภาพคล่องจำกัดปลายเดือน),"First Jobber รายได้ 18,000–35,000 บาท ใช้ชีวิตเดือนชนเดือน ต้องการระบบออมเงินอัตโนมัติแบบไม่ต้องจดบันทึก และสามารถดึงเงินคืนเข้าบัญชีหลักได้ทันที 100% เมื่อถึงกำหนดจ่ายค่าเช่าหรือบิล",0.06,MODERATE,FLEXIBLE,8210.0,3030.0,1570.0,2100.0,12810.0,0.2566,0.0947,0.0491,เช่าคอนโดติดรถไฟฟ้า,ผ่อนหนี้ กยศ.
ACC_0967,USER_0007,28000.0,596.23,4555.4,0.1627,0.2589,3296.3,0,0,Paycheck-to-Paycheck Spender,มนุษย์เงินเดือนชนเดือน (สภาพคล่องจำกัดปลายเดือน),"First Jobber รายได้ 18,000–35,000 บาท ใช้ชีวิตเดือนชนเดือน ต้องการระบบออมเงินอัตโนมัติแบบไม่ต้องจดบันทึก และสามารถดึงเงินคืนเข้าบัญชีหลักได้ทันที 100% เมื่อถึงกำหนดจ่ายค่าเช่าหรือบิล",0.06,MODERATE,FLEXIBLE,7280.0,2260.0,1980.0,3300.0,11520.0,0.26,0.0807,0.0707,เช่าคอนโดติดรถไฟฟ้า,ผ่อนค่างวดรถมอเตอร์ไซค์
ACC_0968,USER_0008,36000.0,523.34,8413.2,0.2337,0.1147,3626.46,0,0,Paycheck-to-Paycheck Spender,มนุษย์เงินเดือนชนเดือน (สภาพคล่องจำกัดปลายเดือน),"First Jobber รายได้ 18,000–35,000 บาท ใช้ชีวิตเดือนชนเดือน ต้องการระบบออมเงินอัตโนมัติแบบไม่ต้องจดบันทึก และสามารถดึงเงินคืนเข้าบัญชีหลักได้ทันที 100% เมื่อถึงกำหนดจ่ายค่าเช่าหรือบิล",0.06,MODERATE,FLEXIBLE,10780.0,4050.0,2290.0,1800.0,17120.0,0.2994,0.1125,0.0636,ผ่อนห้องชุดคอนโดมิเนียม,ผ่อนสมาร์ตโฟน & แท็บเล็ต
ACC_0969,USER_0009,24000.0,630.06,5368.8,0.2237,0.2827,6463.59,0,1,High-Yield Seeker Novice,ผู้แสวงหาผลตอบแทนสูง (มีเงินเก็บ ต้องการดอกเบี้ยสูง),"First Jobber รายได้ 24,000–45,000 บาท มีเงินเก็บก้อนแรก 30,000–100,000 บาท มองหาผลตอบแทนดอกเบี้ยสูง ป้องกันความเสี่ยงจากการหลอกลงทุนด้วย Protected Vault Protocol",0.12,HIGH,MAXIMUM,4590.0,0.0,1440.0,9500.0,6030.0,0.1912,0.0,0.06,พักกับครอบครัว/ที่บ้าน,ไม่มีหนี้ผ่อนชำระ
ACC_0970,USER_0010,32000.0,578.04,7979.2,0.2494,0.1621,15131.38,0,0,Paycheck-to-Paycheck Spender,มนุษย์เงินเดือนชนเดือน (สภาพคล่องจำกัดปลายเดือน),"First Jobber รายได้ 18,000–35,000 บาท ใช้ชีวิตเดือนชนเดือน ต้องการระบบออมเงินอัตโนมัติแบบไม่ต้องจดบันทึก และสามารถดึงเงินคืนเข้าบัญชีหลักได้ทันที 100% เมื่อถึงกำหนดจ่ายค่าเช่าหรือบิล",0.06,MODERATE,FLEXIBLE,7390.0,3360.0,1710.0,3100.0,12460.0,0.2309,0.105,0.0534,เช่าอพาร์ตเมนต์ชานเมือง,ผ่อนบัตรเครดิต & สินเชื่อ
ACC_0971,USER_0011,36000.0,603.13,6547.4,0.1819,0.2661,12273.43,0,0,Paycheck-to-Paycheck Spender,มนุษย์เงินเดือนชนเดือน (สภาพคล่องจำกัดปลายเดือน),"First Jobber รายได้ 18,000–35,000 บาท ใช้ชีวิตเดือนชนเดือน ต้องการระบบออมเงินอัตโนมัติแบบไม่ต้องจดบันทึก และสามารถดึงเงินคืนเข้าบัญชีหลักได้ทันที 100% เมื่อถึงกำหนดจ่ายค่าเช่าหรือบิล",0.06,MODERATE,FLEXIBLE,9010.0,5970.0,2410.0,3000.0,17390.0,0.2503,0.1658,0.0669,เช่าคอนโดติดรถไฟฟ้า,ผ่อนสมาร์ตโฟน & แท็บเล็ต
ACC_0972,USER_0012,24000.0,681.45,2161.0,0.09,0.2616,17893.06,0,1,High-Yield Seeker Novice,ผู้แสวงหาผลตอบแทนสูง (มีเงินเก็บ ต้องการดอกเบี้ยสูง),"First Jobber รายได้ 24,000–45,000 บาท มีเงินเก็บก้อนแรก 30,000–100,000 บาท มองหาผลตอบแทนดอกเบี้ยสูง ป้องกันความเสี่ยงจากการหลอกลงทุนด้วย Protected Vault Protocol",0.12,HIGH,MAXIMUM,4690.0,2160.0,1360.0,6300.0,8210.0,0.1954,0.09,0.0567,เช่าห้องพักสไตล์มินิมอล,ผ่อนอุปกรณ์ไอที/คอมพิวเตอร์
ACC_0973,USER_0013,24000.0,583.76,6784.8,0.2827,0.2787,16825.28,0,1,High-Yield Seeker Novice,ผู้แสวงหาผลตอบแทนสูง (มีเงินเก็บ ต้องการดอกเบี้ยสูง),"First Jobber รายได้ 24,000–45,000 บาท มีเงินเก็บก้อนแรก 30,000–100,000 บาท มองหาผลตอบแทนดอกเบี้ยสูง ป้องกันความเสี่ยงจากการหลอกลงทุนด้วย Protected Vault Protocol",0.12,HIGH,MAXIMUM,4600.0,0.0,940.0,6200.0,5540.0,0.1917,0.0,0.0392,เช่าอพาร์ตเมนต์ราคาประหยัด,ไม่มีหนี้ผ่อนชำระ
ACC_0974,USER_0014,36000.0,602.34,10613.2,0.2948,0.2675,6526.96,0,0,Paycheck-to-Paycheck Spender,มนุษย์เงินเดือนชนเดือน (สภาพคล่องจำกัดปลายเดือน),"First Jobber รายได้ 18,000–35,000 บาท ใช้ชีวิตเดือนชนเดือน ต้องการระบบออมเงินอัตโนมัติแบบไม่ต้องจดบันทึก และสามารถดึงเงินคืนเข้าบัญชีหลักได้ทันที 100% เมื่อถึงกำหนดจ่ายค่าเช่าหรือบิล",0.06,MODERATE,FLEXIBLE,8560.0,2900.0,1880.0,1700.0,13340.0,0.2378,0.0806,0.0522,เช่าอพาร์ตเมนต์ชานเมือง,ผ่อนค่างวดรถมอเตอร์ไซค์
ACC_0975,USER_0015,28000.0,580.14,2267.2,0.081,0.2627,14346.45,0,0,Paycheck-to-Paycheck Spender,มนุษย์เงินเดือนชนเดือน (สภาพคล่องจำกัดปลายเดือน),"First Jobber รายได้ 18,000–35,000 บาท ใช้ชีวิตเดือนชนเดือน ต้องการระบบออมเงินอัตโนมัติแบบไม่ต้องจดบันทึก และสามารถดึงเงินคืนเข้าบัญชีหลักได้ทันที 100% เมื่อถึงกำหนดจ่ายค่าเช่าหรือบิล",0.06,MODERATE,FLEXIBLE,6820.0,4880.0,2430.0,2100.0,14130.0,0.2436,0.1743,0.0868,เช่าอพาร์ตเมนต์ชานเมือง,ผ่อนหนี้ กยศ.
ACC_0976,USER_0016,20000.0,620.72,850.0,0.0425,0.189,17383.57,0,1,High-Yield Seeker Novice,ผู้แสวงหาผลตอบแทนสูง (มีเงินเก็บ ต้องการดอกเบี้ยสูง),"First Jobber รายได้ 24,000–45,000 บาท มีเงินเก็บก้อนแรก 30,000–100,000 บาท มองหาผลตอบแทนดอกเบี้ยสูง ป้องกันความเสี่ยงจากการหลอกลงทุนด้วย Protected Vault Protocol",0.12,HIGH,MAXIMUM,4090.0,1800.0,1300.0,5000.0,7190.0,0.2045,0.09,0.065,พักกับครอบครัว/ที่บ้าน,ผ่อนอุปกรณ์ไอที/คอมพิวเตอร์
ACC_0977,USER_0017,28000.0,619.41,1971.8,0.0704,0.2586,2935.71,0,0,Paycheck-to-Paycheck Spender,มนุษย์เงินเดือนชนเดือน (สภาพคล่องจำกัดปลายเดือน),"First Jobber รายได้ 18,000–35,000 บาท ใช้ชีวิตเดือนชนเดือน ต้องการระบบออมเงินอัตโนมัติแบบไม่ต้องจดบันทึก และสามารถดึงเงินคืนเข้าบัญชีหลักได้ทันที 100% เมื่อถึงกำหนดจ่ายค่าเช่าหรือบิล",0.06,MODERATE,FLEXIBLE,7910.0,4030.0,1700.0,3200.0,13640.0,0.2825,0.1439,0.0607,เช่าคอนโดติดรถไฟฟ้า,ผ่อนหนี้ กยศ.
ACC_0978,USER_0018,36000.0,653.75,9475.0,0.2632,0.2491,13962.84,0,0,Paycheck-to-Paycheck Spender,มนุษย์เงินเดือนชนเดือน (สภาพคล่องจำกัดปลายเดือน),"First Jobber รายได้ 18,000–35,000 บาท ใช้ชีวิตเดือนชนเดือน ต้องการระบบออมเงินอัตโนมัติแบบไม่ต้องจดบันทึก และสามารถดึงเงินคืนเข้าบัญชีหลักได้ทันที 100% เมื่อถึงกำหนดจ่ายค่าเช่าหรือบิล",0.06,MODERATE,FLEXIBLE,8700.0,3200.0,1550.0,3100.0,13450.0,0.2417,0.0889,0.0431,เช่าอพาร์ตเมนต์ชานเมือง,ผ่อนบัตรเครดิต & สินเชื่อ
ACC_0979,USER_0019,28000.0,634.7,1946.0,0.0695,0.2931,7047.14,0,0,Paycheck-to-Paycheck Spender,มนุษย์เงินเดือนชนเดือน (สภาพคล่องจำกัดปลายเดือน),"First Jobber รายได้ 18,000–35,000 บาท ใช้ชีวิตเดือนชนเดือน ต้องการระบบออมเงินอัตโนมัติแบบไม่ต้องจดบันทึก และสามารถดึงเงินคืนเข้าบัญชีหลักได้ทันที 100% เมื่อถึงกำหนดจ่ายค่าเช่าหรือบิล",0.06,MODERATE,FLEXIBLE,7940.0,3370.0,2050.0,2100.0,13360.0,0.2836,0.1204,0.0732,เช่าคอนโดติดรถไฟฟ้า,ผ่อนหนี้ กยศ.
ACC_0980,USER_0020,36000.0,618.23,3935.4,0.1093,0.2217,8711.37,0,0,Paycheck-to-Paycheck Spender,มนุษย์เงินเดือนชนเดือน (สภาพคล่องจำกัดปลายเดือน),"First Jobber รายได้ 18,000–35,000 บาท ใช้ชีวิตเดือนชนเดือน ต้องการระบบออมเงินอัตโนมัติแบบไม่ต้องจดบันทึก และสามารถดึงเงินคืนเข้าบัญชีหลักได้ทันที 100% เมื่อถึงกำหนดจ่ายค่าเช่าหรือบิล",0.06,MODERATE,FLEXIBLE,10780.0,6410.0,2510.0,3400.0,19700.0,0.2994,0.1781,0.0697,ผ่อนห้องชุดคอนโดมิเนียม,ผ่อนค่างวดรถมอเตอร์ไซค์
ACC_0981,USER_0021,24000.0,627.86,4442.8,0.1851,0.2491,10540.67,0,1,High-Yield Seeker Novice,ผู้แสวงหาผลตอบแทนสูง (มีเงินเก็บ ต้องการดอกเบี้ยสูง),"First Jobber รายได้ 24,000–45,000 บาท มีเงินเก็บก้อนแรก 30,000–100,000 บาท มองหาผลตอบแทนดอกเบี้ยสูง ป้องกันความเสี่ยงจากการหลอกลงทุนด้วย Protected Vault Protocol",0.12,HIGH,MAXIMUM,4260.0,1200.0,1540.0,5300.0,7000.0,0.1775,0.05,0.0642,เช่าอพาร์ตเมนต์ราคาประหยัด,ผ่อนอุปกรณ์ไอที/คอมพิวเตอร์
ACC_0982,USER_0022,32000.0,629.9,4302.0,0.1344,0.258,4289.82,0,0,Paycheck-to-Paycheck Spender,มนุษย์เงินเดือนชนเดือน (สภาพคล่องจำกัดปลายเดือน),"First Jobber รายได้ 18,000–35,000 บาท ใช้ชีวิตเดือนชนเดือน ต้องการระบบออมเงินอัตโนมัติแบบไม่ต้องจดบันทึก และสามารถดึงเงินคืนเข้าบัญชีหลักได้ทันที 100% เมื่อถึงกำหนดจ่ายค่าเช่าหรือบิล",0.06,MODERATE,FLEXIBLE,8340.0,5400.0,1360.0,3400.0,15100.0,0.2606,0.1688,0.0425,ผ่อนห้องชุดคอนโดมิเนียม,ผ่อนสมาร์ตโฟน & แท็บเล็ต
ACC_0983,USER_0023,20000.0,565.35,3843.0,0.1921,0.2316,3808.07,0,1,High-Yield Seeker Novice,ผู้แสวงหาผลตอบแทนสูง (มีเงินเก็บ ต้องการดอกเบี้ยสูง),"First Jobber รายได้ 24,000–45,000 บาท มีเงินเก็บก้อนแรก 30,000–100,000 บาท มองหาผลตอบแทนดอกเบี้ยสูง ป้องกันความเสี่ยงจากการหลอกลงทุนด้วย Protected Vault Protocol",0.12,HIGH,MAXIMUM,3810.0,0.0,1040.0,9700.0,4850.0,0.1905,0.0,0.052,เช่าห้องพักสไตล์มินิมอล,ไม่มีหนี้ผ่อนชำระ
ACC_0984,USER_0024,36000.0,559.35,7953.0,0.2209,0.2444,5606.53,0,0,Paycheck-to-Paycheck Spender,มนุษย์เงินเดือนชนเดือน (สภาพคล่องจำกัดปลายเดือน),"First Jobber รายได้ 18,000–35,000 บาท ใช้ชีวิตเดือนชนเดือน ต้องการระบบออมเงินอัตโนมัติแบบไม่ต้องจดบันทึก และสามารถดึงเงินคืนเข้าบัญชีหลักได้ทันที 100% เมื่อถึงกำหนดจ่ายค่าเช่าหรือบิล",0.06,MODERATE,FLEXIBLE,8400.0,6400.0,2060.0,3500.0,16860.0,0.2333,0.1778,0.0572,เช่าคอนโดติดรถไฟฟ้า,ผ่อนบัตรเครดิต & สินเชื่อ
ACC_0985,USER_0025,28000.0,683.89,850.0,0.0304,0.2573,6426.87,0,0,Paycheck-to-Paycheck Spender,มนุษย์เงินเดือนชนเดือน (สภาพคล่องจำกัดปลายเดือน),"First Jobber รายได้ 18,000–35,000 บาท ใช้ชีวิตเดือนชนเดือน ต้องการระบบออมเงินอัตโนมัติแบบไม่ต้องจดบันทึก และสามารถดึงเงินคืนเข้าบัญชีหลักได้ทันที 100% เมื่อถึงกำหนดจ่ายค่าเช่าหรือบิล",0.06,MODERATE,FLEXIBLE,8890.0,3270.0,1760.0,2200.0,13920.0,0.3175,0.1168,0.0629,เช่าอพาร์ตเมนต์ชานเมือง,ผ่อนสมาร์ตโฟน & แท็บเล็ต
ACC_0986,USER_0026,36000.0,684.13,4797.4,0.1333,0.2337,12442.36,0,0,Paycheck-to-Paycheck Spender,มนุษย์เงินเดือนชนเดือน (สภาพคล่องจำกัดปลายเดือน),"First Jobber รายได้ 18,000–35,000 บาท ใช้ชีวิตเดือนชนเดือน ต้องการระบบออมเงินอัตโนมัติแบบไม่ต้องจดบันทึก และสามารถดึงเงินคืนเข้าบัญชีหลักได้ทันที 100% เมื่อถึงกำหนดจ่ายค่าเช่าหรือบิล",0.06,MODERATE,FLEXIBLE,9510.0,6050.0,1960.0,2500.0,17520.0,0.2642,0.1681,0.0544,เช่าอพาร์ตเมนต์ชานเมือง,ผ่อนสมาร์ตโฟน & แท็บเล็ต
ACC_0987,USER_0027,24000.0,596.07,5918.6,0.2466,0.2222,8495.51,0,1,High-Yield Seeker Novice,ผู้แสวงหาผลตอบแทนสูง (มีเงินเก็บ ต้องการดอกเบี้ยสูง),"First Jobber รายได้ 24,000–45,000 บาท มีเงินเก็บก้อนแรก 30,000–100,000 บาท มองหาผลตอบแทนดอกเบี้ยสูง ป้องกันความเสี่ยงจากการหลอกลงทุนด้วย Protected Vault Protocol",0.12,HIGH,MAXIMUM,5250.0,0.0,910.0,8100.0,6160.0,0.2188,0.0,0.0379,พักกับครอบครัว/ที่บ้าน,ไม่มีหนี้ผ่อนชำระ
ACC_0988,USER_0028,28000.0,585.07,3238.6,0.1157,0.2098,8361.99,0,0,Paycheck-to-Paycheck Spender,มนุษย์เงินเดือนชนเดือน (สภาพคล่องจำกัดปลายเดือน),"First Jobber รายได้ 18,000–35,000 บาท ใช้ชีวิตเดือนชนเดือน ต้องการระบบออมเงินอัตโนมัติแบบไม่ต้องจดบันทึก และสามารถดึงเงินคืนเข้าบัญชีหลักได้ทันที 100% เมื่อถึงกำหนดจ่ายค่าเช่าหรือบิล",0.06,MODERATE,FLEXIBLE,7320.0,3420.0,2320.0,1900.0,13060.0,0.2614,0.1221,0.0829,เช่าอพาร์ตเมนต์ชานเมือง,ผ่อนสมาร์ตโฟน & แท็บเล็ต
ACC_0989,USER_0029,24000.0,600.09,6288.2,0.262,0.3235,13249.88,0,1,High-Yield Seeker Novice,ผู้แสวงหาผลตอบแทนสูง (มีเงินเก็บ ต้องการดอกเบี้ยสูง),"First Jobber รายได้ 24,000–45,000 บาท มีเงินเก็บก้อนแรก 30,000–100,000 บาท มองหาผลตอบแทนดอกเบี้ยสูง ป้องกันความเสี่ยงจากการหลอกลงทุนด้วย Protected Vault Protocol",0.12,HIGH,MAXIMUM,4650.0,0.0,1060.0,4800.0,5710.0,0.1938,0.0,0.0442,เช่าห้องพักสไตล์มินิมอล,ไม่มีหนี้ผ่อนชำระ
ACC_0990,USER_0030,28000.0,652.24,905.2,0.0323,0.2188,17689.74,0,0,Paycheck-to-Paycheck Spender,มนุษย์เงินเดือนชนเดือน (สภาพคล่องจำกัดปลายเดือน),"First Jobber รายได้ 18,000–35,000 บาท ใช้ชีวิตเดือนชนเดือน ต้องการระบบออมเงินอัตโนมัติแบบไม่ต้องจดบันทึก และสามารถดึงเงินคืนเข้าบัญชีหลักได้ทันที 100% เมื่อถึงกำหนดจ่ายค่าเช่าหรือบิล",0.06,MODERATE,FLEXIBLE,8010.0,4330.0,1710.0,3200.0,14050.0,0.2861,0.1546,0.0611,เช่าคอนโดติดรถไฟฟ้า,ผ่อนค่างวดรถมอเตอร์ไซค์
ACC_0991,USER_0031,36000.0,554.28,10704.4,0.2973,0.2492,3508.63,0,0,Paycheck-to-Paycheck Spender,มนุษย์เงินเดือนชนเดือน (สภาพคล่องจำกัดปลายเดือน),"First Jobber รายได้ 18,000–35,000 บาท ใช้ชีวิตเดือนชนเดือน ต้องการระบบออมเงินอัตโนมัติแบบไม่ต้องจดบันทึก และสามารถดึงเงินคืนเข้าบัญชีหลักได้ทันที 100% เมื่อถึงกำหนดจ่ายค่าเช่าหรือบิล",0.06,MODERATE,FLEXIBLE,7930.0,4240.0,2040.0,2500.0,14210.0,0.2203,0.1178,0.0567,เช่าอพาร์ตเมนต์ชานเมือง,ผ่อนบัตรเครดิต & สินเชื่อ
ACC_0992,USER_0032,28000.0,599.66,3786.8,0.1352,0.2195,2966.86,0,0,Paycheck-to-Paycheck Spender,มนุษย์เงินเดือนชนเดือน (สภาพคล่องจำกัดปลายเดือน),"First Jobber รายได้ 18,000–35,000 บาท ใช้ชีวิตเดือนชนเดือน ต้องการระบบออมเงินอัตโนมัติแบบไม่ต้องจดบันทึก และสามารถดึงเงินคืนเข้าบัญชีหลักได้ทันที 100% เมื่อถึงกำหนดจ่ายค่าเช่าหรือบิล",0.06,MODERATE,FLEXIBLE,6460.0,3790.0,1970.0,2100.0,12220.0,0.2307,0.1354,0.0704,เช่าอพาร์ตเมนต์ชานเมือง,ผ่อนหนี้ กยศ.
ACC_0993,USER_0033,36000.0,645.28,4504.4,0.1251,0.174,5956.88,0,0,Paycheck-to-Paycheck Spender,มนุษย์เงินเดือนชนเดือน (สภาพคล่องจำกัดปลายเดือน),"First Jobber รายได้ 18,000–35,000 บาท ใช้ชีวิตเดือนชนเดือน ต้องการระบบออมเงินอัตโนมัติแบบไม่ต้องจดบันทึก และสามารถดึงเงินคืนเข้าบัญชีหลักได้ทันที 100% เมื่อถึงกำหนดจ่ายค่าเช่าหรือบิล",0.06,MODERATE,FLEXIBLE,10630.0,5520.0,2440.0,2900.0,18590.0,0.2953,0.1533,0.0678,ผ่อนห้องชุดคอนโดมิเนียม,ผ่อนบัตรเครดิต & สินเชื่อ
ACC_0994,USER_0034,36000.0,584.73,8245.4,0.229,0.2935,8226.33,0,0,Paycheck-to-Paycheck Spender,มนุษย์เงินเดือนชนเดือน (สภาพคล่องจำกัดปลายเดือน),"First Jobber รายได้ 18,000–35,000 บาท ใช้ชีวิตเดือนชนเดือน ต้องการระบบออมเงินอัตโนมัติแบบไม่ต้องจดบันทึก และสามารถดึงเงินคืนเข้าบัญชีหลักได้ทันที 100% เมื่อถึงกำหนดจ่ายค่าเช่าหรือบิล",0.06,MODERATE,FLEXIBLE,10460.0,3990.0,1610.0,1600.0,16060.0,0.2906,0.1108,0.0447,ผ่อนห้องชุดคอนโดมิเนียม,ผ่อนค่างวดรถมอเตอร์ไซค์
ACC_0995,USER_0035,28000.0,546.1,3758.0,0.1342,0.181,7796.88,0,0,Paycheck-to-Paycheck Spender,มนุษย์เงินเดือนชนเดือน (สภาพคล่องจำกัดปลายเดือน),"First Jobber รายได้ 18,000–35,000 บาท ใช้ชีวิตเดือนชนเดือน ต้องการระบบออมเงินอัตโนมัติแบบไม่ต้องจดบันทึก และสามารถดึงเงินคืนเข้าบัญชีหลักได้ทันที 100% เมื่อถึงกำหนดจ่ายค่าเช่าหรือบิล",0.06,MODERATE,FLEXIBLE,8150.0,2900.0,2270.0,3300.0,13320.0,0.2911,0.1036,0.0811,เช่าอพาร์ตเมนต์ชานเมือง,ผ่อนค่างวดรถมอเตอร์ไซค์
ACC_0996,USER_0036,36000.0,605.64,7887.2,0.2191,0.2611,5164.21,0,0,Paycheck-to-Paycheck Spender,มนุษย์เงินเดือนชนเดือน (สภาพคล่องจำกัดปลายเดือน),"First Jobber รายได้ 18,000–35,000 บาท ใช้ชีวิตเดือนชนเดือน ต้องการระบบออมเงินอัตโนมัติแบบไม่ต้องจดบันทึก และสามารถดึงเงินคืนเข้าบัญชีหลักได้ทันที 100% เมื่อถึงกำหนดจ่ายค่าเช่าหรือบิล",0.06,MODERATE,FLEXIBLE,8760.0,5580.0,1660.0,2700.0,16000.0,0.2433,0.155,0.0461,เช่าอพาร์ตเมนต์ชานเมือง,ผ่อนสมาร์ตโฟน & แท็บเล็ต
ACC_0997,USER_0037,24000.0,601.5,6590.0,0.2746,0.2094,9129.67,0,1,High-Yield Seeker Novice,ผู้แสวงหาผลตอบแทนสูง (มีเงินเก็บ ต้องการดอกเบี้ยสูง),"First Jobber รายได้ 24,000–45,000 บาท มีเงินเก็บก้อนแรก 30,000–100,000 บาท มองหาผลตอบแทนดอกเบี้ยสูง ป้องกันความเสี่ยงจากการหลอกลงทุนด้วย Protected Vault Protocol",0.12,HIGH,MAXIMUM,4020.0,0.0,1360.0,7300.0,5380.0,0.1675,0.0,0.0567,เช่าอพาร์ตเมนต์ราคาประหยัด,ไม่มีหนี้ผ่อนชำระ
ACC_0998,USER_0038,20000.0,595.73,2175.4,0.1088,0.2054,17305.0,0,1,High-Yield Seeker Novice,ผู้แสวงหาผลตอบแทนสูง (มีเงินเก็บ ต้องการดอกเบี้ยสูง),"First Jobber รายได้ 24,000–45,000 บาท มีเงินเก็บก้อนแรก 30,000–100,000 บาท มองหาผลตอบแทนดอกเบี้ยสูง ป้องกันความเสี่ยงจากการหลอกลงทุนด้วย Protected Vault Protocol",0.12,HIGH,MAXIMUM,4040.0,1000.0,870.0,7400.0,5910.0,0.202,0.05,0.0435,เช่าอพาร์ตเมนต์ราคาประหยัด,ผ่อนสมาร์ตโฟน 0%
ACC_0999,USER_0039,32000.0,594.74,3515.2,0.1098,0.2524,14854.85,0,0,Paycheck-to-Paycheck Spender,มนุษย์เงินเดือนชนเดือน (สภาพคล่องจำกัดปลายเดือน),"First Jobber รายได้ 18,000–35,000 บาท ใช้ชีวิตเดือนชนเดือน ต้องการระบบออมเงินอัตโนมัติแบบไม่ต้องจดบันทึก และสามารถดึงเงินคืนเข้าบัญชีหลักได้ทันที 100% เมื่อถึงกำหนดจ่ายค่าเช่าหรือบิล",0.06,MODERATE,FLEXIBLE,8590.0,5720.0,2280.0,2000.0,16590.0,0.2684,0.1788,0.0712,เช่าคอนโดติดรถไฟฟ้า,ผ่อนค่างวดรถมอเตอร์ไซค์
ACC_1000,USER_0040,24000.0,681.58,2028.4,0.0845,0.2289,12457.43,0,1,High-Yield Seeker Novice,ผู้แสวงหาผลตอบแทนสูง (มีเงินเก็บ ต้องการดอกเบี้ยสูง),"First Jobber รายได้ 24,000–45,000 บาท มีเงินเก็บก้อนแรก 30,000–100,000 บาท มองหาผลตอบแทนดอกเบี้ยสูง ป้องกันความเสี่ยงจากการหลอกลงทุนด้วย Protected Vault Protocol",0.12,HIGH,MAXIMUM,5260.0,2160.0,920.0,8400.0,8340.0,0.2192,0.09,0.0383,พักกับครอบครัว/ที่บ้าน,ผ่อนสมาร์ตโฟน 0%
ACC_1001,USER_0041,28000.0,584.79,5144.2,0.1837,0.2801,6899.71,0,0,Paycheck-to-Paycheck Spender,มนุษย์เงินเดือนชนเดือน (สภาพคล่องจำกัดปลายเดือน),"First Jobber รายได้ 18,000–35,000 บาท ใช้ชีวิตเดือนชนเดือน ต้องการระบบออมเงินอัตโนมัติแบบไม่ต้องจดบันทึก และสามารถดึงเงินคืนเข้าบัญชีหลักได้ทันที 100% เมื่อถึงกำหนดจ่ายค่าเช่าหรือบิล",0.06,MODERATE,FLEXIBLE,6180.0,3370.0,1610.0,3100.0,11160.0,0.2207,0.1204,0.0575,ผ่อนห้องชุดคอนโดมิเนียม,ผ่อนสมาร์ตโฟน & แท็บเล็ต
ACC_1002,USER_0042,36000.0,629.39,4132.2,0.1148,0.1914,4063.81,0,0,Paycheck-to-Paycheck Spender,มนุษย์เงินเดือนชนเดือน (สภาพคล่องจำกัดปลายเดือน),"First Jobber รายได้ 18,000–35,000 บาท ใช้ชีวิตเดือนชนเดือน ต้องการระบบออมเงินอัตโนมัติแบบไม่ต้องจดบันทึก และสามารถดึงเงินคืนเข้าบัญชีหลักได้ทันที 100% เมื่อถึงกำหนดจ่ายค่าเช่าหรือบิล",0.06,MODERATE,FLEXIBLE,11490.0,6310.0,1480.0,2600.0,19280.0,0.3192,0.1753,0.0411,ผ่อนห้องชุดคอนโดมิเนียม,ผ่อนหนี้ กยศ.
ACC_1003,USER_0043,20000.0,554.81,4393.8,0.2197,0.2122,11564.89,0,1,High-Yield Seeker Novice,ผู้แสวงหาผลตอบแทนสูง (มีเงินเก็บ ต้องการดอกเบี้ยสูง),"First Jobber รายได้ 24,000–45,000 บาท มีเงินเก็บก้อนแรก 30,000–100,000 บาท มองหาผลตอบแทนดอกเบี้ยสูง ป้องกันความเสี่ยงจากการหลอกลงทุนด้วย Protected Vault Protocol",0.12,HIGH,MAXIMUM,3490.0,0.0,1020.0,6500.0,4510.0,0.1745,0.0,0.051,เช่าห้องพักสไตล์มินิมอล,ไม่มีหนี้ผ่อนชำระ
ACC_1004,USER_0044,32000.0,593.95,2881.0,0.09,0.2257,2623.23,0,0,Paycheck-to-Paycheck Spender,มนุษย์เงินเดือนชนเดือน (สภาพคล่องจำกัดปลายเดือน),"First Jobber รายได้ 18,000–35,000 บาท ใช้ชีวิตเดือนชนเดือน ต้องการระบบออมเงินอัตโนมัติแบบไม่ต้องจดบันทึก และสามารถดึงเงินคืนเข้าบัญชีหลักได้ทันที 100% เมื่อถึงกำหนดจ่ายค่าเช่าหรือบิล",0.06,MODERATE,FLEXIBLE,9840.0,5460.0,1940.0,2200.0,17240.0,0.3075,0.1706,0.0606,เช่าอพาร์ตเมนต์ชานเมือง,ผ่อนบัตรเครดิต & สินเชื่อ
ACC_1005,USER_0045,32000.0,681.27,3844.6,0.1201,0.2552,12547.43,0,0,Paycheck-to-Paycheck Spender,มนุษย์เงินเดือนชนเดือน (สภาพคล่องจำกัดปลายเดือน),"First Jobber รายได้ 18,000–35,000 บาท ใช้ชีวิตเดือนชนเดือน ต้องการระบบออมเงินอัตโนมัติแบบไม่ต้องจดบันทึก และสามารถดึงเงินคืนเข้าบัญชีหลักได้ทันที 100% เมื่อถึงกำหนดจ่ายค่าเช่าหรือบิล",0.06,MODERATE,FLEXIBLE,10090.0,2750.0,1690.0,2100.0,14530.0,0.3153,0.0859,0.0528,เช่าอพาร์ตเมนต์ชานเมือง,ผ่อนหนี้ กยศ.
ACC_1006,USER_0046,28000.0,571.24,4065.2,0.1452,0.2158,13890.04,0,0,Paycheck-to-Paycheck Spender,มนุษย์เงินเดือนชนเดือน (สภาพคล่องจำกัดปลายเดือน),"First Jobber รายได้ 18,000–35,000 บาท ใช้ชีวิตเดือนชนเดือน ต้องการระบบออมเงินอัตโนมัติแบบไม่ต้องจดบันทึก และสามารถดึงเงินคืนเข้าบัญชีหลักได้ทันที 100% เมื่อถึงกำหนดจ่ายค่าเช่าหรือบิล",0.06,MODERATE,FLEXIBLE,6620.0,4430.0,1460.0,2800.0,12510.0,0.2364,0.1582,0.0521,ผ่อนห้องชุดคอนโดมิเนียม,ผ่อนบัตรเครดิต & สินเชื่อ
ACC_1007,USER_0047,36000.0,580.43,8521.4,0.2367,0.2215,10772.0,0,0,Paycheck-to-Paycheck Spender,มนุษย์เงินเดือนชนเดือน (สภาพคล่องจำกัดปลายเดือน),"First Jobber รายได้ 18,000–35,000 บาท ใช้ชีวิตเดือนชนเดือน ต้องการระบบออมเงินอัตโนมัติแบบไม่ต้องจดบันทึก และสามารถดึงเงินคืนเข้าบัญชีหลักได้ทันที 100% เมื่อถึงกำหนดจ่ายค่าเช่าหรือบิล",0.06,MODERATE,FLEXIBLE,8170.0,6150.0,1550.0,3100.0,15870.0,0.2269,0.1708,0.0431,เช่าคอนโดติดรถไฟฟ้า,ผ่อนสมาร์ตโฟน & แท็บเล็ต
ACC_1008,USER_0048,24000.0,609.46,5100.8,0.2125,0.2578,11824.04,0,1,High-Yield Seeker Novice,ผู้แสวงหาผลตอบแทนสูง (มีเงินเก็บ ต้องการดอกเบี้ยสูง),"First Jobber รายได้ 24,000–45,000 บาท มีเงินเก็บก้อนแรก 30,000–100,000 บาท มองหาผลตอบแทนดอกเบี้ยสูง ป้องกันความเสี่ยงจากการหลอกลงทุนด้วย Protected Vault Protocol",0.12,HIGH,MAXIMUM,3510.0,2160.0,1040.0,9200.0,6710.0,0.1462,0.09,0.0433,เช่าอพาร์ตเมนต์ราคาประหยัด,ผ่อนสมาร์ตโฟน 0%
ACC_1009,USER_0049,36000.0,618.64,8877.2,0.2466,0.2469,11838.08,0,0,Paycheck-to-Paycheck Spender,มนุษย์เงินเดือนชนเดือน (สภาพคล่องจำกัดปลายเดือน),"First Jobber รายได้ 18,000–35,000 บาท ใช้ชีวิตเดือนชนเดือน ต้องการระบบออมเงินอัตโนมัติแบบไม่ต้องจดบันทึก และสามารถดึงเงินคืนเข้าบัญชีหลักได้ทันที 100% เมื่อถึงกำหนดจ่ายค่าเช่าหรือบิล",0.06,MODERATE,FLEXIBLE,9660.0,3640.0,1450.0,3200.0,14750.0,0.2683,0.1011,0.0403,ผ่อนห้องชุดคอนโดมิเนียม,ผ่อนบัตรเครดิต & สินเชื่อ
ACC_1010,USER_0050,36000.0,621.09,5068.2,0.1408,0.2838,8308.1,0,0,Paycheck-to-Paycheck Spender,มนุษย์เงินเดือนชนเดือน (สภาพคล่องจำกัดปลายเดือน),"First Jobber รายได้ 18,000–35,000 บาท ใช้ชีวิตเดือนชนเดือน ต้องการระบบออมเงินอัตโนมัติแบบไม่ต้องจดบันทึก และสามารถดึงเงินคืนเข้าบัญชีหลักได้ทันที 100% เมื่อถึงกำหนดจ่ายค่าเช่าหรือบิล",0.06,MODERATE,FLEXIBLE,10870.0,6080.0,1560.0,2100.0,18510.0,0.3019,0.1689,0.0433,ผ่อนห้องชุดคอนโดมิเนียม,ผ่อนสมาร์ตโฟน & แท็บเล็ต
ACC_1011,USER_0051,20000.0,630.72,2725.6,0.1363,0.1649,12490.89,0,1,High-Yield Seeker Novice,ผู้แสวงหาผลตอบแทนสูง (มีเงินเก็บ ต้องการดอกเบี้ยสูง),"First Jobber รายได้ 24,000–45,000 บาท มีเงินเก็บก้อนแรก 30,000–100,000 บาท มองหาผลตอบแทนดอกเบี้ยสูง ป้องกันความเสี่ยงจากการหลอกลงทุนด้วย Protected Vault Protocol",0.12,HIGH,MAXIMUM,3400.0,0.0,1260.0,5400.0,4660.0,0.17,0.0,0.063,เช่าอพาร์ตเมนต์ราคาประหยัด,ไม่มีหนี้ผ่อนชำระ
ACC_1012,USER_0052,28000.0,637.32,2473.6,0.0883,0.1736,2427.67,0,0,Paycheck-to-Paycheck Spender,มนุษย์เงินเดือนชนเดือน (สภาพคล่องจำกัดปลายเดือน),"First Jobber รายได้ 18,000–35,000 บาท ใช้ชีวิตเดือนชนเดือน ต้องการระบบออมเงินอัตโนมัติแบบไม่ต้องจดบันทึก และสามารถดึงเงินคืนเข้าบัญชีหลักได้ทันที 100% เมื่อถึงกำหนดจ่ายค่าเช่าหรือบิล",0.06,MODERATE,FLEXIBLE,8120.0,2780.0,1880.0,3200.0,12780.0,0.29,0.0993,0.0671,เช่าอพาร์ตเมนต์ชานเมือง,ผ่อนค่างวดรถมอเตอร์ไซค์
ACC_1013,USER_0053,28000.0,664.2,1856.0,0.0663,0.2227,10912.62,0,0,Paycheck-to-Paycheck Spender,มนุษย์เงินเดือนชนเดือน (สภาพคล่องจำกัดปลายเดือน),"First Jobber รายได้ 18,000–35,000 บาท ใช้ชีวิตเดือนชนเดือน ต้องการระบบออมเงินอัตโนมัติแบบไม่ต้องจดบันทึก และสามารถดึงเงินคืนเข้าบัญชีหลักได้ทันที 100% เมื่อถึงกำหนดจ่ายค่าเช่าหรือบิล",0.06,MODERATE,FLEXIBLE,7310.0,4100.0,1450.0,2300.0,12860.0,0.2611,0.1464,0.0518,ผ่อนห้องชุดคอนโดมิเนียม,ผ่อนสมาร์ตโฟน & แท็บเล็ต
ACC_1014,USER_0054,32000.0,566.37,7222.6,0.2257,0.2022,5708.79,0,0,Paycheck-to-Paycheck Spender,มนุษย์เงินเดือนชนเดือน (สภาพคล่องจำกัดปลายเดือน),"First Jobber รายได้ 18,000–35,000 บาท ใช้ชีวิตเดือนชนเดือน ต้องการระบบออมเงินอัตโนมัติแบบไม่ต้องจดบันทึก และสามารถดึงเงินคืนเข้าบัญชีหลักได้ทันที 100% เมื่อถึงกำหนดจ่ายค่าเช่าหรือบิล",0.06,MODERATE,FLEXIBLE,7750.0,3160.0,2540.0,1900.0,13450.0,0.2422,0.0988,0.0794,ผ่อนห้องชุดคอนโดมิเนียม,ผ่อนค่างวดรถมอเตอร์ไซค์
ACC_1015,USER_0055,24000.0,573.3,850.0,0.0354,0.2168,12040.18,0,0,Paycheck-to-Paycheck Spender,มนุษย์เงินเดือนชนเดือน (สภาพคล่องจำกัดปลายเดือน),"First Jobber รายได้ 18,000–35,000 บาท ใช้ชีวิตเดือนชนเดือน ต้องการระบบออมเงินอัตโนมัติแบบไม่ต้องจดบันทึก และสามารถดึงเงินคืนเข้าบัญชีหลักได้ทันที 100% เมื่อถึงกำหนดจ่ายค่าเช่าหรือบิล",0.06,MODERATE,FLEXIBLE,7610.0,3680.0,2210.0,3200.0,13500.0,0.3171,0.1533,0.0921,ผ่อนห้องชุดคอนโดมิเนียม,ผ่อนบัตรเครดิต & สินเชื่อ
ACC_1016,USER_0056,24000.0,537.15,7067.0,0.2945,0.2243,15418.18,0,1,High-Yield Seeker Novice,ผู้แสวงหาผลตอบแทนสูง (มีเงินเก็บ ต้องการดอกเบี้ยสูง),"First Jobber รายได้ 24,000–45,000 บาท มีเงินเก็บก้อนแรก 30,000–100,000 บาท มองหาผลตอบแทนดอกเบี้ยสูง ป้องกันความเสี่ยงจากการหลอกลงทุนด้วย Protected Vault Protocol",0.12,HIGH,MAXIMUM,4720.0,0.0,1470.0,7300.0,6190.0,0.1967,0.0,0.0612,พักกับครอบครัว/ที่บ้าน,ไม่มีหนี้ผ่อนชำระ
ACC_1017,USER_0057,28000.0,546.6,3678.0,0.1314,0.2374,3800.57,0,0,Paycheck-to-Paycheck Spender,มนุษย์เงินเดือนชนเดือน (สภาพคล่องจำกัดปลายเดือน),"First Jobber รายได้ 18,000–35,000 บาท ใช้ชีวิตเดือนชนเดือน ต้องการระบบออมเงินอัตโนมัติแบบไม่ต้องจดบันทึก และสามารถดึงเงินคืนเข้าบัญชีหลักได้ทันที 100% เมื่อถึงกำหนดจ่ายค่าเช่าหรือบิล",0.06,MODERATE,FLEXIBLE,7230.0,4410.0,1750.0,2800.0,13390.0,0.2582,0.1575,0.0625,ผ่อนห้องชุดคอนโดมิเนียม,ผ่อนบัตรเครดิต & สินเชื่อ
ACC_1018,USER_0058,36000.0,633.13,6137.4,0.1705,0.2531,3295.48,0,0,Paycheck-to-Paycheck Spender,มนุษย์เงินเดือนชนเดือน (สภาพคล่องจำกัดปลายเดือน),"First Jobber รายได้ 18,000–35,000 บาท ใช้ชีวิตเดือนชนเดือน ต้องการระบบออมเงินอัตโนมัติแบบไม่ต้องจดบันทึก และสามารถดึงเงินคืนเข้าบัญชีหลักได้ทันที 100% เมื่อถึงกำหนดจ่ายค่าเช่าหรือบิล",0.06,MODERATE,FLEXIBLE,8450.0,6260.0,2490.0,3300.0,17200.0,0.2347,0.1739,0.0692,ผ่อนห้องชุดคอนโดมิเนียม,ผ่อนสมาร์ตโฟน & แท็บเล็ต
ACC_1019,USER_0059,24000.0,602.32,4353.6,0.1814,0.2398,7182.71,0,1,High-Yield Seeker Novice,ผู้แสวงหาผลตอบแทนสูง (มีเงินเก็บ ต้องการดอกเบี้ยสูง),"First Jobber รายได้ 24,000–45,000 บาท มีเงินเก็บก้อนแรก 30,000–100,000 บาท มองหาผลตอบแทนดอกเบี้ยสูง ป้องกันความเสี่ยงจากการหลอกลงทุนด้วย Protected Vault Protocol",0.12,HIGH,MAXIMUM,5130.0,1200.0,1270.0,8200.0,7600.0,0.2138,0.05,0.0529,พักกับครอบครัว/ที่บ้าน,ผ่อนสมาร์ตโฟน 0%
ACC_1020,USER_0060,20000.0,607.84,1683.2,0.0842,0.2331,14143.25,0,1,High-Yield Seeker Novice,ผู้แสวงหาผลตอบแทนสูง (มีเงินเก็บ ต้องการดอกเบี้ยสูง),"First Jobber รายได้ 24,000–45,000 บาท มีเงินเก็บก้อนแรก 30,000–100,000 บาท มองหาผลตอบแทนดอกเบี้ยสูง ป้องกันความเสี่ยงจากการหลอกลงทุนด้วย Protected Vault Protocol",0.12,HIGH,MAXIMUM,3790.0,1000.0,1370.0,7500.0,6160.0,0.1895,0.05,0.0685,เช่าห้องพักสไตล์มินิมอล,ผ่อนสมาร์ตโฟน 0%
ACC_1021,USER_0061,32000.0,572.95,7861.0,0.2457,0.2057,13204.46,0,0,Paycheck-to-Paycheck Spender,มนุษย์เงินเดือนชนเดือน (สภาพคล่องจำกัดปลายเดือน),"First Jobber รายได้ 18,000–35,000 บาท ใช้ชีวิตเดือนชนเดือน ต้องการระบบออมเงินอัตโนมัติแบบไม่ต้องจดบันทึก และสามารถดึงเงินคืนเข้าบัญชีหลักได้ทันที 100% เมื่อถึงกำหนดจ่ายค่าเช่าหรือบิล",0.06,MODERATE,FLEXIBLE,7670.0,3320.0,1690.0,2800.0,12680.0,0.2397,0.1038,0.0528,เช่าคอนโดติดรถไฟฟ้า,ผ่อนค่างวดรถมอเตอร์ไซค์
ACC_1022,USER_0062,28000.0,670.92,1281.6,0.0458,0.218,4188.86,0,0,Paycheck-to-Paycheck Spender,มนุษย์เงินเดือนชนเดือน (สภาพคล่องจำกัดปลายเดือน),"First Jobber รายได้ 18,000–35,000 บาท ใช้ชีวิตเดือนชนเดือน ต้องการระบบออมเงินอัตโนมัติแบบไม่ต้องจดบันทึก และสามารถดึงเงินคืนเข้าบัญชีหลักได้ทันที 100% เมื่อถึงกำหนดจ่ายค่าเช่าหรือบิล",0.06,MODERATE,FLEXIBLE,7180.0,4550.0,1570.0,2400.0,13300.0,0.2564,0.1625,0.0561,เช่าอพาร์ตเมนต์ชานเมือง,ผ่อนสมาร์ตโฟน & แท็บเล็ต
ACC_1023,USER_0063,32000.0,581.58,7388.4,0.2309,0.266,16625.12,0,0,Paycheck-to-Paycheck Spender,มนุษย์เงินเดือนชนเดือน (สภาพคล่องจำกัดปลายเดือน),"First Jobber รายได้ 18,000–35,000 บาท ใช้ชีวิตเดือนชนเดือน ต้องการระบบออมเงินอัตโนมัติแบบไม่ต้องจดบันทึก และสามารถดึงเงินคืนเข้าบัญชีหลักได้ทันที 100% เมื่อถึงกำหนดจ่ายค่าเช่าหรือบิล",0.06,MODERATE,FLEXIBLE,7620.0,2910.0,2450.0,2200.0,12980.0,0.2381,0.0909,0.0766,ผ่อนห้องชุดคอนโดมิเนียม,ผ่อนค่างวดรถมอเตอร์ไซค์
ACC_1024,USER_0064,28000.0,662.49,2640.2,0.0943,0.2736,12363.06,0,0,Paycheck-to-Paycheck Spender,มนุษย์เงินเดือนชนเดือน (สภาพคล่องจำกัดปลายเดือน),"First Jobber รายได้ 18,000–35,000 บาท ใช้ชีวิตเดือนชนเดือน ต้องการระบบออมเงินอัตโนมัติแบบไม่ต้องจดบันทึก และสามารถดึงเงินคืนเข้าบัญชีหลักได้ทันที 100% เมื่อถึงกำหนดจ่ายค่าเช่าหรือบิล",0.06,MODERATE,FLEXIBLE,6230.0,4170.0,1710.0,1600.0,12110.0,0.2225,0.1489,0.0611,เช่าคอนโดติดรถไฟฟ้า,ผ่อนค่างวดรถมอเตอร์ไซค์
ACC_1025,USER_0065,24000.0,567.52,7919.6,0.33,0.3006,11635.98,0,1,High-Yield Seeker Novice,ผู้แสวงหาผลตอบแทนสูง (มีเงินเก็บ ต้องการดอกเบี้ยสูง),"First Jobber รายได้ 24,000–45,000 บาท มีเงินเก็บก้อนแรก 30,000–100,000 บาท มองหาผลตอบแทนดอกเบี้ยสูง ป้องกันความเสี่ยงจากการหลอกลงทุนด้วย Protected Vault Protocol",0.12,HIGH,MAXIMUM,3820.0,0.0,910.0,5300.0,4730.0,0.1592,0.0,0.0379,เช่าห้องพักสไตล์มินิมอล,ไม่มีหนี้ผ่อนชำระ
ACC_1026,USER_0066,32000.0,640.66,5076.8,0.1587,0.2795,7626.35,0,0,Paycheck-to-Paycheck Spender,มนุษย์เงินเดือนชนเดือน (สภาพคล่องจำกัดปลายเดือน),"First Jobber รายได้ 18,000–35,000 บาท ใช้ชีวิตเดือนชนเดือน ต้องการระบบออมเงินอัตโนมัติแบบไม่ต้องจดบันทึก และสามารถดึงเงินคืนเข้าบัญชีหลักได้ทันที 100% เมื่อถึงกำหนดจ่ายค่าเช่าหรือบิล",0.06,MODERATE,FLEXIBLE,7330.0,5470.0,1310.0,2500.0,14110.0,0.2291,0.1709,0.0409,เช่าอพาร์ตเมนต์ชานเมือง,ผ่อนค่างวดรถมอเตอร์ไซค์
ACC_1027,USER_0067,20000.0,557.06,2798.8,0.1399,0.1738,3752.05,0,1,High-Yield Seeker Novice,ผู้แสวงหาผลตอบแทนสูง (มีเงินเก็บ ต้องการดอกเบี้ยสูง),"First Jobber รายได้ 24,000–45,000 บาท มีเงินเก็บก้อนแรก 30,000–100,000 บาท มองหาผลตอบแทนดอกเบี้ยสูง ป้องกันความเสี่ยงจากการหลอกลงทุนด้วย Protected Vault Protocol",0.12,HIGH,MAXIMUM,3290.0,1800.0,970.0,9800.0,6060.0,0.1645,0.09,0.0485,พักกับครอบครัว/ที่บ้าน,ผ่อนสมาร์ตโฟน 0%
ACC_1028,USER_0068,32000.0,691.61,4707.8,0.1471,0.2699,13531.55,0,0,Paycheck-to-Paycheck Spender,มนุษย์เงินเดือนชนเดือน (สภาพคล่องจำกัดปลายเดือน),"First Jobber รายได้ 18,000–35,000 บาท ใช้ชีวิตเดือนชนเดือน ต้องการระบบออมเงินอัตโนมัติแบบไม่ต้องจดบันทึก และสามารถดึงเงินคืนเข้าบัญชีหลักได้ทันที 100% เมื่อถึงกำหนดจ่ายค่าเช่าหรือบิล",0.06,MODERATE,FLEXIBLE,7810.0,3980.0,1670.0,1700.0,13460.0,0.2441,0.1244,0.0522,เช่าคอนโดติดรถไฟฟ้า,ผ่อนสมาร์ตโฟน & แท็บเล็ต
ACC_1029,USER_0069,28000.0,620.73,2225.4,0.0795,0.2781,2656.64,0,0,Paycheck-to-Paycheck Spender,มนุษย์เงินเดือนชนเดือน (สภาพคล่องจำกัดปลายเดือน),"First Jobber รายได้ 18,000–35,000 บาท ใช้ชีวิตเดือนชนเดือน ต้องการระบบออมเงินอัตโนมัติแบบไม่ต้องจดบันทึก และสามารถดึงเงินคืนเข้าบัญชีหลักได้ทันที 100% เมื่อถึงกำหนดจ่ายค่าเช่าหรือบิล",0.06,MODERATE,FLEXIBLE,8200.0,3080.0,2080.0,1900.0,13360.0,0.2929,0.11,0.0743,เช่าอพาร์ตเมนต์ชานเมือง,ผ่อนบัตรเครดิต & สินเชื่อ
ACC_1030,USER_0070,28000.0,561.11,6097.8,0.2178,0.2697,9281.02,0,0,Paycheck-to-Paycheck Spender,มนุษย์เงินเดือนชนเดือน (สภาพคล่องจำกัดปลายเดือน),"First Jobber รายได้ 18,000–35,000 บาท ใช้ชีวิตเดือนชนเดือน ต้องการระบบออมเงินอัตโนมัติแบบไม่ต้องจดบันทึก และสามารถดึงเงินคืนเข้าบัญชีหลักได้ทันที 100% เมื่อถึงกำหนดจ่ายค่าเช่าหรือบิล",0.06,MODERATE,FLEXIBLE,6480.0,2250.0,1950.0,2700.0,10680.0,0.2314,0.0804,0.0696,ผ่อนห้องชุดคอนโดมิเนียม,ผ่อนหนี้ กยศ.
ACC_1031,USER_0071,32000.0,637.3,6534.0,0.2042,0.1937,2016.29,0,0,Paycheck-to-Paycheck Spender,มนุษย์เงินเดือนชนเดือน (สภาพคล่องจำกัดปลายเดือน),"First Jobber รายได้ 18,000–35,000 บาท ใช้ชีวิตเดือนชนเดือน ต้องการระบบออมเงินอัตโนมัติแบบไม่ต้องจดบันทึก และสามารถดึงเงินคืนเข้าบัญชีหลักได้ทันที 100% เมื่อถึงกำหนดจ่ายค่าเช่าหรือบิล",0.06,MODERATE,FLEXIBLE,7210.0,3560.0,1950.0,1900.0,12720.0,0.2253,0.1112,0.0609,ผ่อนห้องชุดคอนโดมิเนียม,ผ่อนหนี้ กยศ.
ACC_1032,USER_0072,32000.0,638.68,5586.4,0.1746,0.2109,8836.51,0,0,Paycheck-to-Paycheck Spender,มนุษย์เงินเดือนชนเดือน (สภาพคล่องจำกัดปลายเดือน),"First Jobber รายได้ 18,000–35,000 บาท ใช้ชีวิตเดือนชนเดือน ต้องการระบบออมเงินอัตโนมัติแบบไม่ต้องจดบันทึก และสามารถดึงเงินคืนเข้าบัญชีหลักได้ทันที 100% เมื่อถึงกำหนดจ่ายค่าเช่าหรือบิล",0.06,MODERATE,FLEXIBLE,7320.0,4120.0,2200.0,2000.0,13640.0,0.2288,0.1288,0.0688,เช่าคอนโดติดรถไฟฟ้า,ผ่อนสมาร์ตโฟน & แท็บเล็ต
ACC_1033,USER_0073,28000.0,645.23,1355.4,0.0484,0.2815,9790.93,0,0,Paycheck-to-Paycheck Spender,มนุษย์เงินเดือนชนเดือน (สภาพคล่องจำกัดปลายเดือน),"First Jobber รายได้ 18,000–35,000 บาท ใช้ชีวิตเดือนชนเดือน ต้องการระบบออมเงินอัตโนมัติแบบไม่ต้องจดบันทึก และสามารถดึงเงินคืนเข้าบัญชีหลักได้ทันที 100% เมื่อถึงกำหนดจ่ายค่าเช่าหรือบิล",0.06,MODERATE,FLEXIBLE,8480.0,2770.0,2490.0,2600.0,13740.0,0.3029,0.0989,0.0889,เช่าคอนโดติดรถไฟฟ้า,ผ่อนค่างวดรถมอเตอร์ไซค์
ACC_1034,USER_0074,24000.0,613.66,5626.8,0.2344,0.2086,14894.07,0,1,High-Yield Seeker Novice,ผู้แสวงหาผลตอบแทนสูง (มีเงินเก็บ ต้องการดอกเบี้ยสูง),"First Jobber รายได้ 24,000–45,000 บาท มีเงินเก็บก้อนแรก 30,000–100,000 บาท มองหาผลตอบแทนดอกเบี้ยสูง ป้องกันความเสี่ยงจากการหลอกลงทุนด้วย Protected Vault Protocol",0.12,HIGH,MAXIMUM,4920.0,0.0,1180.0,9200.0,6100.0,0.205,0.0,0.0492,เช่าอพาร์ตเมนต์ราคาประหยัด,ไม่มีหนี้ผ่อนชำระ
ACC_1035,USER_0075,20000.0,554.35,2233.0,0.1116,0.2257,2202.56,0,1,High-Yield Seeker Novice,ผู้แสวงหาผลตอบแทนสูง (มีเงินเก็บ ต้องการดอกเบี้ยสูง),"First Jobber รายได้ 24,000–45,000 บาท มีเงินเก็บก้อนแรก 30,000–100,000 บาท มองหาผลตอบแทนดอกเบี้ยสูง ป้องกันความเสี่ยงจากการหลอกลงทุนด้วย Protected Vault Protocol",0.12,HIGH,MAXIMUM,4380.0,1000.0,1300.0,6400.0,6680.0,0.219,0.05,0.065,เช่าห้องพักสไตล์มินิมอล,ผ่อนอุปกรณ์ไอที/คอมพิวเตอร์
ACC_1036,USER_0076,36000.0,582.86,10122.8,0.2812,0.2365,14156.3,0,0,Paycheck-to-Paycheck Spender,มนุษย์เงินเดือนชนเดือน (สภาพคล่องจำกัดปลายเดือน),"First Jobber รายได้ 18,000–35,000 บาท ใช้ชีวิตเดือนชนเดือน ต้องการระบบออมเงินอัตโนมัติแบบไม่ต้องจดบันทึก และสามารถดึงเงินคืนเข้าบัญชีหลักได้ทันที 100% เมื่อถึงกำหนดจ่ายค่าเช่าหรือบิล",0.06,MODERATE,FLEXIBLE,9340.0,3060.0,1820.0,2800.0,14220.0,0.2594,0.085,0.0506,เช่าอพาร์ตเมนต์ชานเมือง,ผ่อนค่างวดรถมอเตอร์ไซค์
ACC_1037,USER_0077,36000.0,637.7,6326.0,0.1757,0.2955,11542.64,0,0,Paycheck-to-Paycheck Spender,มนุษย์เงินเดือนชนเดือน (สภาพคล่องจำกัดปลายเดือน),"First Jobber รายได้ 18,000–35,000 บาท ใช้ชีวิตเดือนชนเดือน ต้องการระบบออมเงินอัตโนมัติแบบไม่ต้องจดบันทึก และสามารถดึงเงินคืนเข้าบัญชีหลักได้ทันที 100% เมื่อถึงกำหนดจ่ายค่าเช่าหรือบิล",0.06,MODERATE,FLEXIBLE,10620.0,4170.0,2130.0,1900.0,16920.0,0.295,0.1158,0.0592,เช่าคอนโดติดรถไฟฟ้า,ผ่อนสมาร์ตโฟน & แท็บเล็ต
ACC_1038,USER_0078,20000.0,614.68,2966.4,0.1483,0.257,14870.94,0,1,High-Yield Seeker Novice,ผู้แสวงหาผลตอบแทนสูง (มีเงินเก็บ ต้องการดอกเบี้ยสูง),"First Jobber รายได้ 24,000–45,000 บาท มีเงินเก็บก้อนแรก 30,000–100,000 บาท มองหาผลตอบแทนดอกเบี้ยสูง ป้องกันความเสี่ยงจากการหลอกลงทุนด้วย Protected Vault Protocol",0.12,HIGH,MAXIMUM,3670.0,0.0,1070.0,8600.0,4740.0,0.1835,0.0,0.0535,เช่าห้องพักสไตล์มินิมอล,ไม่มีหนี้ผ่อนชำระ
ACC_1039,USER_0079,36000.0,553.41,10391.8,0.2887,0.2785,9272.98,0,0,Paycheck-to-Paycheck Spender,มนุษย์เงินเดือนชนเดือน (สภาพคล่องจำกัดปลายเดือน),"First Jobber รายได้ 18,000–35,000 บาท ใช้ชีวิตเดือนชนเดือน ต้องการระบบออมเงินอัตโนมัติแบบไม่ต้องจดบันทึก และสามารถดึงเงินคืนเข้าบัญชีหลักได้ทันที 100% เมื่อถึงกำหนดจ่ายค่าเช่าหรือบิล",0.06,MODERATE,FLEXIBLE,9290.0,3260.0,1990.0,2300.0,14540.0,0.2581,0.0906,0.0553,เช่าอพาร์ตเมนต์ชานเมือง,ผ่อนสมาร์ตโฟน & แท็บเล็ต
ACC_1040,USER_0080,36000.0,607.42,6521.6,0.1812,0.2005,15284.35,0,0,Paycheck-to-Paycheck Spender,มนุษย์เงินเดือนชนเดือน (สภาพคล่องจำกัดปลายเดือน),"First Jobber รายได้ 18,000–35,000 บาท ใช้ชีวิตเดือนชนเดือน ต้องการระบบออมเงินอัตโนมัติแบบไม่ต้องจดบันทึก และสามารถดึงเงินคืนเข้าบัญชีหลักได้ทันที 100% เมื่อถึงกำหนดจ่ายค่าเช่าหรือบิล",0.06,MODERATE,FLEXIBLE,10820.0,3960.0,2550.0,2600.0,17330.0,0.3006,0.11,0.0708,เช่าอพาร์ตเมนต์ชานเมือง,ผ่อนค่างวดรถมอเตอร์ไซค์
ACC_1041,USER_0081,20000.0,634.91,1181.8,0.0591,0.2753,2346.76,0,1,High-Yield Seeker Novice,ผู้แสวงหาผลตอบแทนสูง (มีเงินเก็บ ต้องการดอกเบี้ยสูง),"First Jobber รายได้ 24,000–45,000 บาท มีเงินเก็บก้อนแรก 30,000–100,000 บาท มองหาผลตอบแทนดอกเบี้ยสูง ป้องกันความเสี่ยงจากการหลอกลงทุนด้วย Protected Vault Protocol",0.12,HIGH,MAXIMUM,3890.0,1000.0,1230.0,6900.0,6120.0,0.1945,0.05,0.0615,พักกับครอบครัว/ที่บ้าน,ผ่อนอุปกรณ์ไอที/คอมพิวเตอร์
ACC_1042,USER_0082,28000.0,613.24,1755.2,0.0627,0.2405,7125.01,0,0,Paycheck-to-Paycheck Spender,มนุษย์เงินเดือนชนเดือน (สภาพคล่องจำกัดปลายเดือน),"First Jobber รายได้ 18,000–35,000 บาท ใช้ชีวิตเดือนชนเดือน ต้องการระบบออมเงินอัตโนมัติแบบไม่ต้องจดบันทึก และสามารถดึงเงินคืนเข้าบัญชีหลักได้ทันที 100% เมื่อถึงกำหนดจ่ายค่าเช่าหรือบิล",0.06,MODERATE,FLEXIBLE,8900.0,2920.0,2160.0,3200.0,13980.0,0.3179,0.1043,0.0771,เช่าอพาร์ตเมนต์ชานเมือง,ผ่อนค่างวดรถมอเตอร์ไซค์
ACC_1043,USER_0083,36000.0,626.15,4267.0,0.1185,0.1898,10820.57,0,0,Paycheck-to-Paycheck Spender,มนุษย์เงินเดือนชนเดือน (สภาพคล่องจำกัดปลายเดือน),"First Jobber รายได้ 18,000–35,000 บาท ใช้ชีวิตเดือนชนเดือน ต้องการระบบออมเงินอัตโนมัติแบบไม่ต้องจดบันทึก และสามารถดึงเงินคืนเข้าบัญชีหลักได้ทันที 100% เมื่อถึงกำหนดจ่ายค่าเช่าหรือบิล",0.06,MODERATE,FLEXIBLE,11010.0,6260.0,1940.0,2900.0,19210.0,0.3058,0.1739,0.0539,เช่าอพาร์ตเมนต์ชานเมือง,ผ่อนค่างวดรถมอเตอร์ไซค์
ACC_1044,USER_0084,32000.0,614.24,4155.2,0.1298,0.1863,3852.05,0,0,Paycheck-to-Paycheck Spender,มนุษย์เงินเดือนชนเดือน (สภาพคล่องจำกัดปลายเดือน),"First Jobber รายได้ 18,000–35,000 บาท ใช้ชีวิตเดือนชนเดือน ต้องการระบบออมเงินอัตโนมัติแบบไม่ต้องจดบันทึก และสามารถดึงเงินคืนเข้าบัญชีหลักได้ทันที 100% เมื่อถึงกำหนดจ่ายค่าเช่าหรือบิล",0.06,MODERATE,FLEXIBLE,8030.0,5560.0,1970.0,2500.0,15560.0,0.2509,0.1737,0.0616,เช่าอพาร์ตเมนต์ชานเมือง,ผ่อนสมาร์ตโฟน & แท็บเล็ต
ACC_1045,USER_0085,24000.0,595.74,5595.2,0.2331,0.2645,14072.9,0,1,High-Yield Seeker Novice,ผู้แสวงหาผลตอบแทนสูง (มีเงินเก็บ ต้องการดอกเบี้ยสูง),"First Jobber รายได้ 24,000–45,000 บาท มีเงินเก็บก้อนแรก 30,000–100,000 บาท มองหาผลตอบแทนดอกเบี้ยสูง ป้องกันความเสี่ยงจากการหลอกลงทุนด้วย Protected Vault Protocol",0.12,HIGH,MAXIMUM,3990.0,1200.0,1300.0,6700.0,6490.0,0.1662,0.05,0.0542,เช่าอพาร์ตเมนต์ราคาประหยัด,ผ่อนอุปกรณ์ไอที/คอมพิวเตอร์
ACC_1046,USER_0086,24000.0,540.99,6680.2,0.2783,0.2156,2028.23,0,1,High-Yield Seeker Novice,ผู้แสวงหาผลตอบแทนสูง (มีเงินเก็บ ต้องการดอกเบี้ยสูง),"First Jobber รายได้ 24,000–45,000 บาท มีเงินเก็บก้อนแรก 30,000–100,000 บาท มองหาผลตอบแทนดอกเบี้ยสูง ป้องกันความเสี่ยงจากการหลอกลงทุนด้วย Protected Vault Protocol",0.12,HIGH,MAXIMUM,5000.0,0.0,1500.0,5000.0,6500.0,0.2083,0.0,0.0625,เช่าอพาร์ตเมนต์ราคาประหยัด,ไม่มีหนี้ผ่อนชำระ
ACC_1047,USER_0087,36000.0,584.67,7946.6,0.2207,0.2073,14836.66,0,0,Paycheck-to-Paycheck Spender,มนุษย์เงินเดือนชนเดือน (สภาพคล่องจำกัดปลายเดือน),"First Jobber รายได้ 18,000–35,000 บาท ใช้ชีวิตเดือนชนเดือน ต้องการระบบออมเงินอัตโนมัติแบบไม่ต้องจดบันทึก และสามารถดึงเงินคืนเข้าบัญชีหลักได้ทันที 100% เมื่อถึงกำหนดจ่ายค่าเช่าหรือบิล",0.06,MODERATE,FLEXIBLE,10970.0,3530.0,1860.0,1800.0,16360.0,0.3047,0.0981,0.0517,ผ่อนห้องชุดคอนโดมิเนียม,ผ่อนบัตรเครดิต & สินเชื่อ
ACC_1048,USER_0088,24000.0,554.85,6313.0,0.263,0.193,11044.45,0,1,High-Yield Seeker Novice,ผู้แสวงหาผลตอบแทนสูง (มีเงินเก็บ ต้องการดอกเบี้ยสูง),"First Jobber รายได้ 24,000–45,000 บาท มีเงินเก็บก้อนแรก 30,000–100,000 บาท มองหาผลตอบแทนดอกเบี้ยสูง ป้องกันความเสี่ยงจากการหลอกลงทุนด้วย Protected Vault Protocol",0.12,HIGH,MAXIMUM,4390.0,1200.0,1000.0,5700.0,6590.0,0.1829,0.05,0.0417,เช่าห้องพักสไตล์มินิมอล,ผ่อนอุปกรณ์ไอที/คอมพิวเตอร์
ACC_1049,USER_0089,36000.0,641.46,6770.8,0.1881,0.2874,14004.08,0,0,Paycheck-to-Paycheck Spender,มนุษย์เงินเดือนชนเดือน (สภาพคล่องจำกัดปลายเดือน),"First Jobber รายได้ 18,000–35,000 บาท ใช้ชีวิตเดือนชนเดือน ต้องการระบบออมเงินอัตโนมัติแบบไม่ต้องจดบันทึก และสามารถดึงเงินคืนเข้าบัญชีหลักได้ทันที 100% เมื่อถึงกำหนดจ่ายค่าเช่าหรือบิล",0.06,MODERATE,FLEXIBLE,9080.0,4900.0,2420.0,2800.0,16400.0,0.2522,0.1361,0.0672,ผ่อนห้องชุดคอนโดมิเนียม,ผ่อนหนี้ กยศ.
ACC_1050,USER_0090,20000.0,682.37,850.0,0.0425,0.2155,16666.35,0,1,High-Yield Seeker Novice,ผู้แสวงหาผลตอบแทนสูง (มีเงินเก็บ ต้องการดอกเบี้ยสูง),"First Jobber รายได้ 24,000–45,000 บาท มีเงินเก็บก้อนแรก 30,000–100,000 บาท มองหาผลตอบแทนดอกเบี้ยสูง ป้องกันความเสี่ยงจากการหลอกลงทุนด้วย Protected Vault Protocol",0.12,HIGH,MAXIMUM,4320.0,1000.0,1550.0,7400.0,6870.0,0.216,0.05,0.0775,พักกับครอบครัว/ที่บ้าน,ผ่อนอุปกรณ์ไอที/คอมพิวเตอร์
ACC_1051,USER_0091,32000.0,564.01,7169.8,0.2241,0.2859,10109.74,0,0,Paycheck-to-Paycheck Spender,มนุษย์เงินเดือนชนเดือน (สภาพคล่องจำกัดปลายเดือน),"First Jobber รายได้ 18,000–35,000 บาท ใช้ชีวิตเดือนชนเดือน ต้องการระบบออมเงินอัตโนมัติแบบไม่ต้องจดบันทึก และสามารถดึงเงินคืนเข้าบัญชีหลักได้ทันที 100% เมื่อถึงกำหนดจ่ายค่าเช่าหรือบิล",0.06,MODERATE,FLEXIBLE,7210.0,4880.0,1460.0,2100.0,13550.0,0.2253,0.1525,0.0456,ผ่อนห้องชุดคอนโดมิเนียม,ผ่อนบัตรเครดิต & สินเชื่อ
ACC_1052,USER_0092,32000.0,577.47,5600.6,0.175,0.2468,12648.24,0,0,Paycheck-to-Paycheck Spender,มนุษย์เงินเดือนชนเดือน (สภาพคล่องจำกัดปลายเดือน),"First Jobber รายได้ 18,000–35,000 บาท ใช้ชีวิตเดือนชนเดือน ต้องการระบบออมเงินอัตโนมัติแบบไม่ต้องจดบันทึก และสามารถดึงเงินคืนเข้าบัญชีหลักได้ทันที 100% เมื่อถึงกำหนดจ่ายค่าเช่าหรือบิล",0.06,MODERATE,FLEXIBLE,8850.0,4480.0,1520.0,2300.0,14850.0,0.2766,0.14,0.0475,เช่าอพาร์ตเมนต์ชานเมือง,ผ่อนบัตรเครดิต & สินเชื่อ
ACC_1053,USER_0093,20000.0,647.18,850.0,0.0425,0.2868,12308.7,0,1,High-Yield Seeker Novice,ผู้แสวงหาผลตอบแทนสูง (มีเงินเก็บ ต้องการดอกเบี้ยสูง),"First Jobber รายได้ 24,000–45,000 บาท มีเงินเก็บก้อนแรก 30,000–100,000 บาท มองหาผลตอบแทนดอกเบี้ยสูง ป้องกันความเสี่ยงจากการหลอกลงทุนด้วย Protected Vault Protocol",0.12,HIGH,MAXIMUM,4350.0,1000.0,1540.0,8700.0,6890.0,0.2175,0.05,0.077,พักกับครอบครัว/ที่บ้าน,ผ่อนอุปกรณ์ไอที/คอมพิวเตอร์
ACC_1054,USER_0094,20000.0,629.01,1989.8,0.0995,0.2197,15610.44,0,1,High-Yield Seeker Novice,ผู้แสวงหาผลตอบแทนสูง (มีเงินเก็บ ต้องการดอกเบี้ยสูง),"First Jobber รายได้ 24,000–45,000 บาท มีเงินเก็บก้อนแรก 30,000–100,000 บาท มองหาผลตอบแทนดอกเบี้ยสูง ป้องกันความเสี่ยงจากการหลอกลงทุนด้วย Protected Vault Protocol",0.12,HIGH,MAXIMUM,3110.0,1000.0,1320.0,7800.0,5430.0,0.1555,0.05,0.066,เช่าห้องพักสไตล์มินิมอล,ผ่อนอุปกรณ์ไอที/คอมพิวเตอร์
ACC_1055,USER_0095,20000.0,598.3,3144.0,0.1572,0.2141,7732.17,0,1,High-Yield Seeker Novice,ผู้แสวงหาผลตอบแทนสูง (มีเงินเก็บ ต้องการดอกเบี้ยสูง),"First Jobber รายได้ 24,000–45,000 บาท มีเงินเก็บก้อนแรก 30,000–100,000 บาท มองหาผลตอบแทนดอกเบี้ยสูง ป้องกันความเสี่ยงจากการหลอกลงทุนด้วย Protected Vault Protocol",0.12,HIGH,MAXIMUM,3650.0,0.0,1240.0,5600.0,4890.0,0.1825,0.0,0.062,เช่าห้องพักสไตล์มินิมอล,ไม่มีหนี้ผ่อนชำระ
ACC_1056,USER_0096,24000.0,599.79,6414.2,0.2673,0.1925,8113.78,0,1,High-Yield Seeker Novice,ผู้แสวงหาผลตอบแทนสูง (มีเงินเก็บ ต้องการดอกเบี้ยสูง),"First Jobber รายได้ 24,000–45,000 บาท มีเงินเก็บก้อนแรก 30,000–100,000 บาท มองหาผลตอบแทนดอกเบี้ยสูง ป้องกันความเสี่ยงจากการหลอกลงทุนด้วย Protected Vault Protocol",0.12,HIGH,MAXIMUM,4100.0,0.0,1490.0,8600.0,5590.0,0.1708,0.0,0.0621,พักกับครอบครัว/ที่บ้าน,ไม่มีหนี้ผ่อนชำระ
ACC_1057,USER_0097,28000.0,584.78,2864.4,0.1023,0.2013,7556.8,0,0,Paycheck-to-Paycheck Spender,มนุษย์เงินเดือนชนเดือน (สภาพคล่องจำกัดปลายเดือน),"First Jobber รายได้ 18,000–35,000 บาท ใช้ชีวิตเดือนชนเดือน ต้องการระบบออมเงินอัตโนมัติแบบไม่ต้องจดบันทึก และสามารถดึงเงินคืนเข้าบัญชีหลักได้ทันที 100% เมื่อถึงกำหนดจ่ายค่าเช่าหรือบิล",0.06,MODERATE,FLEXIBLE,7720.0,3210.0,2510.0,3300.0,13440.0,0.2757,0.1146,0.0896,ผ่อนห้องชุดคอนโดมิเนียม,ผ่อนบัตรเครดิต & สินเชื่อ
ACC_1058,USER_0098,36000.0,605.27,7914.6,0.2198,0.2741,4679.95,0,0,Paycheck-to-Paycheck Spender,มนุษย์เงินเดือนชนเดือน (สภาพคล่องจำกัดปลายเดือน),"First Jobber รายได้ 18,000–35,000 บาท ใช้ชีวิตเดือนชนเดือน ต้องการระบบออมเงินอัตโนมัติแบบไม่ต้องจดบันทึก และสามารถดึงเงินคืนเข้าบัญชีหลักได้ทันที 100% เมื่อถึงกำหนดจ่ายค่าเช่าหรือบิล",0.06,MODERATE,FLEXIBLE,9100.0,5530.0,1350.0,2400.0,15980.0,0.2528,0.1536,0.0375,เช่าอพาร์ตเมนต์ชานเมือง,ผ่อนหนี้ กยศ.
ACC_1059,USER_0099,20000.0,607.81,3653.8,0.1827,0.2185,7629.98,0,1,High-Yield Seeker Novice,ผู้แสวงหาผลตอบแทนสูง (มีเงินเก็บ ต้องการดอกเบี้ยสูง),"First Jobber รายได้ 24,000–45,000 บาท มีเงินเก็บก้อนแรก 30,000–100,000 บาท มองหาผลตอบแทนดอกเบี้ยสูง ป้องกันความเสี่ยงจากการหลอกลงทุนด้วย Protected Vault Protocol",0.12,HIGH,MAXIMUM,2870.0,0.0,1320.0,4800.0,4190.0,0.1435,0.0,0.066,เช่าอพาร์ตเมนต์ราคาประหยัด,ไม่มีหนี้ผ่อนชำระ
ACC_1060,USER_0100,24000.0,624.73,4585.4,0.1911,0.2188,11029.64,0,1,High-Yield Seeker Novice,ผู้แสวงหาผลตอบแทนสูง (มีเงินเก็บ ต้องการดอกเบี้ยสูง),"First Jobber รายได้ 24,000–45,000 บาท มีเงินเก็บก้อนแรก 30,000–100,000 บาท มองหาผลตอบแทนดอกเบี้ยสูง ป้องกันความเสี่ยงจากการหลอกลงทุนด้วย Protected Vault Protocol",0.12,HIGH,MAXIMUM,3520.0,2160.0,1240.0,7900.0,6920.0,0.1467,0.09,0.0517,พักกับครอบครัว/ที่บ้าน,ผ่อนสมาร์ตโฟน 0%
ACC_1061,USER_0101,36000.0,595.56,8608.8,0.2391,0.2358,8655.35,0,0,Paycheck-to-Paycheck Spender,มนุษย์เงินเดือนชนเดือน (สภาพคล่องจำกัดปลายเดือน),"First Jobber รายได้ 18,000–35,000 บาท ใช้ชีวิตเดือนชนเดือน ต้องการระบบออมเงินอัตโนมัติแบบไม่ต้องจดบันทึก และสามารถดึงเงินคืนเข้าบัญชีหลักได้ทันที 100% เมื่อถึงกำหนดจ่ายค่าเช่าหรือบิล",0.06,MODERATE,FLEXIBLE,9660.0,4420.0,1400.0,1700.0,15480.0,0.2683,0.1228,0.0389,เช่าอพาร์ตเมนต์ชานเมือง,ผ่อนหนี้ กยศ.
ACC_1062,USER_0102,20000.0,594.44,2771.2,0.1386,0.2124,11510.2,0,1,High-Yield Seeker Novice,ผู้แสวงหาผลตอบแทนสูง (มีเงินเก็บ ต้องการดอกเบี้ยสูง),"First Jobber รายได้ 24,000–45,000 บาท มีเงินเก็บก้อนแรก 30,000–100,000 บาท มองหาผลตอบแทนดอกเบี้ยสูง ป้องกันความเสี่ยงจากการหลอกลงทุนด้วย Protected Vault Protocol",0.12,HIGH,MAXIMUM,3210.0,1000.0,1130.0,9900.0,5340.0,0.1605,0.05,0.0565,เช่าห้องพักสไตล์มินิมอล,ผ่อนสมาร์ตโฟน 0%
ACC_1063,USER_0103,32000.0,667.23,3385.4,0.1058,0.2975,7094.47,0,0,Paycheck-to-Paycheck Spender,มนุษย์เงินเดือนชนเดือน (สภาพคล่องจำกัดปลายเดือน),"First Jobber รายได้ 18,000–35,000 บาท ใช้ชีวิตเดือนชนเดือน ต้องการระบบออมเงินอัตโนมัติแบบไม่ต้องจดบันทึก และสามารถดึงเงินคืนเข้าบัญชีหลักได้ทันที 100% เมื่อถึงกำหนดจ่ายค่าเช่าหรือบิล",0.06,MODERATE,FLEXIBLE,9570.0,3850.0,1850.0,2300.0,15270.0,0.2991,0.1203,0.0578,ผ่อนห้องชุดคอนโดมิเนียม,ผ่อนค่างวดรถมอเตอร์ไซค์
ACC_1064,USER_0104,24000.0,585.08,4688.4,0.1954,0.1956,7071.42,0,1,High-Yield Seeker Novice,ผู้แสวงหาผลตอบแทนสูง (มีเงินเก็บ ต้องการดอกเบี้ยสูง),"First Jobber รายได้ 24,000–45,000 บาท มีเงินเก็บก้อนแรก 30,000–100,000 บาท มองหาผลตอบแทนดอกเบี้ยสูง ป้องกันความเสี่ยงจากการหลอกลงทุนด้วย Protected Vault Protocol",0.12,HIGH,MAXIMUM,4410.0,2160.0,1040.0,5100.0,7610.0,0.1838,0.09,0.0433,เช่าห้องพักสไตล์มินิมอล,ผ่อนอุปกรณ์ไอที/คอมพิวเตอร์
ACC_1065,USER_0105,28000.0,641.08,888.4,0.0317,0.2287,2449.49,0,0,Paycheck-to-Paycheck Spender,มนุษย์เงินเดือนชนเดือน (สภาพคล่องจำกัดปลายเดือน),"First Jobber รายได้ 18,000–35,000 บาท ใช้ชีวิตเดือนชนเดือน ต้องการระบบออมเงินอัตโนมัติแบบไม่ต้องจดบันทึก และสามารถดึงเงินคืนเข้าบัญชีหลักได้ทันที 100% เมื่อถึงกำหนดจ่ายค่าเช่าหรือบิล",0.06,MODERATE,FLEXIBLE,7890.0,4650.0,1750.0,2800.0,14290.0,0.2818,0.1661,0.0625,เช่าอพาร์ตเมนต์ชานเมือง,ผ่อนค่างวดรถมอเตอร์ไซค์
ACC_1066,USER_0106,20000.0,541.29,2564.2,0.1282,0.2314,7712.28,0,1,High-Yield Seeker Novice,ผู้แสวงหาผลตอบแทนสูง (มีเงินเก็บ ต้องการดอกเบี้ยสูง),"First Jobber รายได้ 24,000–45,000 บาท มีเงินเก็บก้อนแรก 30,000–100,000 บาท มองหาผลตอบแทนดอกเบี้ยสูง ป้องกันความเสี่ยงจากการหลอกลงทุนด้วย Protected Vault Protocol",0.12,HIGH,MAXIMUM,3790.0,1800.0,1020.0,6700.0,6610.0,0.1895,0.09,0.051,เช่าห้องพักสไตล์มินิมอล,ผ่อนสมาร์ตโฟน 0%
ACC_1067,USER_0107,24000.0,633.8,5054.0,0.2106,0.19,3479.3,0,1,High-Yield Seeker Novice,ผู้แสวงหาผลตอบแทนสูง (มีเงินเก็บ ต้องการดอกเบี้ยสูง),"First Jobber รายได้ 24,000–45,000 บาท มีเงินเก็บก้อนแรก 30,000–100,000 บาท มองหาผลตอบแทนดอกเบี้ยสูง ป้องกันความเสี่ยงจากการหลอกลงทุนด้วย Protected Vault Protocol",0.12,HIGH,MAXIMUM,5030.0,0.0,1240.0,6100.0,6270.0,0.2096,0.0,0.0517,เช่าห้องพักสไตล์มินิมอล,ไม่มีหนี้ผ่อนชำระ
ACC_1068,USER_0108,24000.0,601.94,5661.2,0.2359,0.2526,16562.06,0,1,High-Yield Seeker Novice,ผู้แสวงหาผลตอบแทนสูง (มีเงินเก็บ ต้องการดอกเบี้ยสูง),"First Jobber รายได้ 24,000–45,000 บาท มีเงินเก็บก้อนแรก 30,000–100,000 บาท มองหาผลตอบแทนดอกเบี้ยสูง ป้องกันความเสี่ยงจากการหลอกลงทุนด้วย Protected Vault Protocol",0.12,HIGH,MAXIMUM,3910.0,1200.0,1190.0,7200.0,6300.0,0.1629,0.05,0.0496,เช่าอพาร์ตเมนต์ราคาประหยัด,ผ่อนสมาร์ตโฟน 0%
ACC_1069,USER_0109,24000.0,632.0,5920.0,0.2467,0.2678,6627.85,0,1,High-Yield Seeker Novice,ผู้แสวงหาผลตอบแทนสูง (มีเงินเก็บ ต้องการดอกเบี้ยสูง),"First Jobber รายได้ 24,000–45,000 บาท มีเงินเก็บก้อนแรก 30,000–100,000 บาท มองหาผลตอบแทนดอกเบี้ยสูง ป้องกันความเสี่ยงจากการหลอกลงทุนด้วย Protected Vault Protocol",0.12,HIGH,MAXIMUM,3900.0,0.0,1540.0,4800.0,5440.0,0.1625,0.0,0.0642,พักกับครอบครัว/ที่บ้าน,ไม่มีหนี้ผ่อนชำระ
ACC_1070,USER_0110,24000.0,571.45,850.0,0.0354,0.1423,5334.1,0,0,Paycheck-to-Paycheck Spender,มนุษย์เงินเดือนชนเดือน (สภาพคล่องจำกัดปลายเดือน),"First Jobber รายได้ 18,000–35,000 บาท ใช้ชีวิตเดือนชนเดือน ต้องการระบบออมเงินอัตโนมัติแบบไม่ต้องจดบันทึก และสามารถดึงเงินคืนเข้าบัญชีหลักได้ทันที 100% เมื่อถึงกำหนดจ่ายค่าเช่าหรือบิล",0.06,MODERATE,FLEXIBLE,7470.0,3380.0,2010.0,2000.0,12860.0,0.3113,0.1408,0.0838,เช่าคอนโดติดรถไฟฟ้า,ผ่อนหนี้ กยศ.
ACC_1071,USER_0111,36000.0,594.49,6260.2,0.1739,0.2843,8968.05,0,0,Paycheck-to-Paycheck Spender,มนุษย์เงินเดือนชนเดือน (สภาพคล่องจำกัดปลายเดือน),"First Jobber รายได้ 18,000–35,000 บาท ใช้ชีวิตเดือนชนเดือน ต้องการระบบออมเงินอัตโนมัติแบบไม่ต้องจดบันทึก และสามารถดึงเงินคืนเข้าบัญชีหลักได้ทันที 100% เมื่อถึงกำหนดจ่ายค่าเช่าหรือบิล",0.06,MODERATE,FLEXIBLE,10990.0,4890.0,1970.0,1700.0,17850.0,0.3053,0.1358,0.0547,ผ่อนห้องชุดคอนโดมิเนียม,ผ่อนค่างวดรถมอเตอร์ไซค์
ACC_1072,USER_0112,20000.0,584.21,2675.8,0.1338,0.2607,13807.76,0,1,High-Yield Seeker Novice,ผู้แสวงหาผลตอบแทนสูง (มีเงินเก็บ ต้องการดอกเบี้ยสูง),"First Jobber รายได้ 24,000–45,000 บาท มีเงินเก็บก้อนแรก 30,000–100,000 บาท มองหาผลตอบแทนดอกเบี้ยสูง ป้องกันความเสี่ยงจากการหลอกลงทุนด้วย Protected Vault Protocol",0.12,HIGH,MAXIMUM,4340.0,0.0,1300.0,4900.0,5640.0,0.217,0.0,0.065,เช่าห้องพักสไตล์มินิมอล,ไม่มีหนี้ผ่อนชำระ
ACC_1073,USER_0113,36000.0,569.47,7580.6,0.2106,0.1481,6989.05,0,0,Paycheck-to-Paycheck Spender,มนุษย์เงินเดือนชนเดือน (สภาพคล่องจำกัดปลายเดือน),"First Jobber รายได้ 18,000–35,000 บาท ใช้ชีวิตเดือนชนเดือน ต้องการระบบออมเงินอัตโนมัติแบบไม่ต้องจดบันทึก และสามารถดึงเงินคืนเข้าบัญชีหลักได้ทันที 100% เมื่อถึงกำหนดจ่ายค่าเช่าหรือบิล",0.06,MODERATE,FLEXIBLE,9340.0,5940.0,1750.0,1600.0,17030.0,0.2594,0.165,0.0486,เช่าอพาร์ตเมนต์ชานเมือง,ผ่อนค่างวดรถมอเตอร์ไซค์
ACC_1074,USER_0114,28000.0,683.55,1229.0,0.0439,0.2601,12177.74,0,0,Paycheck-to-Paycheck Spender,มนุษย์เงินเดือนชนเดือน (สภาพคล่องจำกัดปลายเดือน),"First Jobber รายได้ 18,000–35,000 บาท ใช้ชีวิตเดือนชนเดือน ต้องการระบบออมเงินอัตโนมัติแบบไม่ต้องจดบันทึก และสามารถดึงเงินคืนเข้าบัญชีหลักได้ทันที 100% เมื่อถึงกำหนดจ่ายค่าเช่าหรือบิล",0.06,MODERATE,FLEXIBLE,8410.0,2690.0,2000.0,1900.0,13100.0,0.3004,0.0961,0.0714,เช่าคอนโดติดรถไฟฟ้า,ผ่อนบัตรเครดิต & สินเชื่อ
ACC_1075,USER_0115,36000.0,584.84,10363.2,0.2879,0.256,13237.01,0,0,Paycheck-to-Paycheck Spender,มนุษย์เงินเดือนชนเดือน (สภาพคล่องจำกัดปลายเดือน),"First Jobber รายได้ 18,000–35,000 บาท ใช้ชีวิตเดือนชนเดือน ต้องการระบบออมเงินอัตโนมัติแบบไม่ต้องจดบันทึก และสามารถดึงเงินคืนเข้าบัญชีหลักได้ทันที 100% เมื่อถึงกำหนดจ่ายค่าเช่าหรือบิล",0.06,MODERATE,FLEXIBLE,8390.0,3990.0,1560.0,3300.0,13940.0,0.2331,0.1108,0.0433,ผ่อนห้องชุดคอนโดมิเนียม,ผ่อนหนี้ กยศ.
ACC_1076,USER_0116,28000.0,648.89,2662.2,0.0951,0.1849,17236.13,0,0,Paycheck-to-Paycheck Spender,มนุษย์เงินเดือนชนเดือน (สภาพคล่องจำกัดปลายเดือน),"First Jobber รายได้ 18,000–35,000 บาท ใช้ชีวิตเดือนชนเดือน ต้องการระบบออมเงินอัตโนมัติแบบไม่ต้องจดบันทึก และสามารถดึงเงินคืนเข้าบัญชีหลักได้ทันที 100% เมื่อถึงกำหนดจ่ายค่าเช่าหรือบิล",0.06,MODERATE,FLEXIBLE,7910.0,2670.0,1780.0,1900.0,12360.0,0.2825,0.0954,0.0636,เช่าอพาร์ตเมนต์ชานเมือง,ผ่อนบัตรเครดิต & สินเชื่อ
ACC_1077,USER_0117,32000.0,645.56,6408.8,0.2003,0.2135,11041.31,0,0,Paycheck-to-Paycheck Spender,มนุษย์เงินเดือนชนเดือน (สภาพคล่องจำกัดปลายเดือน),"First Jobber รายได้ 18,000–35,000 บาท ใช้ชีวิตเดือนชนเดือน ต้องการระบบออมเงินอัตโนมัติแบบไม่ต้องจดบันทึก และสามารถดึงเงินคืนเข้าบัญชีหลักได้ทันที 100% เมื่อถึงกำหนดจ่ายค่าเช่าหรือบิล",0.06,MODERATE,FLEXIBLE,7170.0,3600.0,1910.0,1800.0,12680.0,0.2241,0.1125,0.0597,ผ่อนห้องชุดคอนโดมิเนียม,ผ่อนหนี้ กยศ.
ACC_1078,USER_0118,20000.0,568.59,4498.2,0.2249,0.1878,5925.05,0,1,High-Yield Seeker Novice,ผู้แสวงหาผลตอบแทนสูง (มีเงินเก็บ ต้องการดอกเบี้ยสูง),"First Jobber รายได้ 24,000–45,000 บาท มีเงินเก็บก้อนแรก 30,000–100,000 บาท มองหาผลตอบแทนดอกเบี้ยสูง ป้องกันความเสี่ยงจากการหลอกลงทุนด้วย Protected Vault Protocol",0.12,HIGH,MAXIMUM,3130.0,0.0,1000.0,8700.0,4130.0,0.1565,0.0,0.05,เช่าอพาร์ตเมนต์ราคาประหยัด,ไม่มีหนี้ผ่อนชำระ
ACC_1079,USER_0119,36000.0,656.37,9992.6,0.2776,0.2589,7603.97,0,0,Paycheck-to-Paycheck Spender,มนุษย์เงินเดือนชนเดือน (สภาพคล่องจำกัดปลายเดือน),"First Jobber รายได้ 18,000–35,000 บาท ใช้ชีวิตเดือนชนเดือน ต้องการระบบออมเงินอัตโนมัติแบบไม่ต้องจดบันทึก และสามารถดึงเงินคืนเข้าบัญชีหลักได้ทันที 100% เมื่อถึงกำหนดจ่ายค่าเช่าหรือบิล",0.06,MODERATE,FLEXIBLE,8000.0,3000.0,1880.0,3100.0,12880.0,0.2222,0.0833,0.0522,เช่าคอนโดติดรถไฟฟ้า,ผ่อนค่างวดรถมอเตอร์ไซค์
ACC_1080,USER_0120,24000.0,607.87,6182.6,0.2576,0.2958,9086.56,0,1,High-Yield Seeker Novice,ผู้แสวงหาผลตอบแทนสูง (มีเงินเก็บ ต้องการดอกเบี้ยสูง),"First Jobber รายได้ 24,000–45,000 บาท มีเงินเก็บก้อนแรก 30,000–100,000 บาท มองหาผลตอบแทนดอกเบี้ยสูง ป้องกันความเสี่ยงจากการหลอกลงทุนด้วย Protected Vault Protocol",0.12,HIGH,MAXIMUM,4330.0,0.0,1330.0,7900.0,5660.0,0.1804,0.0,0.0554,เช่าอพาร์ตเมนต์ราคาประหยัด,ไม่มีหนี้ผ่อนชำระ
ACC_1081,USER_0121,28000.0,604.03,2249.4,0.0803,0.2518,7711.52,0,0,Paycheck-to-Paycheck Spender,มนุษย์เงินเดือนชนเดือน (สภาพคล่องจำกัดปลายเดือน),"First Jobber รายได้ 18,000–35,000 บาท ใช้ชีวิตเดือนชนเดือน ต้องการระบบออมเงินอัตโนมัติแบบไม่ต้องจดบันทึก และสามารถดึงเงินคืนเข้าบัญชีหลักได้ทันที 100% เมื่อถึงกำหนดจ่ายค่าเช่าหรือบิล",0.06,MODERATE,FLEXIBLE,6530.0,4860.0,2280.0,3400.0,13670.0,0.2332,0.1736,0.0814,เช่าอพาร์ตเมนต์ชานเมือง,ผ่อนสมาร์ตโฟน & แท็บเล็ต
ACC_1082,USER_0122,20000.0,600.8,3704.0,0.1852,0.21,9918.04,0,1,High-Yield Seeker Novice,ผู้แสวงหาผลตอบแทนสูง (มีเงินเก็บ ต้องการดอกเบี้ยสูง),"First Jobber รายได้ 24,000–45,000 บาท มีเงินเก็บก้อนแรก 30,000–100,000 บาท มองหาผลตอบแทนดอกเบี้ยสูง ป้องกันความเสี่ยงจากการหลอกลงทุนด้วย Protected Vault Protocol",0.12,HIGH,MAXIMUM,2960.0,0.0,1320.0,5700.0,4280.0,0.148,0.0,0.066,เช่าห้องพักสไตล์มินิมอล,ไม่มีหนี้ผ่อนชำระ
ACC_1083,USER_0123,20000.0,590.5,1370.0,0.0685,0.3029,4956.23,0,1,High-Yield Seeker Novice,ผู้แสวงหาผลตอบแทนสูง (มีเงินเก็บ ต้องการดอกเบี้ยสูง),"First Jobber รายได้ 24,000–45,000 บาท มีเงินเก็บก้อนแรก 30,000–100,000 บาท มองหาผลตอบแทนดอกเบี้ยสูง ป้องกันความเสี่ยงจากการหลอกลงทุนด้วย Protected Vault Protocol",0.12,HIGH,MAXIMUM,4020.0,1800.0,1000.0,8900.0,6820.0,0.201,0.09,0.05,พักกับครอบครัว/ที่บ้าน,ผ่อนสมาร์ตโฟน 0%
ACC_1084,USER_0124,24000.0,612.0,7220.0,0.3008,0.2457,3930.64,0,1,High-Yield Seeker Novice,ผู้แสวงหาผลตอบแทนสูง (มีเงินเก็บ ต้องการดอกเบี้ยสูง),"First Jobber รายได้ 24,000–45,000 บาท มีเงินเก็บก้อนแรก 30,000–100,000 บาท มองหาผลตอบแทนดอกเบี้ยสูง ป้องกันความเสี่ยงจากการหลอกลงทุนด้วย Protected Vault Protocol",0.12,HIGH,MAXIMUM,3480.0,0.0,1060.0,6200.0,4540.0,0.145,0.0,0.0442,เช่าอพาร์ตเมนต์ราคาประหยัด,ไม่มีหนี้ผ่อนชำระ
ACC_1085,USER_0125,24000.0,591.8,4794.0,0.1998,0.2653,7818.58,0,1,High-Yield Seeker Novice,ผู้แสวงหาผลตอบแทนสูง (มีเงินเก็บ ต้องการดอกเบี้ยสูง),"First Jobber รายได้ 24,000–45,000 บาท มีเงินเก็บก้อนแรก 30,000–100,000 บาท มองหาผลตอบแทนดอกเบี้ยสูง ป้องกันความเสี่ยงจากการหลอกลงทุนด้วย Protected Vault Protocol",0.12,HIGH,MAXIMUM,4590.0,1200.0,1580.0,6600.0,7370.0,0.1912,0.05,0.0658,เช่าห้องพักสไตล์มินิมอล,ผ่อนสมาร์ตโฟน 0%
ACC_1086,USER_0126,36000.0,635.18,4866.4,0.1352,0.2451,13946.94,0,0,Paycheck-to-Paycheck Spender,มนุษย์เงินเดือนชนเดือน (สภาพคล่องจำกัดปลายเดือน),"First Jobber รายได้ 18,000–35,000 บาท ใช้ชีวิตเดือนชนเดือน ต้องการระบบออมเงินอัตโนมัติแบบไม่ต้องจดบันทึก และสามารถดึงเงินคืนเข้าบัญชีหลักได้ทันที 100% เมื่อถึงกำหนดจ่ายค่าเช่าหรือบิล",0.06,MODERATE,FLEXIBLE,10230.0,5940.0,2260.0,2600.0,18430.0,0.2842,0.165,0.0628,เช่าคอนโดติดรถไฟฟ้า,ผ่อนหนี้ กยศ.
ACC_1087,USER_0127,36000.0,624.64,7637.2,0.2121,0.2277,4632.43,0,0,Paycheck-to-Paycheck Spender,มนุษย์เงินเดือนชนเดือน (สภาพคล่องจำกัดปลายเดือน),"First Jobber รายได้ 18,000–35,000 บาท ใช้ชีวิตเดือนชนเดือน ต้องการระบบออมเงินอัตโนมัติแบบไม่ต้องจดบันทึก และสามารถดึงเงินคืนเข้าบัญชีหลักได้ทันที 100% เมื่อถึงกำหนดจ่ายค่าเช่าหรือบิล",0.06,MODERATE,FLEXIBLE,8910.0,5020.0,1940.0,1800.0,15870.0,0.2475,0.1394,0.0539,เช่าอพาร์ตเมนต์ชานเมือง,ผ่อนหนี้ กยศ.
ACC_1088,USER_0128,28000.0,598.24,2625.2,0.0938,0.2462,7778.88,0,0,Paycheck-to-Paycheck Spender,มนุษย์เงินเดือนชนเดือน (สภาพคล่องจำกัดปลายเดือน),"First Jobber รายได้ 18,000–35,000 บาท ใช้ชีวิตเดือนชนเดือน ต้องการระบบออมเงินอัตโนมัติแบบไม่ต้องจดบันทึก และสามารถดึงเงินคืนเข้าบัญชีหลักได้ทันที 100% เมื่อถึงกำหนดจ่ายค่าเช่าหรือบิล",0.06,MODERATE,FLEXIBLE,6980.0,4830.0,1600.0,2100.0,13410.0,0.2493,0.1725,0.0571,เช่าคอนโดติดรถไฟฟ้า,ผ่อนหนี้ กยศ.
ACC_1089,USER_0129,32000.0,554.95,6261.0,0.1957,0.1878,11452.35,0,0,Paycheck-to-Paycheck Spender,มนุษย์เงินเดือนชนเดือน (สภาพคล่องจำกัดปลายเดือน),"First Jobber รายได้ 18,000–35,000 บาท ใช้ชีวิตเดือนชนเดือน ต้องการระบบออมเงินอัตโนมัติแบบไม่ต้องจดบันทึก และสามารถดึงเงินคืนเข้าบัญชีหลักได้ทันที 100% เมื่อถึงกำหนดจ่ายค่าเช่าหรือบิล",0.06,MODERATE,FLEXIBLE,9160.0,2940.0,2540.0,3200.0,14640.0,0.2862,0.0919,0.0794,เช่าอพาร์ตเมนต์ชานเมือง,ผ่อนสมาร์ตโฟน & แท็บเล็ต
ACC_1090,USER_0130,36000.0,608.24,8805.2,0.2446,0.2334,4514.99,0,0,Paycheck-to-Paycheck Spender,มนุษย์เงินเดือนชนเดือน (สภาพคล่องจำกัดปลายเดือน),"First Jobber รายได้ 18,000–35,000 บาท ใช้ชีวิตเดือนชนเดือน ต้องการระบบออมเงินอัตโนมัติแบบไม่ต้องจดบันทึก และสามารถดึงเงินคืนเข้าบัญชีหลักได้ทันที 100% เมื่อถึงกำหนดจ่ายค่าเช่าหรือบิล",0.06,MODERATE,FLEXIBLE,10350.0,2940.0,1740.0,3100.0,15030.0,0.2875,0.0817,0.0483,เช่าคอนโดติดรถไฟฟ้า,ผ่อนหนี้ กยศ.
ACC_1091,USER_0131,36000.0,629.17,8006.6,0.2224,0.1841,7249.67,0,0,Paycheck-to-Paycheck Spender,มนุษย์เงินเดือนชนเดือน (สภาพคล่องจำกัดปลายเดือน),"First Jobber รายได้ 18,000–35,000 บาท ใช้ชีวิตเดือนชนเดือน ต้องการระบบออมเงินอัตโนมัติแบบไม่ต้องจดบันทึก และสามารถดึงเงินคืนเข้าบัญชีหลักได้ทันที 100% เมื่อถึงกำหนดจ่ายค่าเช่าหรือบิล",0.06,MODERATE,FLEXIBLE,9400.0,4700.0,1310.0,2900.0,15410.0,0.2611,0.1306,0.0364,ผ่อนห้องชุดคอนโดมิเนียม,ผ่อนสมาร์ตโฟน & แท็บเล็ต
ACC_1092,USER_0132,28000.0,651.34,2863.2,0.1023,0.223,3937.08,0,0,Paycheck-to-Paycheck Spender,มนุษย์เงินเดือนชนเดือน (สภาพคล่องจำกัดปลายเดือน),"First Jobber รายได้ 18,000–35,000 บาท ใช้ชีวิตเดือนชนเดือน ต้องการระบบออมเงินอัตโนมัติแบบไม่ต้องจดบันทึก และสามารถดึงเงินคืนเข้าบัญชีหลักได้ทันที 100% เมื่อถึงกำหนดจ่ายค่าเช่าหรือบิล",0.06,MODERATE,FLEXIBLE,6270.0,3270.0,2570.0,2300.0,12110.0,0.2239,0.1168,0.0918,เช่าอพาร์ตเมนต์ชานเมือง,ผ่อนหนี้ กยศ.
ACC_1093,USER_0133,24000.0,613.19,4136.2,0.1723,0.2151,9382.51,0,1,High-Yield Seeker Novice,ผู้แสวงหาผลตอบแทนสูง (มีเงินเก็บ ต้องการดอกเบี้ยสูง),"First Jobber รายได้ 24,000–45,000 บาท มีเงินเก็บก้อนแรก 30,000–100,000 บาท มองหาผลตอบแทนดอกเบี้ยสูง ป้องกันความเสี่ยงจากการหลอกลงทุนด้วย Protected Vault Protocol",0.12,HIGH,MAXIMUM,5110.0,1200.0,1290.0,8900.0,7600.0,0.2129,0.05,0.0538,เช่าอพาร์ตเมนต์ราคาประหยัด,ผ่อนสมาร์ตโฟน 0%
ACC_1094,USER_0134,36000.0,634.65,7357.0,0.2044,0.1775,15115.72,0,0,Paycheck-to-Paycheck Spender,มนุษย์เงินเดือนชนเดือน (สภาพคล่องจำกัดปลายเดือน),"First Jobber รายได้ 18,000–35,000 บาท ใช้ชีวิตเดือนชนเดือน ต้องการระบบออมเงินอัตโนมัติแบบไม่ต้องจดบันทึก และสามารถดึงเงินคืนเข้าบัญชีหลักได้ทันที 100% เมื่อถึงกำหนดจ่ายค่าเช่าหรือบิล",0.06,MODERATE,FLEXIBLE,9560.0,4590.0,1800.0,3400.0,15950.0,0.2656,0.1275,0.05,เช่าอพาร์ตเมนต์ชานเมือง,ผ่อนบัตรเครดิต & สินเชื่อ
ACC_1095,USER_0135,32000.0,702.93,3391.4,0.106,0.2481,9064.85,0,0,Paycheck-to-Paycheck Spender,มนุษย์เงินเดือนชนเดือน (สภาพคล่องจำกัดปลายเดือน),"First Jobber รายได้ 18,000–35,000 บาท ใช้ชีวิตเดือนชนเดือน ต้องการระบบออมเงินอัตโนมัติแบบไม่ต้องจดบันทึก และสามารถดึงเงินคืนเข้าบัญชีหลักได้ทันที 100% เมื่อถึงกำหนดจ่ายค่าเช่าหรือบิล",0.06,MODERATE,FLEXIBLE,7310.0,5320.0,1920.0,1600.0,14550.0,0.2284,0.1662,0.06,ผ่อนห้องชุดคอนโดมิเนียม,ผ่อนบัตรเครดิต & สินเชื่อ
ACC_1096,USER_0136,32000.0,593.33,4823.4,0.1507,0.252,8820.45,0,0,Paycheck-to-Paycheck Spender,มนุษย์เงินเดือนชนเดือน (สภาพคล่องจำกัดปลายเดือน),"First Jobber รายได้ 18,000–35,000 บาท ใช้ชีวิตเดือนชนเดือน ต้องการระบบออมเงินอัตโนมัติแบบไม่ต้องจดบันทึก และสามารถดึงเงินคืนเข้าบัญชีหลักได้ทันที 100% เมื่อถึงกำหนดจ่ายค่าเช่าหรือบิล",0.06,MODERATE,FLEXIBLE,8370.0,5370.0,1570.0,3200.0,15310.0,0.2616,0.1678,0.0491,เช่าคอนโดติดรถไฟฟ้า,ผ่อนค่างวดรถมอเตอร์ไซค์
ACC_1097,USER_0137,36000.0,592.73,7675.4,0.2132,0.1771,17027.47,0,0,Paycheck-to-Paycheck Spender,มนุษย์เงินเดือนชนเดือน (สภาพคล่องจำกัดปลายเดือน),"First Jobber รายได้ 18,000–35,000 บาท ใช้ชีวิตเดือนชนเดือน ต้องการระบบออมเงินอัตโนมัติแบบไม่ต้องจดบันทึก และสามารถดึงเงินคืนเข้าบัญชีหลักได้ทันที 100% เมื่อถึงกำหนดจ่ายค่าเช่าหรือบิล",0.06,MODERATE,FLEXIBLE,8120.0,6380.0,1970.0,2100.0,16470.0,0.2256,0.1772,0.0547,เช่าอพาร์ตเมนต์ชานเมือง,ผ่อนบัตรเครดิต & สินเชื่อ
ACC_1098,USER_0138,28000.0,614.53,2509.4,0.0896,0.2031,9722.34,0,0,Paycheck-to-Paycheck Spender,มนุษย์เงินเดือนชนเดือน (สภาพคล่องจำกัดปลายเดือน),"First Jobber รายได้ 18,000–35,000 บาท ใช้ชีวิตเดือนชนเดือน ต้องการระบบออมเงินอัตโนมัติแบบไม่ต้องจดบันทึก และสามารถดึงเงินคืนเข้าบัญชีหลักได้ทันที 100% เมื่อถึงกำหนดจ่ายค่าเช่าหรือบิล",0.06,MODERATE,FLEXIBLE,8560.0,3090.0,1550.0,1800.0,13200.0,0.3057,0.1104,0.0554,ผ่อนห้องชุดคอนโดมิเนียม,ผ่อนบัตรเครดิต & สินเชื่อ
ACC_1099,USER_0139,32000.0,628.39,7762.2,0.2426,0.2637,9470.32,0,0,Paycheck-to-Paycheck Spender,มนุษย์เงินเดือนชนเดือน (สภาพคล่องจำกัดปลายเดือน),"First Jobber รายได้ 18,000–35,000 บาท ใช้ชีวิตเดือนชนเดือน ต้องการระบบออมเงินอัตโนมัติแบบไม่ต้องจดบันทึก และสามารถดึงเงินคืนเข้าบัญชีหลักได้ทันที 100% เมื่อถึงกำหนดจ่ายค่าเช่าหรือบิล",0.06,MODERATE,FLEXIBLE,7680.0,2590.0,1400.0,2300.0,11670.0,0.24,0.0809,0.0438,เช่าอพาร์ตเมนต์ชานเมือง,ผ่อนบัตรเครดิต & สินเชื่อ
ACC_1100,USER_0140,36000.0,657.37,8652.6,0.2404,0.1846,4759.09,0,0,Paycheck-to-Paycheck Spender,มนุษย์เงินเดือนชนเดือน (สภาพคล่องจำกัดปลายเดือน),"First Jobber รายได้ 18,000–35,000 บาท ใช้ชีวิตเดือนชนเดือน ต้องการระบบออมเงินอัตโนมัติแบบไม่ต้องจดบันทึก และสามารถดึงเงินคืนเข้าบัญชีหลักได้ทันที 100% เมื่อถึงกำหนดจ่ายค่าเช่าหรือบิล",0.06,MODERATE,FLEXIBLE,7950.0,4520.0,1730.0,1600.0,14200.0,0.2208,0.1256,0.0481,เช่าอพาร์ตเมนต์ชานเมือง,ผ่อนสมาร์ตโฟน & แท็บเล็ต
ACC_1101,USER_0141,20000.0,626.85,2873.0,0.1436,0.2403,15297.41,0,1,High-Yield Seeker Novice,ผู้แสวงหาผลตอบแทนสูง (มีเงินเก็บ ต้องการดอกเบี้ยสูง),"First Jobber รายได้ 24,000–45,000 บาท มีเงินเก็บก้อนแรก 30,000–100,000 บาท มองหาผลตอบแทนดอกเบี้ยสูง ป้องกันความเสี่ยงจากการหลอกลงทุนด้วย Protected Vault Protocol",0.12,HIGH,MAXIMUM,3210.0,0.0,1380.0,7400.0,4590.0,0.1605,0.0,0.069,เช่าห้องพักสไตล์มินิมอล,ไม่มีหนี้ผ่อนชำระ
ACC_1102,USER_0142,32000.0,590.19,5846.2,0.1827,0.231,6883.03,0,0,Paycheck-to-Paycheck Spender,มนุษย์เงินเดือนชนเดือน (สภาพคล่องจำกัดปลายเดือน),"First Jobber รายได้ 18,000–35,000 บาท ใช้ชีวิตเดือนชนเดือน ต้องการระบบออมเงินอัตโนมัติแบบไม่ต้องจดบันทึก และสามารถดึงเงินคืนเข้าบัญชีหลักได้ทันที 100% เมื่อถึงกำหนดจ่ายค่าเช่าหรือบิล",0.06,MODERATE,FLEXIBLE,9350.0,3460.0,1540.0,1600.0,14350.0,0.2922,0.1081,0.0481,เช่าคอนโดติดรถไฟฟ้า,ผ่อนบัตรเครดิต & สินเชื่อ
ACC_1103,USER_0143,20000.0,555.86,3642.8,0.1821,0.2491,4130.18,0,1,High-Yield Seeker Novice,ผู้แสวงหาผลตอบแทนสูง (มีเงินเก็บ ต้องการดอกเบี้ยสูง),"First Jobber รายได้ 24,000–45,000 บาท มีเงินเก็บก้อนแรก 30,000–100,000 บาท มองหาผลตอบแทนดอกเบี้ยสูง ป้องกันความเสี่ยงจากการหลอกลงทุนด้วย Protected Vault Protocol",0.12,HIGH,MAXIMUM,4040.0,0.0,1200.0,7800.0,5240.0,0.202,0.0,0.06,พักกับครอบครัว/ที่บ้าน,ไม่มีหนี้ผ่อนชำระ
ACC_1104,USER_0144,24000.0,646.22,5565.6,0.2319,0.2538,10981.94,0,1,High-Yield Seeker Novice,ผู้แสวงหาผลตอบแทนสูง (มีเงินเก็บ ต้องการดอกเบี้ยสูง),"First Jobber รายได้ 24,000–45,000 บาท มีเงินเก็บก้อนแรก 30,000–100,000 บาท มองหาผลตอบแทนดอกเบี้ยสูง ป้องกันความเสี่ยงจากการหลอกลงทุนด้วย Protected Vault Protocol",0.12,HIGH,MAXIMUM,4240.0,0.0,1270.0,5100.0,5510.0,0.1767,0.0,0.0529,เช่าห้องพักสไตล์มินิมอล,ไม่มีหนี้ผ่อนชำระ
ACC_1105,USER_0145,28000.0,569.23,1825.4,0.0652,0.2739,10701.47,0,0,Paycheck-to-Paycheck Spender,มนุษย์เงินเดือนชนเดือน (สภาพคล่องจำกัดปลายเดือน),"First Jobber รายได้ 18,000–35,000 บาท ใช้ชีวิตเดือนชนเดือน ต้องการระบบออมเงินอัตโนมัติแบบไม่ต้องจดบันทึก และสามารถดึงเงินคืนเข้าบัญชีหลักได้ทันที 100% เมื่อถึงกำหนดจ่ายค่าเช่าหรือบิล",0.06,MODERATE,FLEXIBLE,7750.0,4460.0,2580.0,2000.0,14790.0,0.2768,0.1593,0.0921,ผ่อนห้องชุดคอนโดมิเนียม,ผ่อนสมาร์ตโฟน & แท็บเล็ต
ACC_1106,USER_0146,24000.0,662.61,3217.8,0.1341,0.293,9814.34,0,1,High-Yield Seeker Novice,ผู้แสวงหาผลตอบแทนสูง (มีเงินเก็บ ต้องการดอกเบี้ยสูง),"First Jobber รายได้ 24,000–45,000 บาท มีเงินเก็บก้อนแรก 30,000–100,000 บาท มองหาผลตอบแทนดอกเบี้ยสูง ป้องกันความเสี่ยงจากการหลอกลงทุนด้วย Protected Vault Protocol",0.12,HIGH,MAXIMUM,5110.0,1200.0,1220.0,9700.0,7530.0,0.2129,0.05,0.0508,พักกับครอบครัว/ที่บ้าน,ผ่อนสมาร์ตโฟน 0%
ACC_1107,USER_0147,28000.0,574.36,3982.8,0.1422,0.2275,8103.62,0,0,Paycheck-to-Paycheck Spender,มนุษย์เงินเดือนชนเดือน (สภาพคล่องจำกัดปลายเดือน),"First Jobber รายได้ 18,000–35,000 บาท ใช้ชีวิตเดือนชนเดือน ต้องการระบบออมเงินอัตโนมัติแบบไม่ต้องจดบันทึก และสามารถดึงเงินคืนเข้าบัญชีหลักได้ทันที 100% เมื่อถึงกำหนดจ่ายค่าเช่าหรือบิล",0.06,MODERATE,FLEXIBLE,6300.0,3770.0,2460.0,2000.0,12530.0,0.225,0.1346,0.0879,เช่าคอนโดติดรถไฟฟ้า,ผ่อนสมาร์ตโฟน & แท็บเล็ต
ACC_1108,USER_0148,36000.0,617.58,5878.4,0.1633,0.2494,15385.27,0,0,Paycheck-to-Paycheck Spender,มนุษย์เงินเดือนชนเดือน (สภาพคล่องจำกัดปลายเดือน),"First Jobber รายได้ 18,000–35,000 บาท ใช้ชีวิตเดือนชนเดือน ต้องการระบบออมเงินอัตโนมัติแบบไม่ต้องจดบันทึก และสามารถดึงเงินคืนเข้าบัญชีหลักได้ทันที 100% เมื่อถึงกำหนดจ่ายค่าเช่าหรือบิล",0.06,MODERATE,FLEXIBLE,9090.0,6310.0,2370.0,2900.0,17770.0,0.2525,0.1753,0.0658,เช่าคอนโดติดรถไฟฟ้า,ผ่อนหนี้ กยศ.
ACC_1109,USER_0149,36000.0,594.36,7072.8,0.1965,0.2962,12410.99,0,0,Paycheck-to-Paycheck Spender,มนุษย์เงินเดือนชนเดือน (สภาพคล่องจำกัดปลายเดือน),"First Jobber รายได้ 18,000–35,000 บาท ใช้ชีวิตเดือนชนเดือน ต้องการระบบออมเงินอัตโนมัติแบบไม่ต้องจดบันทึก และสามารถดึงเงินคืนเข้าบัญชีหลักได้ทันที 100% เมื่อถึงกำหนดจ่ายค่าเช่าหรือบิล",0.06,MODERATE,FLEXIBLE,10870.0,4290.0,1880.0,3000.0,17040.0,0.3019,0.1192,0.0522,เช่าคอนโดติดรถไฟฟ้า,ผ่อนสมาร์ตโฟน & แท็บเล็ต
ACC_1110,USER_0000,32000.0,618.08,8148.4,0.2546,0.2973,3395.54,0,0,Paycheck-to-Paycheck Spender,มนุษย์เงินเดือนชนเดือน (สภาพคล่องจำกัดปลายเดือน),"First Jobber รายได้ 18,000–35,000 บาท ใช้ชีวิตเดือนชนเดือน ต้องการระบบออมเงินอัตโนมัติแบบไม่ต้องจดบันทึก และสามารถดึงเงินคืนเข้าบัญชีหลักได้ทันที 100% เมื่อถึงกำหนดจ่ายค่าเช่าหรือบิล",0.06,MODERATE,FLEXIBLE,7240.0,2800.0,1450.0,3200.0,11490.0,0.2262,0.0875,0.0453,ผ่อนห้องชุดคอนโดมิเนียม,ผ่อนค่างวดรถมอเตอร์ไซค์
ACC_1111,USER_0001,36000.0,684.7,4856.0,0.1349,0.206,3528.79,0,0,Paycheck-to-Paycheck Spender,มนุษย์เงินเดือนชนเดือน (สภาพคล่องจำกัดปลายเดือน),"First Jobber รายได้ 18,000–35,000 บาท ใช้ชีวิตเดือนชนเดือน ต้องการระบบออมเงินอัตโนมัติแบบไม่ต้องจดบันทึก และสามารถดึงเงินคืนเข้าบัญชีหลักได้ทันที 100% เมื่อถึงกำหนดจ่ายค่าเช่าหรือบิล",0.06,MODERATE,FLEXIBLE,11320.0,4090.0,2040.0,3300.0,17450.0,0.3144,0.1136,0.0567,เช่าคอนโดติดรถไฟฟ้า,ผ่อนบัตรเครดิต & สินเชื่อ
ACC_1112,USER_0002,36000.0,624.9,4952.0,0.1376,0.2983,3266.25,0,0,Paycheck-to-Paycheck Spender,มนุษย์เงินเดือนชนเดือน (สภาพคล่องจำกัดปลายเดือน),"First Jobber รายได้ 18,000–35,000 บาท ใช้ชีวิตเดือนชนเดือน ต้องการระบบออมเงินอัตโนมัติแบบไม่ต้องจดบันทึก และสามารถดึงเงินคืนเข้าบัญชีหลักได้ทันที 100% เมื่อถึงกำหนดจ่ายค่าเช่าหรือบิล",0.06,MODERATE,FLEXIBLE,10840.0,6290.0,1420.0,1800.0,18550.0,0.3011,0.1747,0.0394,เช่าอพาร์ตเมนต์ชานเมือง,ผ่อนหนี้ กยศ.
ACC_1113,USER_0003,20000.0,656.66,2166.8,0.1083,0.1687,17696.57,0,1,High-Yield Seeker Novice,ผู้แสวงหาผลตอบแทนสูง (มีเงินเก็บ ต้องการดอกเบี้ยสูง),"First Jobber รายได้ 24,000–45,000 บาท มีเงินเก็บก้อนแรก 30,000–100,000 บาท มองหาผลตอบแทนดอกเบี้ยสูง ป้องกันความเสี่ยงจากการหลอกลงทุนด้วย Protected Vault Protocol",0.12,HIGH,MAXIMUM,3660.0,0.0,1040.0,7000.0,4700.0,0.183,0.0,0.052,เช่าอพาร์ตเมนต์ราคาประหยัด,ไม่มีหนี้ผ่อนชำระ
ACC_1114,USER_0004,24000.0,558.39,850.0,0.0354,0.2291,4419.17,0,0,Paycheck-to-Paycheck Spender,มนุษย์เงินเดือนชนเดือน (สภาพคล่องจำกัดปลายเดือน),"First Jobber รายได้ 18,000–35,000 บาท ใช้ชีวิตเดือนชนเดือน ต้องการระบบออมเงินอัตโนมัติแบบไม่ต้องจดบันทึก และสามารถดึงเงินคืนเข้าบัญชีหลักได้ทันที 100% เมื่อถึงกำหนดจ่ายค่าเช่าหรือบิล",0.06,MODERATE,FLEXIBLE,7040.0,4310.0,1670.0,2600.0,13020.0,0.2933,0.1796,0.0696,เช่าคอนโดติดรถไฟฟ้า,ผ่อนหนี้ กยศ.
ACC_1115,USER_0005,24000.0,610.2,6076.0,0.2532,0.251,8428.55,0,1,High-Yield Seeker Novice,ผู้แสวงหาผลตอบแทนสูง (มีเงินเก็บ ต้องการดอกเบี้ยสูง),"First Jobber รายได้ 24,000–45,000 บาท มีเงินเก็บก้อนแรก 30,000–100,000 บาท มองหาผลตอบแทนดอกเบี้ยสูง ป้องกันความเสี่ยงจากการหลอกลงทุนด้วย Protected Vault Protocol",0.12,HIGH,MAXIMUM,4140.0,0.0,1580.0,9200.0,5720.0,0.1725,0.0,0.0658,เช่าห้องพักสไตล์มินิมอล,ไม่มีหนี้ผ่อนชำระ
ACC_1116,USER_0006,32000.0,564.54,6439.2,0.2012,0.1501,14363.18,0,0,Paycheck-to-Paycheck Spender,มนุษย์เงินเดือนชนเดือน (สภาพคล่องจำกัดปลายเดือน),"First Jobber รายได้ 18,000–35,000 บาท ใช้ชีวิตเดือนชนเดือน ต้องการระบบออมเงินอัตโนมัติแบบไม่ต้องจดบันทึก และสามารถดึงเงินคืนเข้าบัญชีหลักได้ทันที 100% เมื่อถึงกำหนดจ่ายค่าเช่าหรือบิล",0.06,MODERATE,FLEXIBLE,7770.0,4300.0,2200.0,2500.0,14270.0,0.2428,0.1344,0.0688,เช่าคอนโดติดรถไฟฟ้า,ผ่อนหนี้ กยศ.
ACC_1117,USER_0007,28000.0,596.23,2625.4,0.0938,0.2589,5874.65,0,0,Paycheck-to-Paycheck Spender,มนุษย์เงินเดือนชนเดือน (สภาพคล่องจำกัดปลายเดือน),"First Jobber รายได้ 18,000–35,000 บาท ใช้ชีวิตเดือนชนเดือน ต้องการระบบออมเงินอัตโนมัติแบบไม่ต้องจดบันทึก และสามารถดึงเงินคืนเข้าบัญชีหลักได้ทันที 100% เมื่อถึงกำหนดจ่ายค่าเช่าหรือบิล",0.06,MODERATE,FLEXIBLE,7870.0,3280.0,2300.0,1800.0,13450.0,0.2811,0.1171,0.0821,เช่าคอนโดติดรถไฟฟ้า,ผ่อนบัตรเครดิต & สินเชื่อ
ACC_1118,USER_0008,36000.0,523.34,9613.2,0.267,0.1147,14205.34,0,0,Paycheck-to-Paycheck Spender,มนุษย์เงินเดือนชนเดือน (สภาพคล่องจำกัดปลายเดือน),"First Jobber รายได้ 18,000–35,000 บาท ใช้ชีวิตเดือนชนเดือน ต้องการระบบออมเงินอัตโนมัติแบบไม่ต้องจดบันทึก และสามารถดึงเงินคืนเข้าบัญชีหลักได้ทันที 100% เมื่อถึงกำหนดจ่ายค่าเช่าหรือบิล",0.06,MODERATE,FLEXIBLE,9170.0,4430.0,2320.0,2500.0,15920.0,0.2547,0.1231,0.0644,เช่าคอนโดติดรถไฟฟ้า,ผ่อนหนี้ กยศ.
ACC_1119,USER_0009,24000.0,630.06,5468.8,0.2279,0.2827,4381.96,0,1,High-Yield Seeker Novice,ผู้แสวงหาผลตอบแทนสูง (มีเงินเก็บ ต้องการดอกเบี้ยสูง),"First Jobber รายได้ 24,000–45,000 บาท มีเงินเก็บก้อนแรก 30,000–100,000 บาท มองหาผลตอบแทนดอกเบี้ยสูง ป้องกันความเสี่ยงจากการหลอกลงทุนด้วย Protected Vault Protocol",0.12,HIGH,MAXIMUM,4470.0,0.0,1460.0,5800.0,5930.0,0.1862,0.0,0.0608,เช่าห้องพักสไตล์มินิมอล,ไม่มีหนี้ผ่อนชำระ
ACC_1120,USER_0010,32000.0,578.04,6189.2,0.1934,0.1621,13533.24,0,0,Paycheck-to-Paycheck Spender,มนุษย์เงินเดือนชนเดือน (สภาพคล่องจำกัดปลายเดือน),"First Jobber รายได้ 18,000–35,000 บาท ใช้ชีวิตเดือนชนเดือน ต้องการระบบออมเงินอัตโนมัติแบบไม่ต้องจดบันทึก และสามารถดึงเงินคืนเข้าบัญชีหลักได้ทันที 100% เมื่อถึงกำหนดจ่ายค่าเช่าหรือบิล",0.06,MODERATE,FLEXIBLE,9440.0,3320.0,1490.0,1900.0,14250.0,0.295,0.1038,0.0466,ผ่อนห้องชุดคอนโดมิเนียม,ผ่อนค่างวดรถมอเตอร์ไซค์
ACC_1121,USER_0011,36000.0,603.13,6847.4,0.1902,0.2661,9543.17,0,0,Paycheck-to-Paycheck Spender,มนุษย์เงินเดือนชนเดือน (สภาพคล่องจำกัดปลายเดือน),"First Jobber รายได้ 18,000–35,000 บาท ใช้ชีวิตเดือนชนเดือน ต้องการระบบออมเงินอัตโนมัติแบบไม่ต้องจดบันทึก และสามารถดึงเงินคืนเข้าบัญชีหลักได้ทันที 100% เมื่อถึงกำหนดจ่ายค่าเช่าหรือบิล",0.06,MODERATE,FLEXIBLE,9770.0,5920.0,1400.0,2900.0,17090.0,0.2714,0.1644,0.0389,ผ่อนห้องชุดคอนโดมิเนียม,ผ่อนหนี้ กยศ.
ACC_1122,USER_0012,24000.0,681.45,4141.0,0.1725,0.2616,12802.52,0,1,High-Yield Seeker Novice,ผู้แสวงหาผลตอบแทนสูง (มีเงินเก็บ ต้องการดอกเบี้ยสูง),"First Jobber รายได้ 24,000–45,000 บาท มีเงินเก็บก้อนแรก 30,000–100,000 บาท มองหาผลตอบแทนดอกเบี้ยสูง ป้องกันความเสี่ยงจากการหลอกลงทุนด้วย Protected Vault Protocol",0.12,HIGH,MAXIMUM,5040.0,0.0,1190.0,9600.0,6230.0,0.21,0.0,0.0496,พักกับครอบครัว/ที่บ้าน,ไม่มีหนี้ผ่อนชำระ
ACC_1123,USER_0013,24000.0,583.76,7064.8,0.2944,0.2787,7030.53,0,1,High-Yield Seeker Novice,ผู้แสวงหาผลตอบแทนสูง (มีเงินเก็บ ต้องการดอกเบี้ยสูง),"First Jobber รายได้ 24,000–45,000 บาท มีเงินเก็บก้อนแรก 30,000–100,000 บาท มองหาผลตอบแทนดอกเบี้ยสูง ป้องกันความเสี่ยงจากการหลอกลงทุนด้วย Protected Vault Protocol",0.12,HIGH,MAXIMUM,4070.0,0.0,1190.0,6700.0,5260.0,0.1696,0.0,0.0496,เช่าอพาร์ตเมนต์ราคาประหยัด,ไม่มีหนี้ผ่อนชำระ
ACC_1124,USER_0014,36000.0,602.34,8033.2,0.2231,0.2675,7061.17,0,0,Paycheck-to-Paycheck Spender,มนุษย์เงินเดือนชนเดือน (สภาพคล่องจำกัดปลายเดือน),"First Jobber รายได้ 18,000–35,000 บาท ใช้ชีวิตเดือนชนเดือน ต้องการระบบออมเงินอัตโนมัติแบบไม่ต้องจดบันทึก และสามารถดึงเงินคืนเข้าบัญชีหลักได้ทันที 100% เมื่อถึงกำหนดจ่ายค่าเช่าหรือบิล",0.06,MODERATE,FLEXIBLE,10510.0,3330.0,2080.0,2600.0,15920.0,0.2919,0.0925,0.0578,เช่าอพาร์ตเมนต์ชานเมือง,ผ่อนค่างวดรถมอเตอร์ไซค์
ACC_1125,USER_0015,28000.0,580.14,2007.2,0.0717,0.2627,16085.28,0,0,Paycheck-to-Paycheck Spender,มนุษย์เงินเดือนชนเดือน (สภาพคล่องจำกัดปลายเดือน),"First Jobber รายได้ 18,000–35,000 บาท ใช้ชีวิตเดือนชนเดือน ต้องการระบบออมเงินอัตโนมัติแบบไม่ต้องจดบันทึก และสามารถดึงเงินคืนเข้าบัญชีหลักได้ทันที 100% เมื่อถึงกำหนดจ่ายค่าเช่าหรือบิล",0.06,MODERATE,FLEXIBLE,8090.0,4580.0,1720.0,3300.0,14390.0,0.2889,0.1636,0.0614,เช่าอพาร์ตเมนต์ชานเมือง,ผ่อนหนี้ กยศ.
ACC_1126,USER_0016,20000.0,620.72,3565.6,0.1783,0.189,16029.82,0,1,High-Yield Seeker Novice,ผู้แสวงหาผลตอบแทนสูง (มีเงินเก็บ ต้องการดอกเบี้ยสูง),"First Jobber รายได้ 24,000–45,000 บาท มีเงินเก็บก้อนแรก 30,000–100,000 บาท มองหาผลตอบแทนดอกเบี้ยสูง ป้องกันความเสี่ยงจากการหลอกลงทุนด้วย Protected Vault Protocol",0.12,HIGH,MAXIMUM,3080.0,0.0,940.0,5800.0,4020.0,0.154,0.0,0.047,เช่าอพาร์ตเมนต์ราคาประหยัด,ไม่มีหนี้ผ่อนชำระ
ACC_1127,USER_0017,28000.0,619.41,4231.8,0.1511,0.2586,2587.67,0,0,Paycheck-to-Paycheck Spender,มนุษย์เงินเดือนชนเดือน (สภาพคล่องจำกัดปลายเดือน),"First Jobber รายได้ 18,000–35,000 บาท ใช้ชีวิตเดือนชนเดือน ต้องการระบบออมเงินอัตโนมัติแบบไม่ต้องจดบันทึก และสามารถดึงเงินคืนเข้าบัญชีหลักได้ทันที 100% เมื่อถึงกำหนดจ่ายค่าเช่าหรือบิล",0.06,MODERATE,FLEXIBLE,6300.0,3320.0,1760.0,2100.0,11380.0,0.225,0.1186,0.0629,เช่าอพาร์ตเมนต์ชานเมือง,ผ่อนบัตรเครดิต & สินเชื่อ
ACC_1128,USER_0018,36000.0,653.75,7255.0,0.2015,0.2491,13812.84,0,0,Paycheck-to-Paycheck Spender,มนุษย์เงินเดือนชนเดือน (สภาพคล่องจำกัดปลายเดือน),"First Jobber รายได้ 18,000–35,000 บาท ใช้ชีวิตเดือนชนเดือน ต้องการระบบออมเงินอัตโนมัติแบบไม่ต้องจดบันทึก และสามารถดึงเงินคืนเข้าบัญชีหลักได้ทันที 100% เมื่อถึงกำหนดจ่ายค่าเช่าหรือบิล",0.06,MODERATE,FLEXIBLE,10480.0,2900.0,2290.0,2500.0,15670.0,0.2911,0.0806,0.0636,เช่าอพาร์ตเมนต์ชานเมือง,ผ่อนสมาร์ตโฟน & แท็บเล็ต
ACC_1129,USER_0019,28000.0,634.7,1336.0,0.0477,0.2931,17832.27,0,0,Paycheck-to-Paycheck Spender,มนุษย์เงินเดือนชนเดือน (สภาพคล่องจำกัดปลายเดือน),"First Jobber รายได้ 18,000–35,000 บาท ใช้ชีวิตเดือนชนเดือน ต้องการระบบออมเงินอัตโนมัติแบบไม่ต้องจดบันทึก และสามารถดึงเงินคืนเข้าบัญชีหลักได้ทันที 100% เมื่อถึงกำหนดจ่ายค่าเช่าหรือบิล",0.06,MODERATE,FLEXIBLE,7620.0,4030.0,2320.0,2300.0,13970.0,0.2721,0.1439,0.0829,เช่าคอนโดติดรถไฟฟ้า,ผ่อนหนี้ กยศ.
ACC_1130,USER_0020,36000.0,618.23,6465.4,0.1796,0.2217,8065.3,0,0,Paycheck-to-Paycheck Spender,มนุษย์เงินเดือนชนเดือน (สภาพคล่องจำกัดปลายเดือน),"First Jobber รายได้ 18,000–35,000 บาท ใช้ชีวิตเดือนชนเดือน ต้องการระบบออมเงินอัตโนมัติแบบไม่ต้องจดบันทึก และสามารถดึงเงินคืนเข้าบัญชีหลักได้ทันที 100% เมื่อถึงกำหนดจ่ายค่าเช่าหรือบิล",0.06,MODERATE,FLEXIBLE,10980.0,4250.0,1940.0,1500.0,17170.0,0.305,0.1181,0.0539,เช่าอพาร์ตเมนต์ชานเมือง,ผ่อนสมาร์ตโฟน & แท็บเล็ต
ACC_1131,USER_0021,24000.0,627.86,5042.8,0.2101,0.2491,6940.28,0,1,High-Yield Seeker Novice,ผู้แสวงหาผลตอบแทนสูง (มีเงินเก็บ ต้องการดอกเบี้ยสูง),"First Jobber รายได้ 24,000–45,000 บาท มีเงินเก็บก้อนแรก 30,000–100,000 บาท มองหาผลตอบแทนดอกเบี้ยสูง ป้องกันความเสี่ยงจากการหลอกลงทุนด้วย Protected Vault Protocol",0.12,HIGH,MAXIMUM,5250.0,0.0,1150.0,8300.0,6400.0,0.2188,0.0,0.0479,พักกับครอบครัว/ที่บ้าน,ไม่มีหนี้ผ่อนชำระ
ACC_1132,USER_0022,32000.0,629.9,4052.0,0.1266,0.258,16234.73,0,0,Paycheck-to-Paycheck Spender,มนุษย์เงินเดือนชนเดือน (สภาพคล่องจำกัดปลายเดือน),"First Jobber รายได้ 18,000–35,000 บาท ใช้ชีวิตเดือนชนเดือน ต้องการระบบออมเงินอัตโนมัติแบบไม่ต้องจดบันทึก และสามารถดึงเงินคืนเข้าบัญชีหลักได้ทันที 100% เมื่อถึงกำหนดจ่ายค่าเช่าหรือบิล",0.06,MODERATE,FLEXIBLE,9740.0,4030.0,1580.0,1800.0,15350.0,0.3044,0.1259,0.0494,เช่าอพาร์ตเมนต์ชานเมือง,ผ่อนหนี้ กยศ.
ACC_1133,USER_0023,20000.0,565.35,4663.0,0.2332,0.2316,7197.38,0,1,High-Yield Seeker Novice,ผู้แสวงหาผลตอบแทนสูง (มีเงินเก็บ ต้องการดอกเบี้ยสูง),"First Jobber รายได้ 24,000–45,000 บาท มีเงินเก็บก้อนแรก 30,000–100,000 บาท มองหาผลตอบแทนดอกเบี้ยสูง ป้องกันความเสี่ยงจากการหลอกลงทุนด้วย Protected Vault Protocol",0.12,HIGH,MAXIMUM,2920.0,0.0,1110.0,7900.0,4030.0,0.146,0.0,0.0555,พักกับครอบครัว/ที่บ้าน,ไม่มีหนี้ผ่อนชำระ
ACC_1134,USER_0024,36000.0,559.35,10913.0,0.3031,0.2444,2555.48,0,0,Paycheck-to-Paycheck Spender,มนุษย์เงินเดือนชนเดือน (สภาพคล่องจำกัดปลายเดือน),"First Jobber รายได้ 18,000–35,000 บาท ใช้ชีวิตเดือนชนเดือน ต้องการระบบออมเงินอัตโนมัติแบบไม่ต้องจดบันทึก และสามารถดึงเงินคืนเข้าบัญชีหลักได้ทันที 100% เมื่อถึงกำหนดจ่ายค่าเช่าหรือบิล",0.06,MODERATE,FLEXIBLE,8370.0,3920.0,1610.0,1900.0,13900.0,0.2325,0.1089,0.0447,เช่าคอนโดติดรถไฟฟ้า,ผ่อนค่างวดรถมอเตอร์ไซค์
ACC_1135,USER_0025,28000.0,683.89,1562.2,0.0558,0.2573,5719.32,0,0,Paycheck-to-Paycheck Spender,มนุษย์เงินเดือนชนเดือน (สภาพคล่องจำกัดปลายเดือน),"First Jobber รายได้ 18,000–35,000 บาท ใช้ชีวิตเดือนชนเดือน ต้องการระบบออมเงินอัตโนมัติแบบไม่ต้องจดบันทึก และสามารถดึงเงินคืนเข้าบัญชีหลักได้ทันที 100% เมื่อถึงกำหนดจ่ายค่าเช่าหรือบิล",0.06,MODERATE,FLEXIBLE,8130.0,2850.0,1780.0,2300.0,12760.0,0.2904,0.1018,0.0636,ผ่อนห้องชุดคอนโดมิเนียม,ผ่อนหนี้ กยศ.
ACC_1136,USER_0026,36000.0,684.13,6377.4,0.1772,0.2337,4325.42,0,0,Paycheck-to-Paycheck Spender,มนุษย์เงินเดือนชนเดือน (สภาพคล่องจำกัดปลายเดือน),"First Jobber รายได้ 18,000–35,000 บาท ใช้ชีวิตเดือนชนเดือน ต้องการระบบออมเงินอัตโนมัติแบบไม่ต้องจดบันทึก และสามารถดึงเงินคืนเข้าบัญชีหลักได้ทันที 100% เมื่อถึงกำหนดจ่ายค่าเช่าหรือบิล",0.06,MODERATE,FLEXIBLE,10800.0,3750.0,1390.0,2100.0,15940.0,0.3,0.1042,0.0386,ผ่อนห้องชุดคอนโดมิเนียม,ผ่อนค่างวดรถมอเตอร์ไซค์
ACC_1137,USER_0027,24000.0,596.07,5058.6,0.2108,0.2222,14822.6,0,1,High-Yield Seeker Novice,ผู้แสวงหาผลตอบแทนสูง (มีเงินเก็บ ต้องการดอกเบี้ยสูง),"First Jobber รายได้ 24,000–45,000 บาท มีเงินเก็บก้อนแรก 30,000–100,000 บาท มองหาผลตอบแทนดอกเบี้ยสูง ป้องกันความเสี่ยงจากการหลอกลงทุนด้วย Protected Vault Protocol",0.12,HIGH,MAXIMUM,4330.0,1200.0,1490.0,9100.0,7020.0,0.1804,0.05,0.0621,เช่าอพาร์ตเมนต์ราคาประหยัด,ผ่อนอุปกรณ์ไอที/คอมพิวเตอร์
ACC_1138,USER_0028,28000.0,585.07,3718.6,0.1328,0.2098,4626.96,0,0,Paycheck-to-Paycheck Spender,มนุษย์เงินเดือนชนเดือน (สภาพคล่องจำกัดปลายเดือน),"First Jobber รายได้ 18,000–35,000 บาท ใช้ชีวิตเดือนชนเดือน ต้องการระบบออมเงินอัตโนมัติแบบไม่ต้องจดบันทึก และสามารถดึงเงินคืนเข้าบัญชีหลักได้ทันที 100% เมื่อถึงกำหนดจ่ายค่าเช่าหรือบิล",0.06,MODERATE,FLEXIBLE,8080.0,3120.0,1380.0,2900.0,12580.0,0.2886,0.1114,0.0493,เช่าคอนโดติดรถไฟฟ้า,ผ่อนบัตรเครดิต & สินเชื่อ
ACC_1139,USER_0029,24000.0,600.09,6478.2,0.2699,0.3235,5159.69,0,1,High-Yield Seeker Novice,ผู้แสวงหาผลตอบแทนสูง (มีเงินเก็บ ต้องการดอกเบี้ยสูง),"First Jobber รายได้ 24,000–45,000 บาท มีเงินเก็บก้อนแรก 30,000–100,000 บาท มองหาผลตอบแทนดอกเบี้ยสูง ป้องกันความเสี่ยงจากการหลอกลงทุนด้วย Protected Vault Protocol",0.12,HIGH,MAXIMUM,4150.0,0.0,1370.0,8700.0,5520.0,0.1729,0.0,0.0571,เช่าอพาร์ตเมนต์ราคาประหยัด,ไม่มีหนี้ผ่อนชำระ
ACC_1140,USER_0030,28000.0,652.24,1405.2,0.0502,0.2188,6252.29,0,0,Paycheck-to-Paycheck Spender,มนุษย์เงินเดือนชนเดือน (สภาพคล่องจำกัดปลายเดือน),"First Jobber รายได้ 18,000–35,000 บาท ใช้ชีวิตเดือนชนเดือน ต้องการระบบออมเงินอัตโนมัติแบบไม่ต้องจดบันทึก และสามารถดึงเงินคืนเข้าบัญชีหลักได้ทันที 100% เมื่อถึงกำหนดจ่ายค่าเช่าหรือบิล",0.06,MODERATE,FLEXIBLE,6540.0,4650.0,2360.0,3500.0,13550.0,0.2336,0.1661,0.0843,เช่าคอนโดติดรถไฟฟ้า,ผ่อนค่างวดรถมอเตอร์ไซค์
ACC_1141,USER_0031,36000.0,554.28,9414.4,0.2615,0.2492,5760.8,0,0,Paycheck-to-Paycheck Spender,มนุษย์เงินเดือนชนเดือน (สภาพคล่องจำกัดปลายเดือน),"First Jobber รายได้ 18,000–35,000 บาท ใช้ชีวิตเดือนชนเดือน ต้องการระบบออมเงินอัตโนมัติแบบไม่ต้องจดบันทึก และสามารถดึงเงินคืนเข้าบัญชีหลักได้ทันที 100% เมื่อถึงกำหนดจ่ายค่าเช่าหรือบิล",0.06,MODERATE,FLEXIBLE,10990.0,3070.0,1440.0,2600.0,15500.0,0.3053,0.0853,0.04,เช่าคอนโดติดรถไฟฟ้า,ผ่อนค่างวดรถมอเตอร์ไซค์
ACC_1142,USER_0032,28000.0,599.66,3356.8,0.1199,0.2195,16584.75,0,0,Paycheck-to-Paycheck Spender,มนุษย์เงินเดือนชนเดือน (สภาพคล่องจำกัดปลายเดือน),"First Jobber รายได้ 18,000–35,000 บาท ใช้ชีวิตเดือนชนเดือน ต้องการระบบออมเงินอัตโนมัติแบบไม่ต้องจดบันทึก และสามารถดึงเงินคืนเข้าบัญชีหลักได้ทันที 100% เมื่อถึงกำหนดจ่ายค่าเช่าหรือบิล",0.06,MODERATE,FLEXIBLE,7440.0,3350.0,1860.0,2600.0,12650.0,0.2657,0.1196,0.0664,ผ่อนห้องชุดคอนโดมิเนียม,ผ่อนหนี้ กยศ.
ACC_1143,USER_0033,36000.0,645.28,7244.4,0.2012,0.174,3139.56,0,0,Paycheck-to-Paycheck Spender,มนุษย์เงินเดือนชนเดือน (สภาพคล่องจำกัดปลายเดือน),"First Jobber รายได้ 18,000–35,000 บาท ใช้ชีวิตเดือนชนเดือน ต้องการระบบออมเงินอัตโนมัติแบบไม่ต้องจดบันทึก และสามารถดึงเงินคืนเข้าบัญชีหลักได้ทันที 100% เมื่อถึงกำหนดจ่ายค่าเช่าหรือบิล",0.06,MODERATE,FLEXIBLE,8860.0,4750.0,2240.0,1800.0,15850.0,0.2461,0.1319,0.0622,เช่าอพาร์ตเมนต์ชานเมือง,ผ่อนสมาร์ตโฟน & แท็บเล็ต
ACC_1144,USER_0034,36000.0,584.73,7995.4,0.2221,0.2935,8502.46,0,0,Paycheck-to-Paycheck Spender,มนุษย์เงินเดือนชนเดือน (สภาพคล่องจำกัดปลายเดือน),"First Jobber รายได้ 18,000–35,000 บาท ใช้ชีวิตเดือนชนเดือน ต้องการระบบออมเงินอัตโนมัติแบบไม่ต้องจดบันทึก และสามารถดึงเงินคืนเข้าบัญชีหลักได้ทันที 100% เมื่อถึงกำหนดจ่ายค่าเช่าหรือบิล",0.06,MODERATE,FLEXIBLE,10490.0,4480.0,1340.0,2400.0,16310.0,0.2914,0.1244,0.0372,เช่าคอนโดติดรถไฟฟ้า,ผ่อนสมาร์ตโฟน & แท็บเล็ต
ACC_1145,USER_0035,28000.0,546.1,3578.0,0.1278,0.181,17669.11,0,0,Paycheck-to-Paycheck Spender,มนุษย์เงินเดือนชนเดือน (สภาพคล่องจำกัดปลายเดือน),"First Jobber รายได้ 18,000–35,000 บาท ใช้ชีวิตเดือนชนเดือน ต้องการระบบออมเงินอัตโนมัติแบบไม่ต้องจดบันทึก และสามารถดึงเงินคืนเข้าบัญชีหลักได้ทันที 100% เมื่อถึงกำหนดจ่ายค่าเช่าหรือบิล",0.06,MODERATE,FLEXIBLE,8760.0,2590.0,2150.0,1600.0,13500.0,0.3129,0.0925,0.0768,เช่าคอนโดติดรถไฟฟ้า,ผ่อนค่างวดรถมอเตอร์ไซค์
ACC_1146,USER_0036,36000.0,605.64,6837.2,0.1899,0.2611,2015.73,0,0,Paycheck-to-Paycheck Spender,มนุษย์เงินเดือนชนเดือน (สภาพคล่องจำกัดปลายเดือน),"First Jobber รายได้ 18,000–35,000 บาท ใช้ชีวิตเดือนชนเดือน ต้องการระบบออมเงินอัตโนมัติแบบไม่ต้องจดบันทึก และสามารถดึงเงินคืนเข้าบัญชีหลักได้ทันที 100% เมื่อถึงกำหนดจ่ายค่าเช่าหรือบิล",0.06,MODERATE,FLEXIBLE,8400.0,6220.0,2430.0,2900.0,17050.0,0.2333,0.1728,0.0675,ผ่อนห้องชุดคอนโดมิเนียม,ผ่อนสมาร์ตโฟน & แท็บเล็ต
ACC_1147,USER_0037,24000.0,601.5,4490.0,0.1871,0.2094,8518.98,0,1,High-Yield Seeker Novice,ผู้แสวงหาผลตอบแทนสูง (มีเงินเก็บ ต้องการดอกเบี้ยสูง),"First Jobber รายได้ 24,000–45,000 บาท มีเงินเก็บก้อนแรก 30,000–100,000 บาท มองหาผลตอบแทนดอกเบี้ยสูง ป้องกันความเสี่ยงจากการหลอกลงทุนด้วย Protected Vault Protocol",0.12,HIGH,MAXIMUM,4850.0,1200.0,1430.0,5100.0,7480.0,0.2021,0.05,0.0596,เช่าห้องพักสไตล์มินิมอล,ผ่อนสมาร์ตโฟน 0%
ACC_1148,USER_0038,20000.0,595.73,2435.4,0.1218,0.2054,4098.93,0,1,High-Yield Seeker Novice,ผู้แสวงหาผลตอบแทนสูง (มีเงินเก็บ ต้องการดอกเบี้ยสูง),"First Jobber รายได้ 24,000–45,000 บาท มีเงินเก็บก้อนแรก 30,000–100,000 บาท มองหาผลตอบแทนดอกเบี้ยสูง ป้องกันความเสี่ยงจากการหลอกลงทุนด้วย Protected Vault Protocol",0.12,HIGH,MAXIMUM,3600.0,1000.0,1050.0,8900.0,5650.0,0.18,0.05,0.0525,เช่าห้องพักสไตล์มินิมอล,ผ่อนสมาร์ตโฟน 0%
ACC_1149,USER_0039,32000.0,594.74,5165.2,0.1614,0.2524,4491.3,0,0,Paycheck-to-Paycheck Spender,มนุษย์เงินเดือนชนเดือน (สภาพคล่องจำกัดปลายเดือน),"First Jobber รายได้ 18,000–35,000 บาท ใช้ชีวิตเดือนชนเดือน ต้องการระบบออมเงินอัตโนมัติแบบไม่ต้องจดบันทึก และสามารถดึงเงินคืนเข้าบัญชีหลักได้ทันที 100% เมื่อถึงกำหนดจ่ายค่าเช่าหรือบิล",0.06,MODERATE,FLEXIBLE,9680.0,2830.0,2430.0,2500.0,14940.0,0.3025,0.0884,0.0759,เช่าอพาร์ตเมนต์ชานเมือง,ผ่อนหนี้ กยศ.
ACC_1150,USER_0040,24000.0,681.58,4098.4,0.1708,0.2289,12912.09,0,1,High-Yield Seeker Novice,ผู้แสวงหาผลตอบแทนสูง (มีเงินเก็บ ต้องการดอกเบี้ยสูง),"First Jobber รายได้ 24,000–45,000 บาท มีเงินเก็บก้อนแรก 30,000–100,000 บาท มองหาผลตอบแทนดอกเบี้ยสูง ป้องกันความเสี่ยงจากการหลอกลงทุนด้วย Protected Vault Protocol",0.12,HIGH,MAXIMUM,3620.0,1200.0,1450.0,5400.0,6270.0,0.1508,0.05,0.0604,พักกับครอบครัว/ที่บ้าน,ผ่อนอุปกรณ์ไอที/คอมพิวเตอร์
ACC_1151,USER_0041,28000.0,584.79,3044.2,0.1087,0.2801,12527.55,0,0,Paycheck-to-Paycheck Spender,มนุษย์เงินเดือนชนเดือน (สภาพคล่องจำกัดปลายเดือน),"First Jobber รายได้ 18,000–35,000 บาท ใช้ชีวิตเดือนชนเดือน ต้องการระบบออมเงินอัตโนมัติแบบไม่ต้องจดบันทึก และสามารถดึงเงินคืนเข้าบัญชีหลักได้ทันที 100% เมื่อถึงกำหนดจ่ายค่าเช่าหรือบิล",0.06,MODERATE,FLEXIBLE,6570.0,4700.0,1990.0,2400.0,13260.0,0.2346,0.1679,0.0711,ผ่อนห้องชุดคอนโดมิเนียม,ผ่อนบัตรเครดิต & สินเชื่อ
ACC_1152,USER_0042,36000.0,629.39,4772.2,0.1326,0.1914,14052.17,0,0,Paycheck-to-Paycheck Spender,มนุษย์เงินเดือนชนเดือน (สภาพคล่องจำกัดปลายเดือน),"First Jobber รายได้ 18,000–35,000 บาท ใช้ชีวิตเดือนชนเดือน ต้องการระบบออมเงินอัตโนมัติแบบไม่ต้องจดบันทึก และสามารถดึงเงินคืนเข้าบัญชีหลักได้ทันที 100% เมื่อถึงกำหนดจ่ายค่าเช่าหรือบิล",0.06,MODERATE,FLEXIBLE,10260.0,6000.0,2380.0,2800.0,18640.0,0.285,0.1667,0.0661,ผ่อนห้องชุดคอนโดมิเนียม,ผ่อนสมาร์ตโฟน & แท็บเล็ต
ACC_1153,USER_0043,20000.0,554.81,4883.8,0.2442,0.2122,13002.22,0,1,High-Yield Seeker Novice,ผู้แสวงหาผลตอบแทนสูง (มีเงินเก็บ ต้องการดอกเบี้ยสูง),"First Jobber รายได้ 24,000–45,000 บาท มีเงินเก็บก้อนแรก 30,000–100,000 บาท มองหาผลตอบแทนดอกเบี้ยสูง ป้องกันความเสี่ยงจากการหลอกลงทุนด้วย Protected Vault Protocol",0.12,HIGH,MAXIMUM,2980.0,0.0,1040.0,5200.0,4020.0,0.149,0.0,0.052,เช่าห้องพักสไตล์มินิมอล,ไม่มีหนี้ผ่อนชำระ
ACC_1154,USER_0044,32000.0,593.95,6481.0,0.2025,0.2257,4018.47,0,0,Paycheck-to-Paycheck Spender,มนุษย์เงินเดือนชนเดือน (สภาพคล่องจำกัดปลายเดือน),"First Jobber รายได้ 18,000–35,000 บาท ใช้ชีวิตเดือนชนเดือน ต้องการระบบออมเงินอัตโนมัติแบบไม่ต้องจดบันทึก และสามารถดึงเงินคืนเข้าบัญชีหลักได้ทันที 100% เมื่อถึงกำหนดจ่ายค่าเช่าหรือบิล",0.06,MODERATE,FLEXIBLE,7470.0,3800.0,2370.0,3400.0,13640.0,0.2334,0.1188,0.0741,เช่าอพาร์ตเมนต์ชานเมือง,ผ่อนค่างวดรถมอเตอร์ไซค์
ACC_1155,USER_0045,32000.0,681.27,4404.6,0.1376,0.2552,11106.24,0,0,Paycheck-to-Paycheck Spender,มนุษย์เงินเดือนชนเดือน (สภาพคล่องจำกัดปลายเดือน),"First Jobber รายได้ 18,000–35,000 บาท ใช้ชีวิตเดือนชนเดือน ต้องการระบบออมเงินอัตโนมัติแบบไม่ต้องจดบันทึก และสามารถดึงเงินคืนเข้าบัญชีหลักได้ทันที 100% เมื่อถึงกำหนดจ่ายค่าเช่าหรือบิล",0.06,MODERATE,FLEXIBLE,7400.0,4910.0,1660.0,2800.0,13970.0,0.2312,0.1534,0.0519,ผ่อนห้องชุดคอนโดมิเนียม,ผ่อนหนี้ กยศ.
ACC_1156,USER_0046,28000.0,571.24,2985.2,0.1066,0.2158,10670.22,0,0,Paycheck-to-Paycheck Spender,มนุษย์เงินเดือนชนเดือน (สภาพคล่องจำกัดปลายเดือน),"First Jobber รายได้ 18,000–35,000 บาท ใช้ชีวิตเดือนชนเดือน ต้องการระบบออมเงินอัตโนมัติแบบไม่ต้องจดบันทึก และสามารถดึงเงินคืนเข้าบัญชีหลักได้ทันที 100% เมื่อถึงกำหนดจ่ายค่าเช่าหรือบิล",0.06,MODERATE,FLEXIBLE,8950.0,2980.0,1660.0,3400.0,13590.0,0.3196,0.1064,0.0593,เช่าคอนโดติดรถไฟฟ้า,ผ่อนสมาร์ตโฟน & แท็บเล็ต
ACC_1157,USER_0047,36000.0,580.43,6081.4,0.1689,0.2215,5158.74,0,0,Paycheck-to-Paycheck Spender,มนุษย์เงินเดือนชนเดือน (สภาพคล่องจำกัดปลายเดือน),"First Jobber รายได้ 18,000–35,000 บาท ใช้ชีวิตเดือนชนเดือน ต้องการระบบออมเงินอัตโนมัติแบบไม่ต้องจดบันทึก และสามารถดึงเงินคืนเข้าบัญชีหลักได้ทันที 100% เมื่อถึงกำหนดจ่ายค่าเช่าหรือบิล",0.06,MODERATE,FLEXIBLE,10430.0,5490.0,2390.0,3400.0,18310.0,0.2897,0.1525,0.0664,เช่าอพาร์ตเมนต์ชานเมือง,ผ่อนสมาร์ตโฟน & แท็บเล็ต
ACC_1158,USER_0048,24000.0,609.46,5790.8,0.2413,0.2578,11206.13,0,1,High-Yield Seeker Novice,ผู้แสวงหาผลตอบแทนสูง (มีเงินเก็บ ต้องการดอกเบี้ยสูง),"First Jobber รายได้ 24,000–45,000 บาท มีเงินเก็บก้อนแรก 30,000–100,000 บาท มองหาผลตอบแทนดอกเบี้ยสูง ป้องกันความเสี่ยงจากการหลอกลงทุนด้วย Protected Vault Protocol",0.12,HIGH,MAXIMUM,3490.0,1200.0,1330.0,8100.0,6020.0,0.1454,0.05,0.0554,เช่าอพาร์ตเมนต์ราคาประหยัด,ผ่อนสมาร์ตโฟน 0%
ACC_1159,USER_0049,36000.0,618.64,4457.2,0.1238,0.2469,4134.02,0,0,Paycheck-to-Paycheck Spender,มนุษย์เงินเดือนชนเดือน (สภาพคล่องจำกัดปลายเดือน),"First Jobber รายได้ 18,000–35,000 บาท ใช้ชีวิตเดือนชนเดือน ต้องการระบบออมเงินอัตโนมัติแบบไม่ต้องจดบันทึก และสามารถดึงเงินคืนเข้าบัญชีหลักได้ทันที 100% เมื่อถึงกำหนดจ่ายค่าเช่าหรือบิล",0.06,MODERATE,FLEXIBLE,10260.0,6420.0,2490.0,2400.0,19170.0,0.285,0.1783,0.0692,ผ่อนห้องชุดคอนโดมิเนียม,ผ่อนหนี้ กยศ.
ACC_1160,USER_0050,36000.0,621.09,6288.2,0.1747,0.2838,2198.19,0,0,Paycheck-to-Paycheck Spender,มนุษย์เงินเดือนชนเดือน (สภาพคล่องจำกัดปลายเดือน),"First Jobber รายได้ 18,000–35,000 บาท ใช้ชีวิตเดือนชนเดือน ต้องการระบบออมเงินอัตโนมัติแบบไม่ต้องจดบันทึก และสามารถดึงเงินคืนเข้าบัญชีหลักได้ทันที 100% เมื่อถึงกำหนดจ่ายค่าเช่าหรือบิล",0.06,MODERATE,FLEXIBLE,9220.0,5860.0,2210.0,2400.0,17290.0,0.2561,0.1628,0.0614,เช่าคอนโดติดรถไฟฟ้า,ผ่อนบัตรเครดิต & สินเชื่อ
ACC_1161,USER_0051,20000.0,630.72,2355.6,0.1178,0.1649,9439.77,0,1,High-Yield Seeker Novice,ผู้แสวงหาผลตอบแทนสูง (มีเงินเก็บ ต้องการดอกเบี้ยสูง),"First Jobber รายได้ 24,000–45,000 บาท มีเงินเก็บก้อนแรก 30,000–100,000 บาท มองหาผลตอบแทนดอกเบี้ยสูง ป้องกันความเสี่ยงจากการหลอกลงทุนด้วย Protected Vault Protocol",0.12,HIGH,MAXIMUM,3480.0,0.0,1550.0,8000.0,5030.0,0.174,0.0,0.0775,พักกับครอบครัว/ที่บ้าน,ไม่มีหนี้ผ่อนชำระ
ACC_1162,USER_0052,28000.0,637.32,850.0,0.0304,0.1736,13304.89,0,0,Paycheck-to-Paycheck Spender,มนุษย์เงินเดือนชนเดือน (สภาพคล่องจำกัดปลายเดือน),"First Jobber รายได้ 18,000–35,000 บาท ใช้ชีวิตเดือนชนเดือน ต้องการระบบออมเงินอัตโนมัติแบบไม่ต้องจดบันทึก และสามารถดึงเงินคืนเข้าบัญชีหลักได้ทันที 100% เมื่อถึงกำหนดจ่ายค่าเช่าหรือบิล",0.06,MODERATE,FLEXIBLE,8770.0,3190.0,2490.0,3500.0,14450.0,0.3132,0.1139,0.0889,เช่าคอนโดติดรถไฟฟ้า,ผ่อนสมาร์ตโฟน & แท็บเล็ต
ACC_1163,USER_0053,28000.0,664.2,850.0,0.0304,0.2227,8326.11,0,0,Paycheck-to-Paycheck Spender,มนุษย์เงินเดือนชนเดือน (สภาพคล่องจำกัดปลายเดือน),"First Jobber รายได้ 18,000–35,000 บาท ใช้ชีวิตเดือนชนเดือน ต้องการระบบออมเงินอัตโนมัติแบบไม่ต้องจดบันทึก และสามารถดึงเงินคืนเข้าบัญชีหลักได้ทันที 100% เมื่อถึงกำหนดจ่ายค่าเช่าหรือบิล",0.06,MODERATE,FLEXIBLE,8450.0,4340.0,2210.0,2100.0,15000.0,0.3018,0.155,0.0789,เช่าอพาร์ตเมนต์ชานเมือง,ผ่อนค่างวดรถมอเตอร์ไซค์
ACC_1164,USER_0054,32000.0,566.37,6412.6,0.2004,0.2022,2653.47,0,0,Paycheck-to-Paycheck Spender,มนุษย์เงินเดือนชนเดือน (สภาพคล่องจำกัดปลายเดือน),"First Jobber รายได้ 18,000–35,000 บาท ใช้ชีวิตเดือนชนเดือน ต้องการระบบออมเงินอัตโนมัติแบบไม่ต้องจดบันทึก และสามารถดึงเงินคืนเข้าบัญชีหลักได้ทันที 100% เมื่อถึงกำหนดจ่ายค่าเช่าหรือบิล",0.06,MODERATE,FLEXIBLE,8140.0,4690.0,1430.0,1500.0,14260.0,0.2544,0.1466,0.0447,ผ่อนห้องชุดคอนโดมิเนียม,ผ่อนค่างวดรถมอเตอร์ไซค์
ACC_1165,USER_0055,24000.0,573.3,850.0,0.0354,0.2168,7263.25,0,0,Paycheck-to-Paycheck Spender,มนุษย์เงินเดือนชนเดือน (สภาพคล่องจำกัดปลายเดือน),"First Jobber รายได้ 18,000–35,000 บาท ใช้ชีวิตเดือนชนเดือน ต้องการระบบออมเงินอัตโนมัติแบบไม่ต้องจดบันทึก และสามารถดึงเงินคืนเข้าบัญชีหลักได้ทันที 100% เมื่อถึงกำหนดจ่ายค่าเช่าหรือบิล",0.06,MODERATE,FLEXIBLE,7000.0,4250.0,2580.0,2500.0,13830.0,0.2917,0.1771,0.1075,เช่าอพาร์ตเมนต์ชานเมือง,ผ่อนสมาร์ตโฟน & แท็บเล็ต
ACC_1166,USER_0056,24000.0,537.15,7207.0,0.3003,0.2243,9396.35,0,1,High-Yield Seeker Novice,ผู้แสวงหาผลตอบแทนสูง (มีเงินเก็บ ต้องการดอกเบี้ยสูง),"First Jobber รายได้ 24,000–45,000 บาท มีเงินเก็บก้อนแรก 30,000–100,000 บาท มองหาผลตอบแทนดอกเบี้ยสูง ป้องกันความเสี่ยงจากการหลอกลงทุนด้วย Protected Vault Protocol",0.12,HIGH,MAXIMUM,4770.0,0.0,1280.0,5300.0,6050.0,0.1988,0.0,0.0533,เช่าห้องพักสไตล์มินิมอล,ไม่มีหนี้ผ่อนชำระ
ACC_1167,USER_0057,28000.0,546.6,3508.0,0.1253,0.2374,7719.66,0,0,Paycheck-to-Paycheck Spender,มนุษย์เงินเดือนชนเดือน (สภาพคล่องจำกัดปลายเดือน),"First Jobber รายได้ 18,000–35,000 บาท ใช้ชีวิตเดือนชนเดือน ต้องการระบบออมเงินอัตโนมัติแบบไม่ต้องจดบันทึก และสามารถดึงเงินคืนเข้าบัญชีหลักได้ทันที 100% เมื่อถึงกำหนดจ่ายค่าเช่าหรือบิล",0.06,MODERATE,FLEXIBLE,8620.0,2920.0,2020.0,1900.0,13560.0,0.3079,0.1043,0.0721,เช่าคอนโดติดรถไฟฟ้า,ผ่อนค่างวดรถมอเตอร์ไซค์
ACC_1168,USER_0058,36000.0,633.13,4017.4,0.1116,0.2531,8676.19,0,0,Paycheck-to-Paycheck Spender,มนุษย์เงินเดือนชนเดือน (สภาพคล่องจำกัดปลายเดือน),"First Jobber รายได้ 18,000–35,000 บาท ใช้ชีวิตเดือนชนเดือน ต้องการระบบออมเงินอัตโนมัติแบบไม่ต้องจดบันทึก และสามารถดึงเงินคืนเข้าบัญชีหลักได้ทันที 100% เมื่อถึงกำหนดจ่ายค่าเช่าหรือบิล",0.06,MODERATE,FLEXIBLE,11200.0,5830.0,2290.0,1600.0,19320.0,0.3111,0.1619,0.0636,เช่าอพาร์ตเมนต์ชานเมือง,ผ่อนสมาร์ตโฟน & แท็บเล็ต
ACC_1169,USER_0059,24000.0,602.32,6493.6,0.2706,0.2398,13971.57,0,1,High-Yield Seeker Novice,ผู้แสวงหาผลตอบแทนสูง (มีเงินเก็บ ต้องการดอกเบี้ยสูง),"First Jobber รายได้ 24,000–45,000 บาท มีเงินเก็บก้อนแรก 30,000–100,000 บาท มองหาผลตอบแทนดอกเบี้ยสูง ป้องกันความเสี่ยงจากการหลอกลงทุนด้วย Protected Vault Protocol",0.12,HIGH,MAXIMUM,4200.0,0.0,1260.0,5000.0,5460.0,0.175,0.0,0.0525,พักกับครอบครัว/ที่บ้าน,ไม่มีหนี้ผ่อนชำระ
ACC_1170,USER_0060,20000.0,607.84,1343.2,0.0672,0.2331,16199.37,0,1,High-Yield Seeker Novice,ผู้แสวงหาผลตอบแทนสูง (มีเงินเก็บ ต้องการดอกเบี้ยสูง),"First Jobber รายได้ 24,000–45,000 บาท มีเงินเก็บก้อนแรก 30,000–100,000 บาท มองหาผลตอบแทนดอกเบี้ยสูง ป้องกันความเสี่ยงจากการหลอกลงทุนด้วย Protected Vault Protocol",0.12,HIGH,MAXIMUM,4000.0,1000.0,1500.0,5500.0,6500.0,0.2,0.05,0.075,เช่าห้องพักสไตล์มินิมอล,ผ่อนอุปกรณ์ไอที/คอมพิวเตอร์
ACC_1171,USER_0061,32000.0,572.95,5181.0,0.1619,0.2057,10681.62,0,0,Paycheck-to-Paycheck Spender,มนุษย์เงินเดือนชนเดือน (สภาพคล่องจำกัดปลายเดือน),"First Jobber รายได้ 18,000–35,000 บาท ใช้ชีวิตเดือนชนเดือน ต้องการระบบออมเงินอัตโนมัติแบบไม่ต้องจดบันทึก และสามารถดึงเงินคืนเข้าบัญชีหลักได้ทันที 100% เมื่อถึงกำหนดจ่ายค่าเช่าหรือบิล",0.06,MODERATE,FLEXIBLE,10070.0,3830.0,1460.0,2600.0,15360.0,0.3147,0.1197,0.0456,เช่าอพาร์ตเมนต์ชานเมือง,ผ่อนหนี้ กยศ.
ACC_1172,USER_0062,28000.0,670.92,1231.6,0.044,0.218,15780.85,0,0,Paycheck-to-Paycheck Spender,มนุษย์เงินเดือนชนเดือน (สภาพคล่องจำกัดปลายเดือน),"First Jobber รายได้ 18,000–35,000 บาท ใช้ชีวิตเดือนชนเดือน ต้องการระบบออมเงินอัตโนมัติแบบไม่ต้องจดบันทึก และสามารถดึงเงินคืนเข้าบัญชีหลักได้ทันที 100% เมื่อถึงกำหนดจ่ายค่าเช่าหรือบิล",0.06,MODERATE,FLEXIBLE,8450.0,3150.0,1750.0,2700.0,13350.0,0.3018,0.1125,0.0625,เช่าคอนโดติดรถไฟฟ้า,ผ่อนสมาร์ตโฟน & แท็บเล็ต
ACC_1173,USER_0063,32000.0,581.58,6138.4,0.1918,0.266,8775.72,0,0,Paycheck-to-Paycheck Spender,มนุษย์เงินเดือนชนเดือน (สภาพคล่องจำกัดปลายเดือน),"First Jobber รายได้ 18,000–35,000 บาท ใช้ชีวิตเดือนชนเดือน ต้องการระบบออมเงินอัตโนมัติแบบไม่ต้องจดบันทึก และสามารถดึงเงินคืนเข้าบัญชีหลักได้ทันที 100% เมื่อถึงกำหนดจ่ายค่าเช่าหรือบิล",0.06,MODERATE,FLEXIBLE,8450.0,3390.0,2390.0,2900.0,14230.0,0.2641,0.1059,0.0747,เช่าคอนโดติดรถไฟฟ้า,ผ่อนบัตรเครดิต & สินเชื่อ
ACC_1174,USER_0064,28000.0,662.49,850.0,0.0304,0.2736,11492.57,0,0,Paycheck-to-Paycheck Spender,มนุษย์เงินเดือนชนเดือน (สภาพคล่องจำกัดปลายเดือน),"First Jobber รายได้ 18,000–35,000 บาท ใช้ชีวิตเดือนชนเดือน ต้องการระบบออมเงินอัตโนมัติแบบไม่ต้องจดบันทึก และสามารถดึงเงินคืนเข้าบัญชีหลักได้ทันที 100% เมื่อถึงกำหนดจ่ายค่าเช่าหรือบิล",0.06,MODERATE,FLEXIBLE,8660.0,4170.0,1670.0,2900.0,14500.0,0.3093,0.1489,0.0596,เช่าอพาร์ตเมนต์ชานเมือง,ผ่อนบัตรเครดิต & สินเชื่อ
ACC_1175,USER_0065,24000.0,567.52,5719.6,0.2383,0.3006,13342.66,0,1,High-Yield Seeker Novice,ผู้แสวงหาผลตอบแทนสูง (มีเงินเก็บ ต้องการดอกเบี้ยสูง),"First Jobber รายได้ 24,000–45,000 บาท มีเงินเก็บก้อนแรก 30,000–100,000 บาท มองหาผลตอบแทนดอกเบี้ยสูง ป้องกันความเสี่ยงจากการหลอกลงทุนด้วย Protected Vault Protocol",0.12,HIGH,MAXIMUM,4820.0,1200.0,910.0,7300.0,6930.0,0.2008,0.05,0.0379,เช่าห้องพักสไตล์มินิมอล,ผ่อนอุปกรณ์ไอที/คอมพิวเตอร์
ACC_1176,USER_0066,32000.0,640.66,4886.8,0.1527,0.2795,11458.41,0,0,Paycheck-to-Paycheck Spender,มนุษย์เงินเดือนชนเดือน (สภาพคล่องจำกัดปลายเดือน),"First Jobber รายได้ 18,000–35,000 บาท ใช้ชีวิตเดือนชนเดือน ต้องการระบบออมเงินอัตโนมัติแบบไม่ต้องจดบันทึก และสามารถดึงเงินคืนเข้าบัญชีหลักได้ทันที 100% เมื่อถึงกำหนดจ่ายค่าเช่าหรือบิล",0.06,MODERATE,FLEXIBLE,8090.0,4490.0,1720.0,3100.0,14300.0,0.2528,0.1403,0.0538,เช่าอพาร์ตเมนต์ชานเมือง,ผ่อนสมาร์ตโฟน & แท็บเล็ต
ACC_1177,USER_0067,20000.0,557.06,2648.8,0.1324,0.1738,6680.71,0,1,High-Yield Seeker Novice,ผู้แสวงหาผลตอบแทนสูง (มีเงินเก็บ ต้องการดอกเบี้ยสูง),"First Jobber รายได้ 24,000–45,000 บาท มีเงินเก็บก้อนแรก 30,000–100,000 บาท มองหาผลตอบแทนดอกเบี้ยสูง ป้องกันความเสี่ยงจากการหลอกลงทุนด้วย Protected Vault Protocol",0.12,HIGH,MAXIMUM,3860.0,1000.0,1350.0,7200.0,6210.0,0.193,0.05,0.0675,เช่าห้องพักสไตล์มินิมอล,ผ่อนสมาร์ตโฟน 0%
ACC_1178,USER_0068,32000.0,691.61,3147.8,0.0984,0.2699,17114.4,0,0,Paycheck-to-Paycheck Spender,มนุษย์เงินเดือนชนเดือน (สภาพคล่องจำกัดปลายเดือน),"First Jobber รายได้ 18,000–35,000 บาท ใช้ชีวิตเดือนชนเดือน ต้องการระบบออมเงินอัตโนมัติแบบไม่ต้องจดบันทึก และสามารถดึงเงินคืนเข้าบัญชีหลักได้ทันที 100% เมื่อถึงกำหนดจ่ายค่าเช่าหรือบิล",0.06,MODERATE,FLEXIBLE,8050.0,5630.0,1340.0,2700.0,15020.0,0.2516,0.1759,0.0419,ผ่อนห้องชุดคอนโดมิเนียม,ผ่อนหนี้ กยศ.
ACC_1179,USER_0069,28000.0,620.73,3095.4,0.1106,0.2781,8971.76,0,0,Paycheck-to-Paycheck Spender,มนุษย์เงินเดือนชนเดือน (สภาพคล่องจำกัดปลายเดือน),"First Jobber รายได้ 18,000–35,000 บาท ใช้ชีวิตเดือนชนเดือน ต้องการระบบออมเงินอัตโนมัติแบบไม่ต้องจดบันทึก และสามารถดึงเงินคืนเข้าบัญชีหลักได้ทันที 100% เมื่อถึงกำหนดจ่ายค่าเช่าหรือบิล",0.06,MODERATE,FLEXIBLE,8150.0,2730.0,1610.0,2500.0,12490.0,0.2911,0.0975,0.0575,เช่าอพาร์ตเมนต์ชานเมือง,ผ่อนบัตรเครดิต & สินเชื่อ
ACC_1180,USER_0070,28000.0,561.11,5097.8,0.1821,0.2697,9017.73,0,0,Paycheck-to-Paycheck Spender,มนุษย์เงินเดือนชนเดือน (สภาพคล่องจำกัดปลายเดือน),"First Jobber รายได้ 18,000–35,000 บาท ใช้ชีวิตเดือนชนเดือน ต้องการระบบออมเงินอัตโนมัติแบบไม่ต้องจดบันทึก และสามารถดึงเงินคืนเข้าบัญชีหลักได้ทันที 100% เมื่อถึงกำหนดจ่ายค่าเช่าหรือบิล",0.06,MODERATE,FLEXIBLE,6750.0,2640.0,2290.0,2500.0,11680.0,0.2411,0.0943,0.0818,ผ่อนห้องชุดคอนโดมิเนียม,ผ่อนบัตรเครดิต & สินเชื่อ
ACC_1181,USER_0071,32000.0,637.3,3934.0,0.1229,0.1937,8898.43,0,0,Paycheck-to-Paycheck Spender,มนุษย์เงินเดือนชนเดือน (สภาพคล่องจำกัดปลายเดือน),"First Jobber รายได้ 18,000–35,000 บาท ใช้ชีวิตเดือนชนเดือน ต้องการระบบออมเงินอัตโนมัติแบบไม่ต้องจดบันทึก และสามารถดึงเงินคืนเข้าบัญชีหลักได้ทันที 100% เมื่อถึงกำหนดจ่ายค่าเช่าหรือบิล",0.06,MODERATE,FLEXIBLE,7850.0,5420.0,2050.0,2200.0,15320.0,0.2453,0.1694,0.0641,เช่าคอนโดติดรถไฟฟ้า,ผ่อนหนี้ กยศ.
ACC_1182,USER_0072,32000.0,638.68,2616.4,0.0818,0.2109,13569.18,0,0,Paycheck-to-Paycheck Spender,มนุษย์เงินเดือนชนเดือน (สภาพคล่องจำกัดปลายเดือน),"First Jobber รายได้ 18,000–35,000 บาท ใช้ชีวิตเดือนชนเดือน ต้องการระบบออมเงินอัตโนมัติแบบไม่ต้องจดบันทึก และสามารถดึงเงินคืนเข้าบัญชีหลักได้ทันที 100% เมื่อถึงกำหนดจ่ายค่าเช่าหรือบิล",0.06,MODERATE,FLEXIBLE,8620.0,5480.0,2510.0,1800.0,16610.0,0.2694,0.1713,0.0784,ผ่อนห้องชุดคอนโดมิเนียม,ผ่อนสมาร์ตโฟน & แท็บเล็ต
ACC_1183,USER_0073,28000.0,645.23,850.0,0.0304,0.2815,9507.27,0,0,Paycheck-to-Paycheck Spender,มนุษย์เงินเดือนชนเดือน (สภาพคล่องจำกัดปลายเดือน),"First Jobber รายได้ 18,000–35,000 บาท ใช้ชีวิตเดือนชนเดือน ต้องการระบบออมเงินอัตโนมัติแบบไม่ต้องจดบันทึก และสามารถดึงเงินคืนเข้าบัญชีหลักได้ทันที 100% เมื่อถึงกำหนดจ่ายค่าเช่าหรือบิล",0.06,MODERATE,FLEXIBLE,8920.0,4780.0,1370.0,3200.0,15070.0,0.3186,0.1707,0.0489,ผ่อนห้องชุดคอนโดมิเนียม,ผ่อนหนี้ กยศ.
ACC_1184,USER_0074,24000.0,613.66,4706.8,0.1961,0.2086,9556.22,0,1,High-Yield Seeker Novice,ผู้แสวงหาผลตอบแทนสูง (มีเงินเก็บ ต้องการดอกเบี้ยสูง),"First Jobber รายได้ 24,000–45,000 บาท มีเงินเก็บก้อนแรก 30,000–100,000 บาท มองหาผลตอบแทนดอกเบี้ยสูง ป้องกันความเสี่ยงจากการหลอกลงทุนด้วย Protected Vault Protocol",0.12,HIGH,MAXIMUM,3860.0,2160.0,1000.0,9700.0,7020.0,0.1608,0.09,0.0417,พักกับครอบครัว/ที่บ้าน,ผ่อนสมาร์ตโฟน 0%
ACC_1185,USER_0075,20000.0,554.35,3873.0,0.1936,0.2257,3767.75,0,1,High-Yield Seeker Novice,ผู้แสวงหาผลตอบแทนสูง (มีเงินเก็บ ต้องการดอกเบี้ยสูง),"First Jobber รายได้ 24,000–45,000 บาท มีเงินเก็บก้อนแรก 30,000–100,000 บาท มองหาผลตอบแทนดอกเบี้ยสูง ป้องกันความเสี่ยงจากการหลอกลงทุนด้วย Protected Vault Protocol",0.12,HIGH,MAXIMUM,3780.0,0.0,1260.0,8300.0,5040.0,0.189,0.0,0.063,เช่าห้องพักสไตล์มินิมอล,ไม่มีหนี้ผ่อนชำระ
ACC_1186,USER_0076,36000.0,582.86,10082.8,0.2801,0.2365,13464.2,0,0,Paycheck-to-Paycheck Spender,มนุษย์เงินเดือนชนเดือน (สภาพคล่องจำกัดปลายเดือน),"First Jobber รายได้ 18,000–35,000 บาท ใช้ชีวิตเดือนชนเดือน ต้องการระบบออมเงินอัตโนมัติแบบไม่ต้องจดบันทึก และสามารถดึงเงินคืนเข้าบัญชีหลักได้ทันที 100% เมื่อถึงกำหนดจ่ายค่าเช่าหรือบิล",0.06,MODERATE,FLEXIBLE,9010.0,3560.0,1690.0,1700.0,14260.0,0.2503,0.0989,0.0469,เช่าคอนโดติดรถไฟฟ้า,ผ่อนหนี้ กยศ.
ACC_1187,USER_0077,36000.0,637.7,8216.0,0.2282,0.2955,16037.34,0,0,Paycheck-to-Paycheck Spender,มนุษย์เงินเดือนชนเดือน (สภาพคล่องจำกัดปลายเดือน),"First Jobber รายได้ 18,000–35,000 บาท ใช้ชีวิตเดือนชนเดือน ต้องการระบบออมเงินอัตโนมัติแบบไม่ต้องจดบันทึก และสามารถดึงเงินคืนเข้าบัญชีหลักได้ทันที 100% เมื่อถึงกำหนดจ่ายค่าเช่าหรือบิล",0.06,MODERATE,FLEXIBLE,8300.0,4400.0,2330.0,1800.0,15030.0,0.2306,0.1222,0.0647,เช่าอพาร์ตเมนต์ชานเมือง,ผ่อนค่างวดรถมอเตอร์ไซค์
ACC_1188,USER_0078,20000.0,614.68,2956.4,0.1478,0.257,4940.26,0,1,High-Yield Seeker Novice,ผู้แสวงหาผลตอบแทนสูง (มีเงินเก็บ ต้องการดอกเบี้ยสูง),"First Jobber รายได้ 24,000–45,000 บาท มีเงินเก็บก้อนแรก 30,000–100,000 บาท มองหาผลตอบแทนดอกเบี้ยสูง ป้องกันความเสี่ยงจากการหลอกลงทุนด้วย Protected Vault Protocol",0.12,HIGH,MAXIMUM,3830.0,0.0,920.0,5400.0,4750.0,0.1915,0.0,0.046,เช่าห้องพักสไตล์มินิมอล,ไม่มีหนี้ผ่อนชำระ
ACC_1189,USER_0079,36000.0,553.41,11311.8,0.3142,0.2785,15350.03,0,0,Paycheck-to-Paycheck Spender,มนุษย์เงินเดือนชนเดือน (สภาพคล่องจำกัดปลายเดือน),"First Jobber รายได้ 18,000–35,000 บาท ใช้ชีวิตเดือนชนเดือน ต้องการระบบออมเงินอัตโนมัติแบบไม่ต้องจดบันทึก และสามารถดึงเงินคืนเข้าบัญชีหลักได้ทันที 100% เมื่อถึงกำหนดจ่ายค่าเช่าหรือบิล",0.06,MODERATE,FLEXIBLE,8510.0,3330.0,1780.0,2000.0,13620.0,0.2364,0.0925,0.0494,ผ่อนห้องชุดคอนโดมิเนียม,ผ่อนหนี้ กยศ.
ACC_1190,USER_0080,36000.0,607.42,10061.6,0.2795,0.2005,8746.44,0,0,Paycheck-to-Paycheck Spender,มนุษย์เงินเดือนชนเดือน (สภาพคล่องจำกัดปลายเดือน),"First Jobber รายได้ 18,000–35,000 บาท ใช้ชีวิตเดือนชนเดือน ต้องการระบบออมเงินอัตโนมัติแบบไม่ต้องจดบันทึก และสามารถดึงเงินคืนเข้าบัญชีหลักได้ทันที 100% เมื่อถึงกำหนดจ่ายค่าเช่าหรือบิล",0.06,MODERATE,FLEXIBLE,8880.0,3020.0,1890.0,3300.0,13790.0,0.2467,0.0839,0.0525,ผ่อนห้องชุดคอนโดมิเนียม,ผ่อนหนี้ กยศ.
ACC_1191,USER_0081,20000.0,634.91,850.0,0.0425,0.2753,12846.01,0,1,High-Yield Seeker Novice,ผู้แสวงหาผลตอบแทนสูง (มีเงินเก็บ ต้องการดอกเบี้ยสูง),"First Jobber รายได้ 24,000–45,000 บาท มีเงินเก็บก้อนแรก 30,000–100,000 บาท มองหาผลตอบแทนดอกเบี้ยสูง ป้องกันความเสี่ยงจากการหลอกลงทุนด้วย Protected Vault Protocol",0.12,HIGH,MAXIMUM,4130.0,1800.0,970.0,8300.0,6900.0,0.2065,0.09,0.0485,พักกับครอบครัว/ที่บ้าน,ผ่อนอุปกรณ์ไอที/คอมพิวเตอร์
ACC_1192,USER_0082,28000.0,613.24,850.0,0.0304,0.2405,17737.26,0,0,Paycheck-to-Paycheck Spender,มนุษย์เงินเดือนชนเดือน (สภาพคล่องจำกัดปลายเดือน),"First Jobber รายได้ 18,000–35,000 บาท ใช้ชีวิตเดือนชนเดือน ต้องการระบบออมเงินอัตโนมัติแบบไม่ต้องจดบันทึก และสามารถดึงเงินคืนเข้าบัญชีหลักได้ทันที 100% เมื่อถึงกำหนดจ่ายค่าเช่าหรือบิล",0.06,MODERATE,FLEXIBLE,8900.0,5000.0,2190.0,2000.0,16090.0,0.3179,0.1786,0.0782,เช่าอพาร์ตเมนต์ชานเมือง,ผ่อนหนี้ กยศ.
ACC_1193,USER_0083,36000.0,626.15,6417.0,0.1782,0.1898,17585.14,0,0,Paycheck-to-Paycheck Spender,มนุษย์เงินเดือนชนเดือน (สภาพคล่องจำกัดปลายเดือน),"First Jobber รายได้ 18,000–35,000 บาท ใช้ชีวิตเดือนชนเดือน ต้องการระบบออมเงินอัตโนมัติแบบไม่ต้องจดบันทึก และสามารถดึงเงินคืนเข้าบัญชีหลักได้ทันที 100% เมื่อถึงกำหนดจ่ายค่าเช่าหรือบิล",0.06,MODERATE,FLEXIBLE,8730.0,5970.0,2360.0,2400.0,17060.0,0.2425,0.1658,0.0656,เช่าคอนโดติดรถไฟฟ้า,ผ่อนหนี้ กยศ.
ACC_1194,USER_0084,32000.0,614.24,7115.2,0.2224,0.1863,15465.96,0,0,Paycheck-to-Paycheck Spender,มนุษย์เงินเดือนชนเดือน (สภาพคล่องจำกัดปลายเดือน),"First Jobber รายได้ 18,000–35,000 บาท ใช้ชีวิตเดือนชนเดือน ต้องการระบบออมเงินอัตโนมัติแบบไม่ต้องจดบันทึก และสามารถดึงเงินคืนเข้าบัญชีหลักได้ทันที 100% เมื่อถึงกำหนดจ่ายค่าเช่าหรือบิล",0.06,MODERATE,FLEXIBLE,7740.0,2810.0,2050.0,1700.0,12600.0,0.2419,0.0878,0.0641,เช่าอพาร์ตเมนต์ชานเมือง,ผ่อนหนี้ กยศ.
ACC_1195,USER_0085,24000.0,595.74,4825.2,0.201,0.2645,14362.84,0,1,High-Yield Seeker Novice,ผู้แสวงหาผลตอบแทนสูง (มีเงินเก็บ ต้องการดอกเบี้ยสูง),"First Jobber รายได้ 24,000–45,000 บาท มีเงินเก็บก้อนแรก 30,000–100,000 บาท มองหาผลตอบแทนดอกเบี้ยสูง ป้องกันความเสี่ยงจากการหลอกลงทุนด้วย Protected Vault Protocol",0.12,HIGH,MAXIMUM,3700.0,2160.0,1400.0,5900.0,7260.0,0.1542,0.09,0.0583,พักกับครอบครัว/ที่บ้าน,ผ่อนสมาร์ตโฟน 0%
ACC_1196,USER_0086,24000.0,540.99,8330.2,0.3471,0.2156,11451.55,0,1,High-Yield Seeker Novice,ผู้แสวงหาผลตอบแทนสูง (มีเงินเก็บ ต้องการดอกเบี้ยสูง),"First Jobber รายได้ 24,000–45,000 บาท มีเงินเก็บก้อนแรก 30,000–100,000 บาท มองหาผลตอบแทนดอกเบี้ยสูง ป้องกันความเสี่ยงจากการหลอกลงทุนด้วย Protected Vault Protocol",0.12,HIGH,MAXIMUM,3880.0,0.0,970.0,6400.0,4850.0,0.1617,0.0,0.0404,พักกับครอบครัว/ที่บ้าน,ไม่มีหนี้ผ่อนชำระ
ACC_1197,USER_0087,36000.0,584.67,9026.6,0.2507,0.2073,16400.11,0,0,Paycheck-to-Paycheck Spender,มนุษย์เงินเดือนชนเดือน (สภาพคล่องจำกัดปลายเดือน),"First Jobber รายได้ 18,000–35,000 บาท ใช้ชีวิตเดือนชนเดือน ต้องการระบบออมเงินอัตโนมัติแบบไม่ต้องจดบันทึก และสามารถดึงเงินคืนเข้าบัญชีหลักได้ทันที 100% เมื่อถึงกำหนดจ่ายค่าเช่าหรือบิล",0.06,MODERATE,FLEXIBLE,10510.0,2980.0,1790.0,2800.0,15280.0,0.2919,0.0828,0.0497,เช่าคอนโดติดรถไฟฟ้า,ผ่อนบัตรเครดิต & สินเชื่อ
ACC_1198,USER_0088,24000.0,554.85,6623.0,0.276,0.193,11872.91,0,1,High-Yield Seeker Novice,ผู้แสวงหาผลตอบแทนสูง (มีเงินเก็บ ต้องการดอกเบี้ยสูง),"First Jobber รายได้ 24,000–45,000 บาท มีเงินเก็บก้อนแรก 30,000–100,000 บาท มองหาผลตอบแทนดอกเบี้ยสูง ป้องกันความเสี่ยงจากการหลอกลงทุนด้วย Protected Vault Protocol",0.12,HIGH,MAXIMUM,4940.0,0.0,1340.0,6700.0,6280.0,0.2058,0.0,0.0558,พักกับครอบครัว/ที่บ้าน,ไม่มีหนี้ผ่อนชำระ
ACC_1199,USER_0089,36000.0,641.46,9520.8,0.2645,0.2874,11784.86,0,0,Paycheck-to-Paycheck Spender,มนุษย์เงินเดือนชนเดือน (สภาพคล่องจำกัดปลายเดือน),"First Jobber รายได้ 18,000–35,000 บาท ใช้ชีวิตเดือนชนเดือน ต้องการระบบออมเงินอัตโนมัติแบบไม่ต้องจดบันทึก และสามารถดึงเงินคืนเข้าบัญชีหลักได้ทันที 100% เมื่อถึงกำหนดจ่ายค่าเช่าหรือบิล",0.06,MODERATE,FLEXIBLE,8550.0,3050.0,2050.0,3300.0,13650.0,0.2375,0.0847,0.0569,เช่าอพาร์ตเมนต์ชานเมือง,ผ่อนค่างวดรถมอเตอร์ไซค์
